m,r,Nr_prime_support,Nr_factorization,pi_complete_order_omega,missing_from_target_support,extra_primes
1,2,2,2^1,0,"3,5,7,11,13,17,19,23,29,31,37,41,43,47,53,59",
2,2,"2,3",2^1 * 3^1,0,"5,7,11,13,17,19,23,29,31,37,41,43,47,53,59",
3,2,"2,3",2^2 * 3^1,0,"5,7,11,13,17,19,23,29,31,37,41,43,47,53,59",
4,2,"2,5",2^2 * 5^1,0,"3,7,11,13,17,19,23,29,31,37,41,43,47,53,59",
5,2,"2,3,5",2^1 * 3^1 * 5^1,0,"7,11,13,17,19,23,29,31,37,41,43,47,53,59",
6,2,"2,3,7",2^1 * 3^1 * 7^1,0,"5,11,13,17,19,23,29,31,37,41,43,47,53,59",
7,2,"2,7",2^3 * 7^1,0,"3,5,11,13,17,19,23,29,31,37,41,43,47,53,59",
8,2,"2,3",2^3 * 3^2,0,"5,7,11,13,17,19,23,29,31,37,41,43,47,53,59",
9,2,"2,3,5",2^1 * 3^2 * 5^1,0,"7,11,13,17,19,23,29,31,37,41,43,47,53,59",
10,2,"2,5,11",2^1 * 5^1 * 11^1,0,"3,7,13,17,19,23,29,31,37,41,43,47,53,59",
11,2,"2,3,11",2^2 * 3^1 * 11^1,0,"5,7,13,17,19,23,29,31,37,41,43,47,53,59",
12,2,"2,3,13",2^2 * 3^1 * 13^1,0,"5,7,11,17,19,23,29,31,37,41,43,47,53,59",
13,2,"2,7,13",2^1 * 7^1 * 13^1,0,"3,5,11,17,19,23,29,31,37,41,43,47,53,59",
14,2,"2,3,5,7",2^1 * 3^1 * 5^1 * 7^1,0,"11,13,17,19,23,29,31,37,41,43,47,53,59",
15,2,"2,3,5",2^4 * 3^1 * 5^1,0,"7,11,13,17,19,23,29,31,37,41,43,47,53,59",
16,2,"2,17",2^4 * 17^1,0,"3,5,7,11,13,19,23,29,31,37,41,43,47,53,59",
17,2,"2,3,17",2^1 * 3^2 * 17^1,0,"5,7,11,13,19,23,29,31,37,41,43,47,53,59",
18,2,"2,3,19",2^1 * 3^2 * 19^1,0,"5,7,11,13,17,23,29,31,37,41,43,47,53,59",
19,2,"2,5,19",2^2 * 5^1 * 19^1,0,"3,7,11,13,17,23,29,31,37,41,43,47,53,59",
20,2,"2,3,5,7",2^2 * 3^1 * 5^1 * 7^1,0,"11,13,17,19,23,29,31,37,41,43,47,53,59",
21,2,"2,3,7,11",2^1 * 3^1 * 7^1 * 11^1,0,"5,13,17,19,23,29,31,37,41,43,47,53,59",
22,2,"2,11,23",2^1 * 11^1 * 23^1,0,"3,5,7,13,17,19,29,31,37,41,43,47,53,59",
23,2,"2,3,23",2^3 * 3^1 * 23^1,0,"5,7,11,13,17,19,29,31,37,41,43,47,53,59",
24,2,"2,3,5",2^3 * 3^1 * 5^2,0,"7,11,13,17,19,23,29,31,37,41,43,47,53,59",
25,2,"2,5,13",2^1 * 5^2 * 13^1,0,"3,7,11,17,19,23,29,31,37,41,43,47,53,59",
26,2,"2,3,13",2^1 * 3^3 * 13^1,0,"5,7,11,17,19,23,29,31,37,41,43,47,53,59",
27,2,"2,3,7",2^2 * 3^3 * 7^1,0,"5,11,13,17,19,23,29,31,37,41,43,47,53,59",
28,2,"2,7,29",2^2 * 7^1 * 29^1,0,"3,5,11,13,17,19,23,31,37,41,43,47,53,59",
29,2,"2,3,5,29",2^1 * 3^1 * 5^1 * 29^1,0,"7,11,13,17,19,23,31,37,41,43,47,53,59",
30,2,"2,3,5,31",2^1 * 3^1 * 5^1 * 31^1,0,"7,11,13,17,19,23,29,37,41,43,47,53,59",
31,2,"2,31",2^5 * 31^1,0,"3,5,7,11,13,17,19,23,29,37,41,43,47,53,59",
32,2,"2,3,11",2^5 * 3^1 * 11^1,0,"5,7,13,17,19,23,29,31,37,41,43,47,53,59",
33,2,"2,3,11,17",2^1 * 3^1 * 11^1 * 17^1,0,"5,7,13,19,23,29,31,37,41,43,47,53,59",
34,2,"2,5,7,17",2^1 * 5^1 * 7^1 * 17^1,0,"3,11,13,19,23,29,31,37,41,43,47,53,59",
35,2,"2,3,5,7",2^2 * 3^2 * 5^1 * 7^1,0,"11,13,17,19,23,29,31,37,41,43,47,53,59",
36,2,"2,3,37",2^2 * 3^2 * 37^1,0,"5,7,11,13,17,19,23,29,31,41,43,47,53,59",
37,2,"2,19,37",2^1 * 19^1 * 37^1,0,"3,5,7,11,13,17,23,29,31,41,43,47,53,59",
38,2,"2,3,13,19",2^1 * 3^1 * 13^1 * 19^1,0,"5,7,11,17,23,29,31,37,41,43,47,53,59",
39,2,"2,3,5,13",2^3 * 3^1 * 5^1 * 13^1,0,"7,11,17,19,23,29,31,37,41,43,47,53,59",
40,2,"2,5,41",2^3 * 5^1 * 41^1,0,"3,7,11,13,17,19,23,29,31,37,43,47,53,59",
41,2,"2,3,7,41",2^1 * 3^1 * 7^1 * 41^1,0,"5,11,13,17,19,23,29,31,37,43,47,53,59",
42,2,"2,3,7,43",2^1 * 3^1 * 7^1 * 43^1,0,"5,11,13,17,19,23,29,31,37,41,47,53,59",
43,2,"2,11,43",2^2 * 11^1 * 43^1,0,"3,5,7,13,17,19,23,29,31,37,41,47,53,59",
44,2,"2,3,5,11",2^2 * 3^2 * 5^1 * 11^1,0,"7,13,17,19,23,29,31,37,41,43,47,53,59",
45,2,"2,3,5,23",2^1 * 3^2 * 5^1 * 23^1,0,"7,11,13,17,19,29,31,37,41,43,47,53,59",
46,2,"2,23,47",2^1 * 23^1 * 47^1,0,"3,5,7,11,13,17,19,29,31,37,41,43,53,59",
47,2,"2,3,47",2^4 * 3^1 * 47^1,0,"5,7,11,13,17,19,23,29,31,37,41,43,53,59",
48,2,"2,3,7",2^4 * 3^1 * 7^2,0,"5,11,13,17,19,23,29,31,37,41,43,47,53,59",
49,2,"2,5,7",2^1 * 5^2 * 7^2,0,"3,11,13,17,19,23,29,31,37,41,43,47,53,59",
50,2,"2,3,5,17",2^1 * 3^1 * 5^2 * 17^1,0,"7,11,13,19,23,29,31,37,41,43,47,53,59",
51,2,"2,3,13,17",2^2 * 3^1 * 13^1 * 17^1,0,"5,7,11,19,23,29,31,37,41,43,47,53,59",
52,2,"2,13,53",2^2 * 13^1 * 53^1,0,"3,5,7,11,17,19,23,29,31,37,41,43,47,59",
53,2,"2,3,53",2^1 * 3^3 * 53^1,0,"5,7,11,13,17,19,23,29,31,37,41,43,47,59",
54,2,"2,3,5,11",2^1 * 3^3 * 5^1 * 11^1,0,"7,13,17,19,23,29,31,37,41,43,47,53,59",
55,2,"2,5,7,11",2^3 * 5^1 * 7^1 * 11^1,0,"3,13,17,19,23,29,31,37,41,43,47,53,59",
56,2,"2,3,7,19",2^3 * 3^1 * 7^1 * 19^1,0,"5,11,13,17,23,29,31,37,41,43,47,53,59",
57,2,"2,3,19,29",2^1 * 3^1 * 19^1 * 29^1,0,"5,7,11,13,17,23,31,37,41,43,47,53,59",
58,2,"2,29,59",2^1 * 29^1 * 59^1,0,"3,5,7,11,13,17,19,23,31,37,41,43,47,53",
59,2,"2,3,5,59",2^2 * 3^1 * 5^1 * 59^1,0,"7,11,13,17,19,23,29,31,37,41,43,47,53",
62,2,"2,3,7,31",2^1 * 3^2 * 7^1 * 31^1,0,"5,11,13,17,19,23,29,37,41,43,47,53,59",
63,2,"2,3,7",2^6 * 3^2 * 7^1,0,"5,11,13,17,19,23,29,31,37,41,43,47,53,59",
64,2,"2,5,13",2^6 * 5^1 * 13^1,0,"3,7,11,17,19,23,29,31,37,41,43,47,53,59",
65,2,"2,3,5,11,13",2^1 * 3^1 * 5^1 * 11^1 * 13^1,0,"7,17,19,23,29,31,37,41,43,47,53,59",
68,2,"2,3,17,23",2^2 * 3^1 * 17^1 * 23^1,0,"5,7,11,13,19,29,31,37,41,43,47,53,59",
69,2,"2,3,5,7,23",2^1 * 3^1 * 5^1 * 7^1 * 23^1,0,"11,13,17,19,29,31,37,41,43,47,53,59",
74,2,"2,3,5,37",2^1 * 3^1 * 5^2 * 37^1,0,"7,11,13,17,19,23,29,31,41,43,47,53,59",
75,2,"2,3,5,19",2^2 * 3^1 * 5^2 * 19^1,0,"7,11,13,17,23,29,31,37,41,43,47,53,59",
76,2,"2,7,11,19",2^2 * 7^1 * 11^1 * 19^1,0,"3,5,13,17,23,29,31,37,41,43,47,53,59",
77,2,"2,3,7,11,13",2^1 * 3^1 * 7^1 * 11^1 * 13^1,0,"5,17,19,23,29,31,37,41,43,47,53,59",
80,2,"2,3,5",2^4 * 3^4 * 5^1,0,"7,11,13,17,19,23,29,31,37,41,43,47,53,59",
81,2,"2,3,41",2^1 * 3^4 * 41^1,0,"5,7,11,13,17,19,23,29,31,37,43,47,53,59",
84,2,"2,3,5,7,17",2^2 * 3^1 * 5^1 * 7^1 * 17^1,0,"11,13,19,23,29,31,37,41,43,47,53,59",
85,2,"2,5,17,43",2^1 * 5^1 * 17^1 * 43^1,0,"3,7,11,13,19,23,29,31,37,41,47,53,59",
86,2,"2,3,29,43",2^1 * 3^1 * 29^1 * 43^1,0,"5,7,11,13,17,19,23,31,37,41,47,53,59",
87,2,"2,3,11,29",2^3 * 3^1 * 11^1 * 29^1,0,"5,7,13,17,19,23,31,37,41,43,47,53,59",
90,2,"2,3,5,7,13",2^1 * 3^2 * 5^1 * 7^1 * 13^1,0,"11,17,19,23,29,31,37,41,43,47,53,59",
91,2,"2,7,13,23",2^2 * 7^1 * 13^1 * 23^1,0,"3,5,11,17,19,29,31,37,41,43,47,53,59",
92,2,"2,3,23,31",2^2 * 3^1 * 23^1 * 31^1,0,"5,7,11,13,17,19,29,37,41,43,47,53,59",
93,2,"2,3,31,47",2^1 * 3^1 * 31^1 * 47^1,0,"5,7,11,13,17,19,23,29,37,41,43,53,59",
94,2,"2,5,19,47",2^1 * 5^1 * 19^1 * 47^1,0,"3,7,11,13,17,23,29,31,37,41,43,53,59",
95,2,"2,3,5,19",2^5 * 3^1 * 5^1 * 19^1,0,"7,11,13,17,23,29,31,37,41,43,47,53,59",
98,2,"2,3,7,11",2^1 * 3^2 * 7^2 * 11^1,0,"5,13,17,19,23,29,31,37,41,43,47,53,59",
99,2,"2,3,5,11",2^2 * 3^2 * 5^2 * 11^1,0,"7,13,17,19,23,29,31,37,41,43,47,53,59",
104,2,"2,3,5,7,13",2^3 * 3^1 * 5^1 * 7^1 * 13^1,0,"11,17,19,23,29,31,37,41,43,47,53,59",
105,2,"2,3,5,7,53",2^1 * 3^1 * 5^1 * 7^1 * 53^1,0,"11,13,17,19,23,29,31,37,41,43,47,59",
110,2,"2,3,5,11,37",2^1 * 3^1 * 5^1 * 11^1 * 37^1,0,"7,13,17,19,23,29,31,41,43,47,53,59",
111,2,"2,3,7,37",2^4 * 3^1 * 7^1 * 37^1,0,"5,11,13,17,19,23,29,31,41,43,47,53,59",
114,2,"2,3,5,19,23",2^1 * 3^1 * 5^1 * 19^1 * 23^1,0,"7,11,13,17,29,31,37,41,43,47,53,59",
115,2,"2,5,23,29",2^2 * 5^1 * 23^1 * 29^1,0,"3,7,11,13,17,19,31,37,41,43,47,53,59",
116,2,"2,3,13,29",2^2 * 3^2 * 13^1 * 29^1,0,"5,7,11,17,19,23,31,37,41,43,47,53,59",
117,2,"2,3,13,59",2^1 * 3^2 * 13^1 * 59^1,0,"5,7,11,17,19,23,29,31,37,41,43,47,53",
118,2,"2,7,17,59",2^1 * 7^1 * 17^1 * 59^1,0,"3,5,11,13,19,23,29,31,37,41,43,47,53",
119,2,"2,3,5,7,17",2^3 * 3^1 * 5^1 * 7^1 * 17^1,0,"11,13,19,23,29,31,37,41,43,47,53,59",
120,2,"2,3,5,11",2^3 * 3^1 * 5^1 * 11^2,0,"7,13,17,19,23,29,31,37,41,43,47,53,59",
123,2,"2,3,31,41",2^2 * 3^1 * 31^1 * 41^1,0,"5,7,11,13,17,19,23,29,37,43,47,53,59",
124,2,"2,5,31",2^2 * 5^3 * 31^1,0,"3,7,11,13,17,19,23,29,37,41,43,47,53,59",
125,2,"2,3,5,7",2^1 * 3^2 * 5^3 * 7^1,0,"11,13,17,19,23,29,31,37,41,43,47,53,59",
128,2,"2,3,43",2^7 * 3^1 * 43^1,0,"5,7,11,13,17,19,23,29,31,37,41,47,53,59",
129,2,"2,3,5,13,43",2^1 * 3^1 * 5^1 * 13^1 * 43^1,0,"7,11,17,19,23,29,31,37,41,47,53,59",
132,2,"2,3,7,11,19",2^2 * 3^1 * 7^1 * 11^1 * 19^1,0,"5,13,17,23,29,31,37,41,43,47,53,59",
135,2,"2,3,5,17",2^3 * 3^3 * 5^1 * 17^1,0,"7,11,13,19,23,29,31,37,41,43,47,53,59",
140,2,"2,3,5,7,47",2^2 * 3^1 * 5^1 * 7^1 * 47^1,0,"11,13,17,19,23,29,31,37,41,43,53,59",
143,2,"2,3,11,13",2^4 * 3^2 * 11^1 * 13^1,0,"5,7,17,19,23,29,31,37,41,43,47,53,59",
144,2,"2,3,5,29",2^4 * 3^2 * 5^1 * 29^1,0,"7,11,13,17,19,23,31,37,41,43,47,53,59",
147,2,"2,3,7,37",2^2 * 3^1 * 7^2 * 37^1,0,"5,11,13,17,19,23,29,31,41,43,47,53,59",
152,2,"2,3,17,19",2^3 * 3^2 * 17^1 * 19^1,0,"5,7,11,13,23,29,31,37,41,43,47,53,59",
153,2,"2,3,7,11,17",2^1 * 3^2 * 7^1 * 11^1 * 17^1,0,"5,13,19,23,29,31,37,41,43,47,53,59",
154,2,"2,5,7,11,31",2^1 * 5^1 * 7^1 * 11^1 * 31^1,0,"3,13,17,19,23,29,37,41,43,47,53,59",
155,2,"2,3,5,13,31",2^2 * 3^1 * 5^1 * 13^1 * 31^1,0,"7,11,17,19,23,29,37,41,43,47,53,59",
159,2,"2,3,5,53",2^5 * 3^1 * 5^1 * 53^1,0,"7,11,13,17,19,23,29,31,37,41,43,47,59",
160,2,"2,5,7,23",2^5 * 5^1 * 7^1 * 23^1,0,"3,11,13,17,19,29,31,37,41,43,47,53,59",
161,2,"2,3,7,23",2^1 * 3^4 * 7^1 * 23^1,0,"5,11,13,17,19,29,31,37,41,43,47,53,59",
164,2,"2,3,5,11,41",2^2 * 3^1 * 5^1 * 11^1 * 41^1,0,"7,13,17,19,23,29,31,37,43,47,53,59",
168,2,"2,3,7,13",2^3 * 3^1 * 7^1 * 13^2,0,"5,11,17,19,23,29,31,37,41,43,47,53,59",
169,2,"2,5,13,17",2^1 * 5^1 * 13^2 * 17^1,0,"3,7,11,19,23,29,31,37,41,43,47,53,59",
170,2,"2,3,5,17,19",2^1 * 3^2 * 5^1 * 17^1 * 19^1,0,"7,11,13,23,29,31,37,41,43,47,53,59",
171,2,"2,3,19,43",2^2 * 3^2 * 19^1 * 43^1,0,"5,7,11,13,17,23,29,31,37,41,47,53,59",
174,2,"2,3,5,7,29",2^1 * 3^1 * 5^2 * 7^1 * 29^1,0,"11,13,17,19,23,31,37,41,43,47,53,59",
175,2,"2,5,7,11",2^4 * 5^2 * 7^1 * 11^1,0,"3,13,17,19,23,29,31,37,41,43,47,53,59",
176,2,"2,3,11,59",2^4 * 3^1 * 11^1 * 59^1,0,"5,7,13,17,19,23,29,31,37,41,43,47,53",
184,2,"2,5,23,37",2^3 * 5^1 * 23^1 * 37^1,0,"3,7,11,13,17,19,29,31,41,43,47,53,59",
185,2,"2,3,5,31,37",2^1 * 3^1 * 5^1 * 31^1 * 37^1,0,"7,11,13,17,19,23,29,41,43,47,53,59",
186,2,"2,3,11,17,31",2^1 * 3^1 * 11^1 * 17^1 * 31^1,0,"5,7,13,19,23,29,37,41,43,47,53,59",
187,2,"2,11,17,47",2^2 * 11^1 * 17^1 * 47^1,0,"3,5,7,13,19,23,29,31,37,41,43,53,59",
188,2,"2,3,7,47",2^2 * 3^3 * 7^1 * 47^1,0,"5,11,13,17,19,23,29,31,37,41,43,53,59",
189,2,"2,3,5,7,19",2^1 * 3^3 * 5^1 * 7^1 * 19^1,0,"11,13,17,23,29,31,37,41,43,47,53,59",
195,2,"2,3,5,7,13",2^2 * 3^1 * 5^1 * 7^2 * 13^1,0,"11,17,19,23,29,31,37,41,43,47,53,59",
203,2,"2,3,7,17,29",2^2 * 3^1 * 7^1 * 17^1 * 29^1,0,"5,11,13,19,23,31,37,41,43,47,53,59",
204,2,"2,3,5,17,41",2^2 * 3^1 * 5^1 * 17^1 * 41^1,0,"7,11,13,19,23,29,31,37,43,47,53,59",
207,2,"2,3,13,23",2^4 * 3^2 * 13^1 * 23^1,0,"5,7,11,17,19,29,31,37,41,43,47,53,59",
208,2,"2,11,13,19",2^4 * 11^1 * 13^1 * 19^1,0,"3,5,7,17,23,29,31,37,41,43,47,53,59",
209,2,"2,3,5,7,11,19",2^1 * 3^1 * 5^1 * 7^1 * 11^1 * 19^1,0,"13,17,23,29,31,37,41,43,47,53,59",
215,2,"2,3,5,43",2^3 * 3^3 * 5^1 * 43^1,0,"7,11,13,17,19,23,29,31,37,41,47,53,59",
216,2,"2,3,7,31",2^3 * 3^3 * 7^1 * 31^1,0,"5,11,13,17,19,23,29,37,41,43,47,53,59",
220,2,"2,5,11,13,17",2^2 * 5^1 * 11^1 * 13^1 * 17^1,0,"3,7,19,23,29,31,37,41,43,47,53,59",
221,2,"2,3,13,17,37",2^1 * 3^1 * 13^1 * 17^1 * 37^1,0,"5,7,11,19,23,29,31,41,43,47,53,59",
224,2,"2,3,5,7",2^5 * 3^2 * 5^2 * 7^1,0,"11,13,17,19,23,29,31,37,41,43,47,53,59",
230,2,"2,3,5,7,11,23",2^1 * 3^1 * 5^1 * 7^1 * 11^1 * 23^1,0,"13,17,19,29,31,37,41,43,47,53,59",
231,2,"2,3,7,11,29",2^3 * 3^1 * 7^1 * 11^1 * 29^1,0,"5,13,17,19,23,31,37,41,43,47,53,59",
234,2,"2,3,5,13,47",2^1 * 3^2 * 5^1 * 13^1 * 47^1,0,"7,11,17,19,23,29,31,37,41,43,53,59",
235,2,"2,5,47,59",2^2 * 5^1 * 47^1 * 59^1,0,"3,7,11,13,17,19,23,29,31,37,41,43,53",
242,2,"2,3,11",2^1 * 3^5 * 11^2,0,"5,7,13,17,19,23,29,31,37,41,43,47,53,59",
245,2,"2,3,5,7,41",2^1 * 3^1 * 5^1 * 7^2 * 41^1,0,"11,13,17,19,23,29,31,37,43,47,53,59",
246,2,"2,3,13,19,41",2^1 * 3^1 * 13^1 * 19^1 * 41^1,0,"5,7,11,17,23,29,31,37,43,47,53,59",
247,2,"2,13,19,31",2^3 * 13^1 * 19^1 * 31^1,0,"3,5,7,11,17,23,29,37,41,43,47,53,59",
252,2,"2,3,7,11,23",2^2 * 3^2 * 7^1 * 11^1 * 23^1,0,"5,13,17,19,29,31,37,41,43,47,53,59",
255,2,"2,3,5,17",2^8 * 3^1 * 5^1 * 17^1,0,"7,11,13,19,23,29,31,37,41,43,47,53,59",
258,2,"2,3,7,37,43",2^1 * 3^1 * 7^1 * 37^1 * 43^1,0,"5,11,13,17,19,23,29,31,41,47,53,59",
259,2,"2,5,7,13,37",2^2 * 5^1 * 7^1 * 13^1 * 37^1,0,"3,11,17,19,23,29,31,41,43,47,53,59",
260,2,"2,3,5,13,29",2^2 * 3^2 * 5^1 * 13^1 * 29^1,0,"7,11,17,19,23,31,37,41,43,47,53,59",
264,2,"2,3,5,11,53",2^3 * 3^1 * 5^1 * 11^1 * 53^1,0,"7,13,17,19,23,29,31,37,41,43,47,59",
265,2,"2,5,7,19,53",2^1 * 5^1 * 7^1 * 19^1 * 53^1,0,"3,11,13,17,23,29,31,37,41,43,47,59",
272,2,"2,3,7,13,17",2^4 * 3^1 * 7^1 * 13^1 * 17^1,0,"5,11,19,23,29,31,37,41,43,47,53,59",
275,2,"2,3,5,11,23",2^2 * 3^1 * 5^2 * 11^1 * 23^1,0,"7,13,17,19,29,31,37,41,43,47,53,59",
279,2,"2,3,5,7,31",2^3 * 3^2 * 5^1 * 7^1 * 31^1,0,"11,13,17,19,23,29,37,41,43,47,53,59",
285,2,"2,3,5,11,13,19",2^1 * 3^1 * 5^1 * 11^1 * 13^1 * 19^1,0,"7,17,23,29,31,37,41,43,47,53,59",
286,2,"2,7,11,13,41",2^1 * 7^1 * 11^1 * 13^1 * 41^1,0,"3,5,17,19,23,29,31,37,43,47,53,59",
287,2,"2,3,7,41",2^5 * 3^2 * 7^1 * 41^1,0,"5,11,13,17,19,23,29,31,37,43,47,53,59",
288,2,"2,3,17",2^5 * 3^2 * 17^2,0,"5,7,11,13,19,23,29,31,37,41,43,47,53,59",
289,2,"2,5,17,29",2^1 * 5^1 * 17^2 * 29^1,0,"3,7,11,13,19,23,31,37,41,43,47,53,59",
294,2,"2,3,5,7,59",2^1 * 3^1 * 5^1 * 7^2 * 59^1,0,"11,13,17,19,23,29,31,37,41,43,47,53",
295,2,"2,5,37,59",2^3 * 5^1 * 37^1 * 59^1,0,"3,7,11,13,17,19,23,29,31,41,43,47,53",
296,2,"2,3,11,37",2^3 * 3^3 * 11^1 * 37^1,0,"5,7,13,17,19,23,29,31,41,43,47,53,59",
299,2,"2,3,5,13,23",2^2 * 3^1 * 5^2 * 13^1 * 23^1,0,"7,11,17,19,29,31,37,41,43,47,53,59",
300,2,"2,3,5,7,43",2^2 * 3^1 * 5^2 * 7^1 * 43^1,0,"11,13,17,19,23,29,31,37,41,47,53,59",
318,2,"2,3,11,29,53",2^1 * 3^1 * 11^1 * 29^1 * 53^1,0,"5,7,13,17,19,23,31,37,41,43,47,59",
319,2,"2,5,11,29",2^6 * 5^1 * 11^1 * 29^1,0,"3,7,13,17,19,23,31,37,41,43,47,53,59",
322,2,"2,7,17,19,23",2^1 * 7^1 * 17^1 * 19^1 * 23^1,0,"3,5,11,13,29,31,37,41,43,47,53,59",
323,2,"2,3,17,19",2^2 * 3^4 * 17^1 * 19^1,0,"5,7,11,13,23,29,31,37,41,43,47,53,59",
324,2,"2,3,5,13",2^2 * 3^4 * 5^2 * 13^1,0,"7,11,17,19,23,29,31,37,41,43,47,53,59",
328,2,"2,7,41,47",2^3 * 7^1 * 41^1 * 47^1,0,"3,5,11,13,17,19,23,29,31,37,43,53,59",
329,2,"2,3,5,7,11,47",2^1 * 3^1 * 5^1 * 7^1 * 11^1 * 47^1,0,"13,17,19,23,29,31,37,41,43,53,59",
340,2,"2,5,11,17,31",2^2 * 5^1 * 11^1 * 17^1 * 31^1,0,"3,7,13,19,23,29,37,41,43,47,53,59",
341,2,"2,3,11,19,31",2^1 * 3^2 * 11^1 * 19^1 * 31^1,0,"5,7,13,17,23,29,37,41,43,47,53,59",
342,2,"2,3,7,19",2^1 * 3^2 * 7^3 * 19^1,0,"5,11,13,17,23,29,31,37,41,43,47,53,59",
343,2,"2,7,43",2^3 * 7^3 * 43^1,0,"3,5,11,13,17,19,23,29,31,37,41,47,53,59",
344,2,"2,3,5,23,43",2^3 * 3^1 * 5^1 * 23^1 * 43^1,0,"7,11,13,17,19,29,31,37,41,47,53,59",
350,2,"2,3,5,7,13",2^1 * 3^3 * 5^2 * 7^1 * 13^1,0,"11,17,19,23,29,31,37,41,43,47,53,59",
351,2,"2,3,11,13",2^5 * 3^3 * 11^1 * 13^1,0,"5,7,17,19,23,29,31,37,41,43,47,53,59",
360,2,"2,3,5,19",2^3 * 3^2 * 5^1 * 19^2,0,"7,11,13,17,23,29,31,37,41,43,47,53,59",
363,2,"2,3,7,11,13",2^2 * 3^1 * 7^1 * 11^2 * 13^1,0,"5,17,19,23,29,31,37,41,43,47,53,59",
368,2,"2,3,23,41",2^4 * 3^2 * 23^1 * 41^1,0,"5,7,11,13,17,19,29,31,37,43,47,53,59",
369,2,"2,3,5,37,41",2^1 * 3^2 * 5^1 * 37^1 * 41^1,0,"7,11,13,17,19,23,29,31,43,47,53,59",
370,2,"2,5,7,37,53",2^1 * 5^1 * 7^1 * 37^1 * 53^1,0,"3,11,13,17,19,23,29,31,41,43,47,59",
371,2,"2,3,7,31,53",2^2 * 3^1 * 7^1 * 31^1 * 53^1,0,"5,11,13,17,19,23,29,37,41,43,47,59",
374,2,"2,3,5,11,17",2^1 * 3^1 * 5^3 * 11^1 * 17^1,0,"7,13,19,23,29,31,37,41,43,47,53,59",
375,2,"2,3,5,47",2^3 * 3^1 * 5^3 * 47^1,0,"7,11,13,17,19,23,29,31,37,41,43,53,59",
376,2,"2,13,29,47",2^3 * 13^1 * 29^1 * 47^1,0,"3,5,7,11,17,19,23,31,37,41,43,53,59",
377,2,"2,3,7,13,29",2^1 * 3^3 * 7^1 * 13^1 * 29^1,0,"5,11,17,19,23,31,37,41,43,47,53,59",
384,2,"2,3,5,7,11",2^7 * 3^1 * 5^1 * 7^1 * 11^1,0,"13,17,19,23,29,31,37,41,43,47,53,59",
390,2,"2,3,5,13,17,23",2^1 * 3^1 * 5^1 * 13^1 * 17^1 * 23^1,0,"7,11,19,29,31,37,41,43,47,53,59",
391,2,"2,7,17,23",2^3 * 7^2 * 17^1 * 23^1,0,"3,5,11,13,19,29,31,37,41,43,47,53,59",
399,2,"2,3,5,7,19",2^4 * 3^1 * 5^2 * 7^1 * 19^1,0,"11,13,17,23,29,31,37,41,43,47,53,59",
405,2,"2,3,5,7,29",2^1 * 3^4 * 5^1 * 7^1 * 29^1,0,"11,13,17,19,23,31,37,41,43,47,53,59",
406,2,"2,7,11,29,37",2^1 * 7^1 * 11^1 * 29^1 * 37^1,0,"3,5,13,17,19,23,31,41,43,47,53,59",
407,2,"2,3,11,17,37",2^3 * 3^1 * 11^1 * 17^1 * 37^1,0,"5,7,13,19,23,29,31,41,43,47,53,59",
413,2,"2,3,7,23,59",2^1 * 3^2 * 7^1 * 23^1 * 59^1,0,"5,11,13,17,19,29,31,37,41,43,47,53",
423,2,"2,3,47,53",2^3 * 3^2 * 47^1 * 53^1,0,"5,7,11,13,17,19,23,29,31,37,41,43,59",
424,2,"2,5,17,53",2^3 * 5^2 * 17^1 * 53^1,0,"3,7,11,13,19,23,29,31,37,41,43,47,59",
429,2,"2,3,5,11,13,43",2^1 * 3^1 * 5^1 * 11^1 * 13^1 * 43^1,0,"7,17,19,23,29,31,37,41,47,53,59",
434,2,"2,3,5,7,29,31",2^1 * 3^1 * 5^1 * 7^1 * 29^1 * 31^1,0,"11,13,17,19,23,37,41,43,47,53,59",
440,2,"2,3,5,7,11",2^3 * 3^2 * 5^1 * 7^2 * 11^1,0,"13,17,19,23,29,31,37,41,43,47,53,59",
441,2,"2,3,7,13,17",2^1 * 3^2 * 7^2 * 13^1 * 17^1,0,"5,11,19,23,29,31,37,41,43,47,53,59",
450,2,"2,3,5,11,41",2^1 * 3^2 * 5^2 * 11^1 * 41^1,0,"7,13,17,19,23,29,31,37,43,47,53,59",
455,2,"2,3,5,7,13,19",2^3 * 3^1 * 5^1 * 7^1 * 13^1 * 19^1,0,"11,17,23,29,31,37,41,43,47,53,59",
459,2,"2,3,5,17,23",2^2 * 3^3 * 5^1 * 17^1 * 23^1,0,"7,11,13,19,29,31,37,41,43,47,53,59",
464,2,"2,3,5,29,31",2^4 * 3^1 * 5^1 * 29^1 * 31^1,0,"7,11,13,17,19,23,37,41,43,47,53,59",
472,2,"2,11,43,59",2^3 * 11^1 * 43^1 * 59^1,0,"3,5,7,13,17,19,23,29,31,37,41,47,53",
475,2,"2,5,7,17,19",2^2 * 5^2 * 7^1 * 17^1 * 19^1,0,"3,11,13,23,29,31,37,41,43,47,53,59",
476,2,"2,3,7,17,53",2^2 * 3^2 * 7^1 * 17^1 * 53^1,0,"5,11,13,19,23,29,31,37,41,43,47,59",
480,2,"2,3,5,13,37",2^5 * 3^1 * 5^1 * 13^1 * 37^1,0,"7,11,17,19,23,29,31,41,43,47,53,59",
483,2,"2,3,7,11,23",2^2 * 3^1 * 7^1 * 11^2 * 23^1,0,"5,13,17,19,29,31,37,41,43,47,53,59",
492,2,"2,3,17,29,41",2^2 * 3^1 * 17^1 * 29^1 * 41^1,0,"5,7,11,13,19,23,31,37,43,47,53,59",
493,2,"2,13,17,19,29",2^1 * 13^1 * 17^1 * 19^1 * 29^1,0,"3,5,7,11,23,31,37,41,43,47,53,59",
494,2,"2,3,5,11,13,19",2^1 * 3^2 * 5^1 * 11^1 * 13^1 * 19^1,0,"7,17,23,29,31,37,41,43,47,53,59",
495,2,"2,3,5,11,31",2^4 * 3^2 * 5^1 * 11^1 * 31^1,0,"7,13,17,19,23,29,37,41,43,47,53,59",
506,2,"2,3,11,13,23",2^1 * 3^1 * 11^1 * 13^2 * 23^1,0,"5,7,17,19,29,31,37,41,43,47,53,59",
512,2,"2,3,19",2^9 * 3^3 * 19^1,0,"5,7,11,13,17,23,29,31,37,41,43,47,53,59",
516,2,"2,3,11,43,47",2^2 * 3^1 * 11^1 * 43^1 * 47^1,0,"5,7,13,17,19,23,29,31,37,41,53,59",
517,2,"2,7,11,37,47",2^1 * 7^1 * 11^1 * 37^1 * 47^1,0,"3,5,13,17,19,23,29,31,41,43,53,59",
527,2,"2,3,11,17,31",2^4 * 3^1 * 11^1 * 17^1 * 31^1,0,"5,7,13,19,23,29,37,41,43,47,53,59",
528,2,"2,3,11,23",2^4 * 3^1 * 11^1 * 23^2,0,"5,7,13,17,19,29,31,37,41,43,47,53,59",
529,2,"2,5,23,53",2^1 * 5^1 * 23^2 * 53^1,0,"3,7,11,13,17,19,29,31,37,41,43,47,59",
530,2,"2,3,5,53,59",2^1 * 3^2 * 5^1 * 53^1 * 59^1,0,"7,11,13,17,19,23,29,31,37,41,43,47",
531,2,"2,3,7,19,59",2^2 * 3^2 * 7^1 * 19^1 * 59^1,0,"5,11,13,17,23,29,31,37,41,43,47,53",
532,2,"2,7,13,19,41",2^2 * 7^1 * 13^1 * 19^1 * 41^1,0,"3,5,11,17,23,29,31,37,43,47,53,59",
539,2,"2,3,5,7,11",2^2 * 3^3 * 5^1 * 7^2 * 11^1,0,"13,17,19,23,29,31,37,41,43,47,53,59",
550,2,"2,5,11,19,29",2^1 * 5^2 * 11^1 * 19^1 * 29^1,0,"3,7,13,17,23,31,37,41,43,47,53,59",
551,2,"2,3,19,23,29",2^3 * 3^1 * 19^1 * 23^1 * 29^1,0,"5,7,11,13,17,31,37,41,43,47,53,59",
558,2,"2,3,13,31,43",2^1 * 3^2 * 13^1 * 31^1 * 43^1,0,"5,7,11,17,19,23,29,37,41,47,53,59",
559,2,"2,5,7,13,43",2^4 * 5^1 * 7^1 * 13^1 * 43^1,0,"3,11,17,19,23,29,31,37,41,47,53,59",
560,2,"2,3,5,7,11,17",2^4 * 3^1 * 5^1 * 7^1 * 11^1 * 17^1,0,"13,19,23,29,31,37,41,43,47,53,59",
574,2,"2,5,7,23,41",2^1 * 5^2 * 7^1 * 23^1 * 41^1,0,"3,11,13,17,19,29,31,37,43,47,53,59",
575,2,"2,3,5,23",2^6 * 3^2 * 5^2 * 23^1,0,"7,11,13,17,19,29,31,37,41,43,47,53,59",
588,2,"2,3,7,19,31",2^2 * 3^1 * 7^2 * 19^1 * 31^1,0,"5,11,13,17,23,29,37,41,43,47,53,59",
589,2,"2,5,19,31,59",2^1 * 5^1 * 19^1 * 31^1 * 59^1,0,"3,7,11,13,17,23,29,37,41,43,47,53",
594,2,"2,3,5,7,11,17",2^1 * 3^3 * 5^1 * 7^1 * 11^1 * 17^1,0,"13,19,23,29,31,37,41,43,47,53,59",
608,2,"2,3,7,19,29",2^5 * 3^1 * 7^1 * 19^1 * 29^1,0,"5,11,13,17,23,31,37,41,43,47,53,59",
611,2,"2,3,13,17,47",2^2 * 3^2 * 13^1 * 17^1 * 47^1,0,"5,7,11,19,23,29,31,37,41,43,53,59",
615,2,"2,3,5,7,11,41",2^3 * 3^1 * 5^1 * 7^1 * 11^1 * 41^1,0,"13,17,19,23,29,31,37,43,47,53,59",
620,2,"2,3,5,23,31",2^2 * 3^3 * 5^1 * 23^1 * 31^1,0,"7,11,13,17,19,29,37,41,43,47,53,59",
624,2,"2,3,5,13",2^4 * 3^1 * 5^4 * 13^1,0,"7,11,17,19,23,29,31,37,41,43,47,53,59",
629,2,"2,3,5,7,17,37",2^1 * 3^2 * 5^1 * 7^1 * 17^1 * 37^1,0,"11,13,19,23,29,31,41,43,47,53,59",
636,2,"2,3,7,13,53",2^2 * 3^1 * 7^2 * 13^1 * 53^1,0,"5,11,17,19,23,29,31,37,41,43,47,59",
637,2,"2,7,11,13,29",2^1 * 7^2 * 11^1 * 13^1 * 29^1,0,"3,5,17,19,23,31,37,41,43,47,53,59",
644,2,"2,3,5,7,23,43",2^2 * 3^1 * 5^1 * 7^1 * 23^1 * 43^1,0,"11,13,17,19,29,31,37,41,47,53,59",
645,2,"2,3,5,17,19,43",2^1 * 3^1 * 5^1 * 17^1 * 19^1 * 43^1,0,"7,11,13,23,29,31,37,41,47,53,59",
648,2,"2,3,11,59",2^3 * 3^4 * 11^1 * 59^1,0,"5,7,13,17,19,23,29,31,37,41,43,47,53",
649,2,"2,5,11,13,59",2^1 * 5^2 * 11^1 * 13^1 * 59^1,0,"3,7,17,19,23,29,31,37,41,43,47,53",
650,2,"2,3,5,7,13,31",2^1 * 3^1 * 5^2 * 7^1 * 13^1 * 31^1,0,"11,17,19,23,29,37,41,43,47,53,59",
665,2,"2,3,5,7,19,37",2^1 * 3^2 * 5^1 * 7^1 * 19^1 * 37^1,0,"11,13,17,23,29,31,41,43,47,53,59",
666,2,"2,3,23,29,37",2^1 * 3^2 * 23^1 * 29^1 * 37^1,0,"5,7,11,13,17,19,31,41,43,47,53,59",
675,2,"2,3,5,13",2^2 * 3^3 * 5^2 * 13^2,0,"7,11,17,19,23,29,31,37,41,43,47,53,59",
688,2,"2,13,43,53",2^4 * 13^1 * 43^1 * 53^1,0,"3,5,7,11,17,19,23,29,31,37,41,47,59",
689,2,"2,3,5,13,23,53",2^1 * 3^1 * 5^1 * 13^1 * 23^1 * 53^1,0,"7,11,17,19,29,31,37,41,43,47,59",
696,2,"2,3,17,29,41",2^3 * 3^1 * 17^1 * 29^1 * 41^1,0,"5,7,11,13,19,23,31,37,43,47,53,59",
702,2,"2,3,13,19,37",2^1 * 3^3 * 13^1 * 19^1 * 37^1,0,"5,7,11,17,23,29,31,41,43,47,53,59",
703,2,"2,11,19,37",2^6 * 11^1 * 19^1 * 37^1,0,"3,5,7,13,17,23,29,31,41,43,47,53,59",
704,2,"2,3,5,11,47",2^6 * 3^1 * 5^1 * 11^1 * 47^1,0,"7,13,17,19,23,29,31,37,41,43,53,59",
713,2,"2,3,7,17,23,31",2^1 * 3^1 * 7^1 * 17^1 * 23^1 * 31^1,0,"5,11,13,19,29,37,41,43,47,53,59",
714,2,"2,3,5,7,11,13,17",2^1 * 3^1 * 5^1 * 7^1 * 11^1 * 13^1 * 17^1,0,"19,23,29,31,37,41,43,47,53,59",
725,2,"2,3,5,11,29",2^1 * 3^1 * 5^2 * 11^2 * 29^1,0,"7,13,17,19,23,31,37,41,43,47,53,59",
728,2,"2,3,7,13",2^3 * 3^6 * 7^1 * 13^1,0,"5,11,17,19,23,29,31,37,41,43,47,53,59",
735,2,"2,3,5,7,23",2^5 * 3^1 * 5^1 * 7^2 * 23^1,0,"11,13,17,19,29,31,37,41,43,47,53,59",
740,2,"2,3,5,13,19,37",2^2 * 3^1 * 5^1 * 13^1 * 19^1 * 37^1,0,"7,11,17,23,29,31,41,43,47,53,59",
741,2,"2,3,7,13,19,53",2^1 * 3^1 * 7^1 * 13^1 * 19^1 * 53^1,0,"5,11,17,23,29,31,37,41,43,47,59",
759,2,"2,3,5,11,19,23",2^3 * 3^1 * 5^1 * 11^1 * 19^1 * 23^1,0,"7,13,17,29,31,37,41,43,47,53,59",
767,2,"2,3,13,59",2^8 * 3^1 * 13^1 * 59^1,0,"5,7,11,17,19,23,29,31,37,41,43,47,53",
774,2,"2,3,5,31,43",2^1 * 3^2 * 5^2 * 31^1 * 43^1,0,"7,11,13,17,19,23,29,37,41,47,53,59",
779,2,"2,3,5,13,19,41",2^2 * 3^1 * 5^1 * 13^1 * 19^1 * 41^1,0,"7,11,17,23,29,31,37,43,47,53,59",
782,2,"2,3,17,23,29",2^1 * 3^3 * 17^1 * 23^1 * 29^1,0,"5,7,11,13,19,31,37,41,43,47,53,59",
783,2,"2,3,7,29",2^4 * 3^3 * 7^2 * 29^1,0,"5,11,13,17,19,23,31,37,41,43,47,53,59",
798,2,"2,3,7,17,19,47",2^1 * 3^1 * 7^1 * 17^1 * 19^1 * 47^1,0,"5,11,13,23,29,31,37,41,43,53,59",
799,2,"2,5,17,47",2^5 * 5^2 * 17^1 * 47^1,0,"3,7,11,13,19,23,29,31,37,41,43,53,59",
805,2,"2,5,7,13,23,31",2^1 * 5^1 * 7^1 * 13^1 * 23^1 * 31^1,0,"3,11,17,19,29,37,41,43,47,53,59",
816,2,"2,3,17,19,43",2^4 * 3^1 * 17^1 * 19^1 * 43^1,0,"5,7,11,13,23,29,31,37,41,47,53,59",
819,2,"2,3,5,7,13,41",2^2 * 3^2 * 5^1 * 7^1 * 13^1 * 41^1,0,"11,17,19,23,29,31,37,43,47,53,59",
825,2,"2,3,5,7,11,59",2^1 * 3^1 * 5^2 * 7^1 * 11^1 * 59^1,0,"13,17,19,23,29,31,37,41,43,47,53",
832,2,"2,7,13,17",2^6 * 7^2 * 13^1 * 17^1,0,"3,5,11,19,23,29,31,37,41,43,47,53,59",
836,2,"2,3,11,19,31",2^2 * 3^3 * 11^1 * 19^1 * 31^1,0,"5,7,13,17,23,29,37,41,43,47,53,59",
840,2,"2,3,5,7,29",2^3 * 3^1 * 5^1 * 7^1 * 29^2,0,"11,13,17,19,23,31,37,41,43,47,53,59",
845,2,"2,3,5,13,47",2^1 * 3^2 * 5^1 * 13^2 * 47^1,0,"7,11,17,19,23,29,31,37,41,43,53,59",
846,2,"2,3,7,11,47",2^1 * 3^2 * 7^1 * 11^2 * 47^1,0,"5,13,17,19,23,29,31,37,41,43,53,59",
847,2,"2,7,11,53",2^4 * 7^1 * 11^2 * 53^1,0,"3,5,13,17,19,23,29,31,37,41,43,47,59",
850,2,"2,5,17,23,37",2^1 * 5^2 * 17^1 * 23^1 * 37^1,0,"3,7,11,13,19,29,31,41,43,47,53,59",
860,2,"2,3,5,7,41,43",2^2 * 3^1 * 5^1 * 7^1 * 41^1 * 43^1,0,"11,13,17,19,23,29,31,37,47,53,59",
867,2,"2,3,7,17,31",2^2 * 3^1 * 7^1 * 17^2 * 31^1,0,"5,11,13,19,23,29,37,41,43,47,53,59",
874,2,"2,5,7,19,23",2^1 * 5^3 * 7^1 * 19^1 * 23^1,0,"3,11,13,17,29,31,37,41,43,47,53,59",
884,2,"2,3,5,13,17,59",2^2 * 3^1 * 5^1 * 13^1 * 17^1 * 59^1,0,"7,11,19,23,29,31,37,41,43,47,53",
896,2,"2,3,7,13,23",2^7 * 3^1 * 7^1 * 13^1 * 23^1,0,"5,11,17,19,29,31,37,41,43,47,53,59",
899,2,"2,3,5,29,31",2^2 * 3^2 * 5^2 * 29^1 * 31^1,0,"7,11,13,17,19,23,37,41,43,47,53,59",
900,2,"2,3,5,17,53",2^2 * 3^2 * 5^2 * 17^1 * 53^1,0,"7,11,13,19,23,29,31,37,41,43,47,59",
901,2,"2,11,17,41,53",2^1 * 11^1 * 17^1 * 41^1 * 53^1,0,"3,5,7,13,19,23,29,31,37,43,47,59",
902,2,"2,3,7,11,41,43",2^1 * 3^1 * 7^1 * 11^1 * 41^1 * 43^1,0,"5,13,17,19,23,29,31,37,47,53,59",
924,2,"2,3,5,7,11,37",2^2 * 3^1 * 5^2 * 7^1 * 11^1 * 37^1,0,"13,17,19,23,29,31,41,43,47,53,59",
930,2,"2,3,5,7,19,31",2^1 * 3^1 * 5^1 * 7^2 * 19^1 * 31^1,0,"11,13,17,23,29,37,41,43,47,53,59",
935,2,"2,3,5,11,13,17",2^3 * 3^2 * 5^1 * 11^1 * 13^1 * 17^1,0,"7,19,23,29,31,37,41,43,47,53,59",
943,2,"2,23,41,59",2^4 * 23^1 * 41^1 * 59^1,0,"3,5,7,11,13,17,19,29,31,37,43,47,53",
944,2,"2,3,5,7,59",2^4 * 3^3 * 5^1 * 7^1 * 59^1,0,"11,13,17,19,23,29,31,37,41,43,47,53",
945,2,"2,3,5,7,11,43",2^1 * 3^3 * 5^1 * 7^1 * 11^1 * 43^1,0,"13,17,19,23,29,31,37,41,47,53,59",
960,2,"2,3,5,31",2^6 * 3^1 * 5^1 * 31^2,0,"7,11,13,17,19,23,29,37,41,43,47,53,59",
961,2,"2,13,31,37",2^1 * 13^1 * 31^2 * 37^1,0,"3,5,7,11,17,19,23,29,41,43,47,53,59",
968,2,"2,3,11,17,19",2^3 * 3^1 * 11^2 * 17^1 * 19^1,0,"5,7,13,23,29,31,37,41,43,47,53,59",
986,2,"2,3,7,17,29,47",2^1 * 3^1 * 7^1 * 17^1 * 29^1 * 47^1,0,"5,11,13,19,23,31,37,41,43,53,59",
987,2,"2,3,7,13,19,47",2^2 * 3^1 * 7^1 * 13^1 * 19^1 * 47^1,0,"5,11,17,23,29,31,37,41,43,53,59",
988,2,"2,13,19,23,43",2^2 * 13^1 * 19^1 * 23^1 * 43^1,0,"3,5,7,11,17,29,31,37,41,47,53,59",
989,2,"2,3,5,11,23,43",2^1 * 3^2 * 5^1 * 11^1 * 23^1 * 43^1,0,"7,13,17,19,29,31,37,41,47,53,59",
999,2,"2,3,5,37",2^3 * 3^3 * 5^3 * 37^1,0,"7,11,13,17,19,23,29,31,41,43,47,53,59",
1000,2,"2,5,7,11,13",2^3 * 5^3 * 7^1 * 11^1 * 13^1,0,"3,17,19,23,29,31,37,41,43,47,53,59",
1007,2,"2,3,7,19,53",2^4 * 3^2 * 7^1 * 19^1 * 53^1,0,"5,11,13,17,23,29,31,37,41,43,47,59",
1014,2,"2,3,5,7,13,29",2^1 * 3^1 * 5^1 * 7^1 * 13^2 * 29^1,0,"11,17,19,23,31,37,41,43,47,53,59",
1023,2,"2,3,11,31",2^10 * 3^1 * 11^1 * 31^1,0,"5,7,13,17,19,23,29,37,41,43,47,53,59",
1024,2,"2,5,41",2^10 * 5^2 * 41^1,0,"3,7,11,13,17,19,23,29,31,37,43,47,53,59",
1025,2,"2,3,5,19,41",2^1 * 3^3 * 5^2 * 19^1 * 41^1,0,"7,11,13,17,23,29,31,37,43,47,53,59",
1034,2,"2,3,5,11,23,47",2^1 * 3^2 * 5^1 * 11^1 * 23^1 * 47^1,0,"7,13,17,19,29,31,37,41,43,53,59",
1035,2,"2,3,5,7,23,37",2^2 * 3^2 * 5^1 * 7^1 * 23^1 * 37^1,0,"11,13,17,19,29,31,41,43,47,53,59",
1044,2,"2,3,5,11,19,29",2^2 * 3^2 * 5^1 * 11^1 * 19^1 * 29^1,0,"7,13,17,23,31,37,41,43,47,53,59",
1053,2,"2,3,13,17,31",2^1 * 3^4 * 13^1 * 17^1 * 31^1,0,"5,7,11,19,23,29,37,41,43,47,53,59",
1080,2,"2,3,5,23,47",2^3 * 3^3 * 5^1 * 23^1 * 47^1,0,"7,11,13,17,19,29,31,37,41,43,53,59",
1088,2,"2,3,11,17",2^6 * 3^2 * 11^2 * 17^1,0,"5,7,13,19,23,29,31,37,41,43,47,53,59",
1104,2,"2,3,5,13,17,23",2^4 * 3^1 * 5^1 * 13^1 * 17^1 * 23^1,0,"7,11,19,29,31,37,41,43,47,53,59",
1120,2,"2,5,7,19,59",2^5 * 5^1 * 7^1 * 19^1 * 59^1,0,"3,11,13,17,23,29,31,37,41,43,47,53",
1121,2,"2,3,11,17,19,59",2^1 * 3^1 * 11^1 * 17^1 * 19^1 * 59^1,0,"5,7,13,23,29,31,37,41,43,47,53",
1127,2,"2,3,7,23,47",2^3 * 3^1 * 7^2 * 23^1 * 47^1,0,"5,11,13,17,19,29,31,37,41,43,53,59",
1147,2,"2,7,31,37,41",2^2 * 7^1 * 31^1 * 37^1 * 41^1,0,"3,5,11,13,17,19,23,29,43,47,53,59",
1155,2,"2,3,5,7,11,17",2^2 * 3^1 * 5^1 * 7^1 * 11^1 * 17^2,0,"13,19,23,29,31,37,41,43,47,53,59",
1160,2,"2,3,5,29,43",2^3 * 3^3 * 5^1 * 29^1 * 43^1,0,"7,11,13,17,19,23,31,37,41,47,53,59",
1175,2,"2,3,5,7,47",2^3 * 3^1 * 5^2 * 7^2 * 47^1,0,"11,13,17,19,23,29,31,37,41,43,53,59",
1183,2,"2,7,13,37",2^5 * 7^1 * 13^2 * 37^1,0,"3,5,11,17,19,23,29,31,41,43,47,53,59",
1188,2,"2,3,11,29,41",2^2 * 3^3 * 11^1 * 29^1 * 41^1,0,"5,7,13,17,19,23,31,37,43,47,53,59",
1189,2,"2,5,7,17,29,41",2^1 * 5^1 * 7^1 * 17^1 * 29^1 * 41^1,0,"3,11,13,19,23,31,37,43,47,53,59",
1196,2,"2,3,7,13,19,23",2^2 * 3^2 * 7^1 * 13^1 * 19^1 * 23^1,0,"5,11,17,29,31,37,41,43,47,53,59",
1209,2,"2,3,5,11,13,31",2^1 * 3^1 * 5^1 * 11^2 * 13^1 * 31^1,0,"7,17,19,23,29,37,41,43,47,53,59",
1215,2,"2,3,5,19",2^6 * 3^5 * 5^1 * 19^1,0,"7,11,13,17,23,29,31,37,41,43,47,53,59",
1218,2,"2,3,7,23,29,53",2^1 * 3^1 * 7^1 * 23^1 * 29^1 * 53^1,0,"5,11,13,17,19,31,37,41,43,47,59",
1221,2,"2,3,11,13,37,47",2^1 * 3^1 * 11^1 * 13^1 * 37^1 * 47^1,0,"5,7,17,19,23,29,31,41,43,53,59",
1224,2,"2,3,5,7,17",2^3 * 3^2 * 5^2 * 7^2 * 17^1,0,"11,13,19,23,29,31,37,41,43,47,53,59",
1239,2,"2,3,5,7,31,59",2^3 * 3^1 * 5^1 * 7^1 * 31^1 * 59^1,0,"11,13,17,19,23,29,37,41,43,47,53",
1247,2,"2,3,13,29,43",2^5 * 3^1 * 13^1 * 29^1 * 43^1,0,"5,7,11,17,19,23,31,37,41,47,53,59",
1271,2,"2,3,31,41,53",2^3 * 3^1 * 31^1 * 41^1 * 53^1,0,"5,7,11,13,17,19,23,29,37,43,47,59",
1274,2,"2,3,5,7,13,17",2^1 * 3^1 * 5^2 * 7^2 * 13^1 * 17^1,0,"11,19,23,29,31,37,41,43,47,53,59",
1275,2,"2,3,5,11,17,29",2^2 * 3^1 * 5^2 * 11^1 * 17^1 * 29^1,0,"7,13,19,23,31,37,41,43,47,53,59",
1287,2,"2,3,7,11,13,23",2^3 * 3^2 * 7^1 * 11^1 * 13^1 * 23^1,0,"5,17,19,29,31,37,41,43,47,53,59",
1295,2,"2,3,5,7,37",2^4 * 3^4 * 5^1 * 7^1 * 37^1,0,"11,13,17,19,23,29,31,41,43,47,53,59",
1311,2,"2,3,19,23,41",2^5 * 3^1 * 19^1 * 23^1 * 41^1,0,"5,7,11,13,17,29,31,37,43,47,53,59",
1325,2,"2,3,5,13,17,53",2^1 * 3^1 * 5^2 * 13^1 * 17^1 * 53^1,0,"7,11,19,23,29,31,37,41,43,47,59",
1330,2,"2,5,7,11,19",2^1 * 5^1 * 7^1 * 11^3 * 19^1,0,"3,13,17,23,29,31,37,41,43,47,53,59",
1331,2,"2,3,11,37",2^2 * 3^2 * 11^3 * 37^1,0,"5,7,13,17,19,23,29,31,41,43,47,53,59",
1332,2,"2,3,31,37,43",2^2 * 3^2 * 31^1 * 37^1 * 43^1,0,"5,7,11,13,17,19,23,29,41,47,53,59",
1333,2,"2,23,29,31,43",2^1 * 23^1 * 29^1 * 31^1 * 43^1,0,"3,5,7,11,13,17,19,37,41,47,53,59",
1352,2,"2,3,11,13,41",2^3 * 3^1 * 11^1 * 13^2 * 41^1,0,"5,7,17,19,23,29,31,37,43,47,53,59",
1363,2,"2,11,29,31,47",2^2 * 11^1 * 29^1 * 31^1 * 47^1,0,"3,5,7,13,17,19,23,37,41,43,53,59",
1364,2,"2,3,5,7,11,13,31",2^2 * 3^1 * 5^1 * 7^1 * 11^1 * 13^1 * 31^1,0,"17,19,23,29,37,41,43,47,53,59",
1368,2,"2,3,19,37",2^3 * 3^2 * 19^1 * 37^2,0,"5,7,11,13,17,23,29,31,41,43,47,53,59",
1375,2,"2,5,11,43",2^5 * 5^3 * 11^1 * 43^1,0,"3,7,13,17,19,23,29,31,37,41,47,53,59",
1376,2,"2,3,17,43",2^5 * 3^4 * 17^1 * 43^1,0,"5,7,11,13,19,23,29,31,37,41,47,53,59",
1377,2,"2,3,13,17,53",2^1 * 3^4 * 13^1 * 17^1 * 53^1,0,"5,7,11,19,23,29,31,37,41,43,47,59",
1394,2,"2,3,5,17,31,41",2^1 * 3^2 * 5^1 * 17^1 * 31^1 * 41^1,0,"7,11,13,19,23,29,37,43,47,53,59",
1425,2,"2,3,5,19,23,31",2^1 * 3^1 * 5^2 * 19^1 * 23^1 * 31^1,0,"7,11,13,17,29,37,41,43,47,53,59",
1430,2,"2,3,5,11,13,53",2^1 * 3^3 * 5^1 * 11^1 * 13^1 * 53^1,0,"7,17,19,23,29,31,37,41,43,47,59",
1443,2,"2,3,13,19,37",2^2 * 3^1 * 13^1 * 19^2 * 37^1,0,"5,7,11,17,23,29,31,41,43,47,53,59",
1444,2,"2,5,17,19",2^2 * 5^1 * 17^2 * 19^2,0,"3,7,11,13,23,29,31,37,41,43,47,53,59",
1449,2,"2,3,5,7,23,29",2^1 * 3^2 * 5^2 * 7^1 * 23^1 * 29^1,0,"11,13,17,19,31,37,41,43,47,53,59",
1456,2,"2,7,13,31,47",2^4 * 7^1 * 13^1 * 31^1 * 47^1,0,"3,5,11,17,19,23,29,37,41,43,53,59",
1457,2,"2,3,31,47",2^1 * 3^6 * 31^1 * 47^1,0,"5,7,11,13,17,19,23,29,37,41,43,53,59",
1462,2,"2,7,11,17,19,43",2^1 * 7^1 * 11^1 * 17^1 * 19^1 * 43^1,0,"3,5,13,23,29,31,37,41,47,53,59",
1475,2,"2,3,5,41,59",2^2 * 3^2 * 5^2 * 41^1 * 59^1,0,"7,11,13,17,19,23,29,31,37,43,47,53",
1479,2,"2,3,5,17,29,37",2^3 * 3^1 * 5^1 * 17^1 * 29^1 * 37^1,0,"7,11,13,19,23,31,41,43,47,53,59",
1484,2,"2,3,5,7,11,53",2^2 * 3^3 * 5^1 * 7^1 * 11^1 * 53^1,0,"13,17,19,23,29,31,37,41,43,47,59",
1495,2,"2,5,11,13,17,23",2^3 * 5^1 * 11^1 * 13^1 * 17^1 * 23^1,0,"3,7,19,29,31,37,41,43,47,53,59",
1504,2,"2,5,7,43,47",2^5 * 5^1 * 7^1 * 43^1 * 47^1,0,"3,11,13,17,19,23,29,31,37,41,53,59",
1517,2,"2,3,11,23,37,41",2^1 * 3^1 * 11^1 * 23^1 * 37^1 * 41^1,0,"5,7,13,17,19,29,31,43,47,53,59",
1518,2,"2,3,7,11,23,31",2^1 * 3^1 * 7^2 * 11^1 * 23^1 * 31^1,0,"5,13,17,19,29,37,41,43,47,53,59",
1519,2,"2,5,7,19,31",2^4 * 5^1 * 7^2 * 19^1 * 31^1,0,"3,11,13,17,23,29,37,41,43,47,53,59",
1520,2,"2,3,5,13,19",2^4 * 3^2 * 5^1 * 13^2 * 19^1,0,"7,11,17,23,29,31,37,41,43,47,53,59",
1536,2,"2,3,29,53",2^9 * 3^1 * 29^1 * 53^1,0,"5,7,11,13,17,19,23,31,37,41,43,47,59",
1539,2,"2,3,5,7,11,19",2^2 * 3^4 * 5^1 * 7^1 * 11^1 * 19^1,0,"13,17,23,29,31,37,41,43,47,53,59",
1547,2,"2,3,7,13,17,43",2^2 * 3^2 * 7^1 * 13^1 * 17^1 * 43^1,0,"5,11,19,23,29,31,37,41,47,53,59",
1550,2,"2,3,5,11,31,47",2^1 * 3^1 * 5^2 * 11^1 * 31^1 * 47^1,0,"7,13,17,19,23,29,37,41,43,53,59",
1590,2,"2,3,5,37,43,53",2^1 * 3^1 * 5^1 * 37^1 * 43^1 * 53^1,0,"7,11,13,17,19,23,29,31,41,47,59",
1595,2,"2,3,5,7,11,19,29",2^2 * 3^1 * 5^1 * 7^1 * 11^1 * 19^1 * 29^1,0,"13,17,23,31,37,41,43,47,53,59",
1598,2,"2,3,13,17,41,47",2^1 * 3^1 * 13^1 * 17^1 * 41^1 * 47^1,0,"5,7,11,19,23,29,31,37,43,53,59",
1599,2,"2,3,5,13,41",2^6 * 3^1 * 5^2 * 13^1 * 41^1,0,"7,11,17,19,23,29,31,37,43,47,53,59",
1624,2,"2,5,7,13,29",2^3 * 5^3 * 7^1 * 13^1 * 29^1,0,"3,11,17,19,23,31,37,41,43,47,53,59",
1652,2,"2,3,7,19,29,59",2^2 * 3^1 * 7^1 * 19^1 * 29^1 * 59^1,0,"5,11,13,17,23,31,37,41,43,47,53",
1664,2,"2,3,5,13,37",2^7 * 3^2 * 5^1 * 13^1 * 37^1,0,"7,11,17,19,23,29,31,41,43,47,53,59",
1665,2,"2,3,5,7,17,37",2^1 * 3^2 * 5^1 * 7^2 * 17^1 * 37^1,0,"11,13,19,23,29,31,41,43,47,53,59",
1680,2,"2,3,5,7,41",2^4 * 3^1 * 5^1 * 7^1 * 41^2,0,"11,13,17,19,23,29,31,37,43,47,53,59",
1681,2,"2,29,41",2^1 * 29^2 * 41^2,0,"3,5,7,11,13,17,19,23,31,37,43,47,53,59",
1682,2,"2,3,11,17,29",2^1 * 3^2 * 11^1 * 17^1 * 29^2,0,"5,7,13,19,23,31,37,41,43,47,53,59",
1700,2,"2,3,5,7,17",2^2 * 3^5 * 5^2 * 7^1 * 17^1,0,"11,13,19,23,29,31,37,41,43,47,53,59",
1701,2,"2,3,7,23,37",2^1 * 3^5 * 7^1 * 23^1 * 37^1,0,"5,11,13,17,19,29,31,41,43,47,53,59",
1710,2,"2,3,5,19,29,59",2^1 * 3^2 * 5^1 * 19^1 * 29^1 * 59^1,0,"7,11,13,17,23,31,37,41,43,47,53",
1715,2,"2,3,5,7,11,13",2^2 * 3^1 * 5^1 * 7^3 * 11^1 * 13^1,0,"17,19,23,29,31,37,41,43,47,53,59",
1728,2,"2,3,7,13,19",2^6 * 3^3 * 7^1 * 13^1 * 19^1,0,"5,11,17,23,29,31,37,41,43,47,53,59",
1739,2,"2,3,5,29,37,47",2^2 * 3^1 * 5^1 * 29^1 * 37^1 * 47^1,0,"7,11,13,17,19,23,31,41,43,53,59",
1748,2,"2,3,11,19,23,53",2^2 * 3^1 * 11^1 * 19^1 * 23^1 * 53^1,0,"5,7,13,17,29,31,37,41,43,47,59",
1749,2,"2,3,5,7,11,53",2^1 * 3^1 * 5^3 * 7^1 * 11^1 * 53^1,0,"13,17,19,23,29,31,37,41,43,47,59",
1763,2,"2,3,7,41,43",2^2 * 3^2 * 7^2 * 41^1 * 43^1,0,"5,11,13,17,19,23,29,31,37,47,53,59",
1767,2,"2,3,13,17,19,31",2^3 * 3^1 * 13^1 * 17^1 * 19^1 * 31^1,0,"5,7,11,23,29,37,41,43,47,53,59",
1770,2,"2,3,5,7,11,23,59",2^1 * 3^1 * 5^1 * 7^1 * 11^1 * 23^1 * 59^1,0,"13,17,19,29,31,37,41,43,47,53",
1785,2,"2,3,5,7,17,19,47",2^1 * 3^1 * 5^1 * 7^1 * 17^1 * 19^1 * 47^1,0,"11,13,23,29,31,37,41,43,53,59",
1804,2,"2,5,11,19,41",2^2 * 5^1 * 11^1 * 19^2 * 41^1,0,"3,7,13,17,23,29,31,37,43,47,53,59",
1805,2,"2,3,5,7,19,43",2^1 * 3^1 * 5^1 * 7^1 * 19^2 * 43^1,0,"11,13,17,23,29,31,37,41,47,53,59",
1848,2,"2,3,7,11,43",2^3 * 3^1 * 7^1 * 11^1 * 43^2,0,"5,13,17,19,23,29,31,37,41,47,53,59",
1849,2,"2,5,37,43",2^1 * 5^2 * 37^1 * 43^2,0,"3,7,11,13,17,19,23,29,31,41,47,53,59",
1855,2,"2,5,7,29,53",2^6 * 5^1 * 7^1 * 29^1 * 53^1,0,"3,11,13,17,19,23,31,37,41,43,47,59",
1859,2,"2,3,5,11,13,31",2^2 * 3^1 * 5^1 * 11^1 * 13^2 * 31^1,0,"7,17,19,23,29,37,41,43,47,53,59",
1862,2,"2,3,7,19,23",2^1 * 3^4 * 7^2 * 19^1 * 23^1,0,"5,11,13,17,29,31,37,41,43,47,53,59",
1880,2,"2,3,5,11,19,47",2^3 * 3^2 * 5^1 * 11^1 * 19^1 * 47^1,0,"7,13,17,23,29,31,37,41,43,53,59",
1885,2,"2,5,13,23,29,41",2^1 * 5^1 * 13^1 * 23^1 * 29^1 * 41^1,0,"3,7,11,17,19,31,37,43,47,53,59",
1886,2,"2,3,17,23,37,41",2^1 * 3^1 * 17^1 * 23^1 * 37^1 * 41^1,0,"5,7,11,13,19,29,31,43,47,53,59",
1887,2,"2,3,17,37,59",2^5 * 3^1 * 17^1 * 37^1 * 59^1,0,"5,7,11,13,19,23,29,31,41,43,47,53",
1924,2,"2,5,7,11,13,37",2^2 * 5^2 * 7^1 * 11^1 * 13^1 * 37^1,0,"3,17,19,23,29,31,41,43,47,53,59",
1935,2,"2,3,5,11,43",2^4 * 3^2 * 5^1 * 11^2 * 43^1,0,"7,13,17,19,23,29,31,37,41,47,53,59",
1960,2,"2,5,7,37,53",2^3 * 5^1 * 7^2 * 37^1 * 53^1,0,"3,11,13,17,19,23,29,31,41,43,47,59",
2000,2,"2,3,5,23,29",2^4 * 3^1 * 5^3 * 23^1 * 29^1,0,"7,11,13,17,19,31,37,41,43,47,53,59",
2001,2,"2,3,7,11,13,23,29",2^1 * 3^1 * 7^1 * 11^1 * 13^1 * 23^1 * 29^1,0,"5,17,19,31,37,41,43,47,53,59",
2014,2,"2,5,13,19,31,53",2^1 * 5^1 * 13^1 * 19^1 * 31^1 * 53^1,0,"3,7,11,17,23,29,37,41,43,47,59",
2015,2,"2,3,5,7,13,31",2^5 * 3^2 * 5^1 * 7^1 * 13^1 * 31^1,0,"11,17,19,23,29,37,41,43,47,53,59",
2023,2,"2,7,11,17,23",2^3 * 7^1 * 11^1 * 17^2 * 23^1,0,"3,5,13,19,29,31,37,41,43,47,53,59",
2024,2,"2,3,5,11,23",2^3 * 3^4 * 5^2 * 11^1 * 23^1,0,"7,13,17,19,29,31,37,41,43,47,53,59",
2057,2,"2,3,7,11,17",2^1 * 3^1 * 7^3 * 11^2 * 17^1,0,"5,13,19,23,29,31,37,41,43,47,53,59",
2064,2,"2,3,5,7,43,59",2^4 * 3^1 * 5^1 * 7^1 * 43^1 * 59^1,0,"11,13,17,19,23,29,31,37,41,47,53",
2067,2,"2,3,11,13,47,53",2^2 * 3^1 * 11^1 * 13^1 * 47^1 * 53^1,0,"5,7,17,19,23,29,31,37,41,43,59",
2079,2,"2,3,5,7,11,13",2^5 * 3^3 * 5^1 * 7^1 * 11^1 * 13^1,0,"17,19,23,29,31,37,41,43,47,53,59",
2090,2,"2,3,5,11,17,19,41",2^1 * 3^1 * 5^1 * 11^1 * 17^1 * 19^1 * 41^1,0,"7,13,23,29,31,37,43,47,53,59",
2106,2,"2,3,7,13,43",2^1 * 3^4 * 7^2 * 13^1 * 43^1,0,"5,11,17,19,23,29,31,37,41,47,53,59",
2107,2,"2,7,17,31,43",2^2 * 7^2 * 17^1 * 31^1 * 43^1,0,"3,5,11,13,19,23,29,37,41,47,53,59",
2108,2,"2,3,17,19,31,37",2^2 * 3^1 * 17^1 * 19^1 * 31^1 * 37^1,0,"5,7,11,13,23,29,41,43,47,53,59",
2115,2,"2,3,5,23,47",2^2 * 3^2 * 5^1 * 23^2 * 47^1,0,"7,11,13,17,19,29,31,37,41,43,53,59",
2124,2,"2,3,5,17,59",2^2 * 3^2 * 5^3 * 17^1 * 59^1,0,"7,11,13,19,23,29,31,37,41,43,47,53",
2145,2,"2,3,5,11,13,29,37",2^1 * 3^1 * 5^1 * 11^1 * 13^1 * 29^1 * 37^1,0,"7,17,19,23,31,41,43,47,53,59",
2175,2,"2,3,5,17,29",2^7 * 3^1 * 5^2 * 17^1 * 29^1,0,"7,11,13,19,23,31,37,41,43,47,53,59",
2183,2,"2,3,7,13,37,59",2^3 * 3^1 * 7^1 * 13^1 * 37^1 * 59^1,0,"5,11,17,19,23,29,31,41,43,47,53",
2184,2,"2,3,5,7,13,19,23",2^3 * 3^1 * 5^1 * 7^1 * 13^1 * 19^1 * 23^1,0,"11,17,29,31,37,41,43,47,53,59",
2204,2,"2,3,5,7,19,29",2^2 * 3^2 * 5^1 * 7^2 * 19^1 * 29^1,0,"11,13,17,23,31,37,41,43,47,53,59",
2208,2,"2,3,23,47",2^5 * 3^1 * 23^1 * 47^2,0,"5,7,11,13,17,19,29,31,37,41,43,53,59",
2209,2,"2,5,13,17,47",2^1 * 5^1 * 13^1 * 17^1 * 47^2,0,"3,7,11,19,23,29,31,37,41,43,53,59",
2232,2,"2,3,7,11,29,31",2^3 * 3^2 * 7^1 * 11^1 * 29^1 * 31^1,0,"5,13,17,19,23,37,41,43,47,53,59",
2254,2,"2,5,7,11,23,41",2^1 * 5^1 * 7^2 * 11^1 * 23^1 * 41^1,0,"3,13,17,19,29,31,37,43,47,53,59",
2255,2,"2,3,5,11,41,47",2^4 * 3^1 * 5^1 * 11^1 * 41^1 * 47^1,0,"7,13,17,19,23,29,31,37,43,53,59",
2261,2,"2,3,7,13,17,19,29",2^1 * 3^1 * 7^1 * 13^1 * 17^1 * 19^1 * 29^1,0,"5,11,23,31,37,41,43,47,53,59",
2279,2,"2,3,5,19,43,53",2^3 * 3^1 * 5^1 * 19^1 * 43^1 * 53^1,0,"7,11,13,17,23,29,31,37,41,47,59",
2294,2,"2,3,5,17,31,37",2^1 * 3^3 * 5^1 * 17^1 * 31^1 * 37^1,0,"7,11,13,19,23,29,41,43,47,53,59",
2295,2,"2,3,5,7,17,41",2^3 * 3^3 * 5^1 * 7^1 * 17^1 * 41^1,0,"11,13,19,23,29,31,37,43,47,53,59",
2299,2,"2,5,11,19,23",2^2 * 5^2 * 11^2 * 19^1 * 23^1,0,"3,7,13,17,29,31,37,41,43,47,53,59",
2300,2,"2,3,5,13,23,59",2^2 * 3^1 * 5^2 * 13^1 * 23^1 * 59^1,0,"7,11,17,19,29,31,37,41,43,47,53",
2303,2,"2,3,7,47",2^8 * 3^2 * 7^2 * 47^1,0,"5,11,13,17,19,23,29,31,37,41,43,53,59",
2331,2,"2,3,7,11,37,53",2^2 * 3^2 * 7^1 * 11^1 * 37^1 * 53^1,0,"5,13,17,19,23,29,31,41,43,47,59",
2349,2,"2,3,5,29,47",2^1 * 3^4 * 5^2 * 29^1 * 47^1,0,"7,11,13,17,19,23,31,37,41,43,53,59",
2365,2,"2,5,7,11,13,43",2^1 * 5^1 * 7^1 * 11^1 * 13^2 * 43^1,0,"3,17,19,23,29,31,37,41,47,53,59",
2375,2,"2,3,5,11,19",2^3 * 3^3 * 5^3 * 11^1 * 19^1,0,"7,13,17,23,29,31,37,41,43,47,53,59",
2400,2,"2,3,5,7",2^5 * 3^1 * 5^2 * 7^4,0,"11,13,17,19,23,29,31,37,41,43,47,53,59",
2418,2,"2,3,13,31,41,59",2^1 * 3^1 * 13^1 * 31^1 * 41^1 * 59^1,0,"5,7,11,17,19,23,29,37,43,47,53",
2419,2,"2,5,11,41,59",2^2 * 5^1 * 11^2 * 41^1 * 59^1,0,"3,7,13,17,19,23,29,31,37,43,47,53",
2430,2,"2,3,5,11,13,17",2^1 * 3^5 * 5^1 * 11^1 * 13^1 * 17^1,0,"7,19,23,29,31,37,41,43,47,53,59",
2431,2,"2,11,13,17,19",2^7 * 11^1 * 13^1 * 17^1 * 19^1,0,"3,5,7,23,29,31,37,41,43,47,53,59",
2450,2,"2,3,5,7,19,43",2^1 * 3^1 * 5^2 * 7^2 * 19^1 * 43^1,0,"11,13,17,23,29,31,37,41,47,53,59",
2464,2,"2,5,7,11,17,29",2^5 * 5^1 * 7^1 * 11^1 * 17^1 * 29^1,0,"3,13,19,23,31,37,41,43,47,53,59",
2499,2,"2,3,5,7,17",2^2 * 3^1 * 5^4 * 7^2 * 17^1,0,"11,13,19,23,29,31,37,41,43,47,53,59",
2537,2,"2,3,43,47,59",2^1 * 3^3 * 43^1 * 47^1 * 59^1,0,"5,7,11,13,17,19,23,29,31,37,41,53",
2541,2,"2,3,7,11,31,41",2^1 * 3^1 * 7^1 * 11^2 * 31^1 * 41^1,0,"5,13,17,19,23,29,37,43,47,53,59",
2552,2,"2,3,11,23,29,37",2^3 * 3^1 * 11^1 * 23^1 * 29^1 * 37^1,0,"5,7,13,17,19,31,41,43,47,53,59",
2583,2,"2,3,7,17,19,41",2^3 * 3^2 * 7^1 * 17^1 * 19^1 * 41^1,0,"5,11,13,23,29,31,37,43,47,53,59",
2584,2,"2,5,11,17,19,47",2^3 * 5^1 * 11^1 * 17^1 * 19^1 * 47^1,0,"3,7,13,23,29,31,37,41,43,53,59",
2596,2,"2,7,11,53,59",2^2 * 7^2 * 11^1 * 53^1 * 59^1,0,"3,5,13,17,19,23,29,31,37,41,43,47",
2600,2,"2,3,5,13,17",2^3 * 3^2 * 5^2 * 13^1 * 17^2,0,"7,11,19,23,29,31,37,41,43,47,53,59",
2624,2,"2,3,5,7,41",2^6 * 3^1 * 5^3 * 7^1 * 41^1,0,"11,13,17,19,23,29,31,37,43,47,53,59",
2639,2,"2,3,5,7,11,13,29",2^4 * 3^1 * 5^1 * 7^1 * 11^1 * 13^1 * 29^1,0,"17,19,23,31,37,41,43,47,53,59",
2645,2,"2,3,5,7,23",2^1 * 3^3 * 5^1 * 7^2 * 23^2,0,"11,13,17,19,29,31,37,41,43,47,53,59",
2664,2,"2,3,5,13,37,41",2^3 * 3^2 * 5^1 * 13^1 * 37^1 * 41^1,0,"7,11,17,19,23,29,31,43,47,53,59",
2665,2,"2,5,13,31,41,43",2^1 * 5^1 * 13^1 * 31^1 * 41^1 * 43^1,0,"3,7,11,17,19,23,29,37,47,53,59",
2703,2,"2,3,13,17,53",2^4 * 3^1 * 13^2 * 17^1 * 53^1,0,"5,7,11,19,23,29,31,37,41,43,47,59",
2736,2,"2,3,7,17,19,23",2^4 * 3^2 * 7^1 * 17^1 * 19^1 * 23^1,0,"5,11,13,29,31,37,41,43,47,53,59",
2737,2,"2,7,17,23,37",2^1 * 7^1 * 17^1 * 23^1 * 37^2,0,"3,5,11,13,19,29,31,41,43,47,53,59",
2754,2,"2,3,5,17,19,29",2^1 * 3^4 * 5^1 * 17^1 * 19^1 * 29^1,0,"7,11,13,23,31,37,41,43,47,53,59",
2755,2,"2,5,13,19,29,53",2^2 * 5^1 * 13^1 * 19^1 * 29^1 * 53^1,0,"3,7,11,17,23,31,37,41,43,47,59",
2772,2,"2,3,7,11,47,59",2^2 * 3^2 * 7^1 * 11^1 * 47^1 * 59^1,0,"5,13,17,19,23,29,31,37,41,43,53",
2783,2,"2,3,11,23,29",2^5 * 3^1 * 11^2 * 23^1 * 29^1,0,"5,7,13,17,19,31,37,41,43,47,53,59",
2808,2,"2,3,13,53",2^3 * 3^3 * 13^1 * 53^2,0,"5,7,11,17,19,23,29,31,37,41,43,47,59",
2820,2,"2,3,5,7,13,31,47",2^2 * 3^1 * 5^1 * 7^1 * 13^1 * 31^1 * 47^1,0,"11,17,19,23,29,37,41,43,53,59",
2849,2,"2,3,5,7,11,19,37",2^1 * 3^1 * 5^2 * 7^1 * 11^1 * 19^1 * 37^1,0,"13,17,23,29,31,41,43,47,53,59",
2870,2,"2,3,5,7,11,29,41",2^1 * 3^2 * 5^1 * 7^1 * 11^1 * 29^1 * 41^1,0,"13,17,19,23,31,37,43,47,53,59",
2890,2,"2,5,7,17,59",2^1 * 5^1 * 7^2 * 17^2 * 59^1,0,"3,11,13,19,23,29,31,37,41,43,47,53",
2914,2,"2,5,11,31,47,53",2^1 * 5^1 * 11^1 * 31^1 * 47^1 * 53^1,0,"3,7,13,17,19,23,29,37,41,43,59",
2915,2,"2,3,5,11,53",2^2 * 3^6 * 5^1 * 11^1 * 53^1,0,"7,13,17,19,23,29,31,37,41,43,47,59",
2924,2,"2,3,5,13,17,43",2^2 * 3^2 * 5^2 * 13^1 * 17^1 * 43^1,0,"7,11,19,23,29,31,37,41,47,53,59",
2925,2,"2,3,5,7,11,13,19",2^1 * 3^2 * 5^2 * 7^1 * 11^1 * 13^1 * 19^1,0,"17,23,29,31,37,41,43,47,53,59",
2944,2,"2,5,19,23,31",2^7 * 5^1 * 19^1 * 23^1 * 31^1,0,"3,7,11,13,17,29,37,41,43,47,53,59",
2960,2,"2,3,5,7,37,47",2^4 * 3^2 * 5^1 * 7^1 * 37^1 * 47^1,0,"11,13,17,19,23,29,31,41,43,53,59",
2967,2,"2,3,7,23,43,53",2^3 * 3^1 * 7^1 * 23^1 * 43^1 * 53^1,0,"5,11,13,17,19,29,31,37,41,47,59",
2975,2,"2,3,5,7,17,31",2^5 * 3^1 * 5^2 * 7^1 * 17^1 * 31^1,0,"11,13,19,23,29,37,41,43,47,53,59",
3008,2,"2,3,17,47,59",2^6 * 3^1 * 17^1 * 47^1 * 59^1,0,"5,7,11,13,19,23,29,31,37,41,43,53",
3009,2,"2,3,5,7,17,43,59",2^1 * 3^1 * 5^1 * 7^1 * 17^1 * 43^1 * 59^1,0,"11,13,19,23,29,31,37,41,47,53",
3024,2,"2,3,5,7,11",2^4 * 3^3 * 5^2 * 7^1 * 11^2,0,"13,17,19,23,29,31,37,41,43,47,53,59",
3059,2,"2,3,5,7,17,19,23",2^2 * 3^2 * 5^1 * 7^1 * 17^1 * 19^1 * 23^1,0,"11,13,29,31,37,41,43,47,53,59",
3068,2,"2,3,11,13,31,59",2^2 * 3^2 * 11^1 * 13^1 * 31^1 * 59^1,0,"5,7,17,19,23,29,37,41,43,47,53",
3074,2,"2,3,5,29,41,53",2^1 * 3^1 * 5^2 * 29^1 * 41^1 * 53^1,0,"7,11,13,17,19,23,31,37,43,47,59",
3127,2,"2,17,23,53,59",2^3 * 17^1 * 23^1 * 53^1 * 59^1,0,"3,5,7,11,13,19,29,31,37,41,43,47",
3135,2,"2,3,5,7,11,19",2^6 * 3^1 * 5^1 * 7^2 * 11^1 * 19^1,0,"13,17,23,29,31,37,41,43,47,53,59",
3145,2,"2,5,11,13,17,37",2^1 * 5^1 * 11^2 * 13^1 * 17^1 * 37^1,0,"3,7,19,23,29,31,41,43,47,53,59",
3179,2,"2,3,5,11,17,53",2^2 * 3^1 * 5^1 * 11^1 * 17^2 * 53^1,0,"7,13,19,23,29,31,37,41,43,47,59",
3185,2,"2,3,5,7,13,59",2^1 * 3^3 * 5^1 * 7^2 * 13^1 * 59^1,0,"11,17,19,23,29,31,37,41,43,47,53",
3219,2,"2,3,5,7,23,29,37",2^2 * 3^1 * 5^1 * 7^1 * 23^1 * 29^1 * 37^1,0,"11,13,17,19,31,41,43,47,53,59",
3224,2,"2,3,5,13,31,43",2^3 * 3^1 * 5^2 * 13^1 * 31^1 * 43^1,0,"7,11,17,19,23,29,37,41,47,53,59",
3248,2,"2,3,7,19,29",2^4 * 3^2 * 7^1 * 19^2 * 29^1,0,"5,11,13,17,23,31,37,41,43,47,53,59",
3249,2,"2,3,5,13,19",2^1 * 3^2 * 5^3 * 13^1 * 19^2,0,"7,11,17,23,29,31,37,41,43,47,53,59",
3255,2,"2,3,5,7,11,31,37",2^3 * 3^1 * 5^1 * 7^1 * 11^1 * 31^1 * 37^1,0,"13,17,19,23,29,41,43,47,53,59",
3267,2,"2,3,11,19,43",2^2 * 3^3 * 11^2 * 19^1 * 43^1,0,"5,7,13,17,23,29,31,37,41,47,53,59",
3289,2,"2,5,7,11,13,23,47",2^1 * 5^1 * 7^1 * 11^1 * 13^1 * 23^1 * 47^1,0,"3,17,19,29,31,37,41,43,53,59",
3311,2,"2,3,7,11,23,43",2^4 * 3^2 * 7^1 * 11^1 * 23^1 * 43^1,0,"5,13,17,19,29,31,37,41,47,53,59",
3362,2,"2,3,19,41,59",2^1 * 3^1 * 19^1 * 41^2 * 59^1,0,"5,7,11,13,17,23,29,31,37,43,47,53",
3363,2,"2,3,19,29,59",2^2 * 3^1 * 19^1 * 29^2 * 59^1,0,"5,7,11,13,17,23,31,37,41,43,47,53",
3366,2,"2,3,7,11,13,17,37",2^1 * 3^2 * 7^1 * 11^1 * 13^1 * 17^1 * 37^1,0,"5,19,23,29,31,41,43,47,53,59",
3380,2,"2,3,5,7,13,23",2^2 * 3^1 * 5^1 * 7^2 * 13^2 * 23^1,0,"11,17,19,29,31,37,41,43,47,53,59",
3392,2,"2,3,13,29,53",2^6 * 3^2 * 13^1 * 29^1 * 53^1,0,"5,7,11,17,19,23,31,37,41,43,47,59",
3440,2,"2,3,5,31,37,43",2^4 * 3^1 * 5^1 * 31^1 * 37^1 * 43^1,0,"7,11,13,17,19,23,29,41,47,53,59",
3444,2,"2,3,5,7,13,41,53",2^2 * 3^1 * 5^1 * 7^1 * 13^1 * 41^1 * 53^1,0,"11,17,19,23,29,31,37,43,47,59",
3450,2,"2,3,5,7,17,23,29",2^1 * 3^1 * 5^2 * 7^1 * 17^1 * 23^1 * 29^1,0,"11,13,19,31,37,41,43,47,53,59",
3480,2,"2,3,5,29,59",2^3 * 3^1 * 5^1 * 29^1 * 59^2,0,"7,11,13,17,19,23,31,37,41,43,47,53",
3509,2,"2,3,5,11,13,29",2^1 * 3^3 * 5^1 * 11^2 * 13^1 * 29^1,0,"7,17,19,23,31,37,41,43,47,53,59",
3519,2,"2,3,5,11,17,23",2^6 * 3^2 * 5^1 * 11^1 * 17^1 * 23^1,0,"7,13,19,29,31,37,41,43,47,53,59",
3525,2,"2,3,5,41,43,47",2^1 * 3^1 * 5^2 * 41^1 * 43^1 * 47^1,0,"7,11,13,17,19,23,29,31,37,53,59",
3552,2,"2,3,11,17,19,37",2^5 * 3^1 * 11^1 * 17^1 * 19^1 * 37^1,0,"5,7,13,23,29,31,41,43,47,53,59",
3564,2,"2,3,5,11,23,31",2^2 * 3^4 * 5^1 * 11^1 * 23^1 * 31^1,0,"7,13,17,19,29,37,41,43,47,53,59",
3625,2,"2,5,7,29,37",2^1 * 5^3 * 7^2 * 29^1 * 37^1,0,"3,11,13,17,19,23,31,41,43,47,53,59",
3626,2,"2,3,7,13,31,37",2^1 * 3^2 * 7^2 * 13^1 * 31^1 * 37^1,0,"5,11,17,19,23,29,41,43,47,53,59",
3654,2,"2,3,5,7,17,29,43",2^1 * 3^2 * 5^1 * 7^1 * 17^1 * 29^1 * 43^1,0,"11,13,19,23,31,37,41,47,53,59",
3657,2,"2,3,23,31,53,59",2^1 * 3^1 * 23^1 * 31^1 * 53^1 * 59^1,0,"5,7,11,13,17,19,29,37,41,43,47",
3689,2,"2,3,5,7,17,31,41",2^1 * 3^2 * 5^1 * 7^1 * 17^1 * 31^1 * 41^1,0,"11,13,19,23,29,37,43,47,53,59",
3717,2,"2,3,7,11,13,59",2^1 * 3^2 * 7^1 * 11^1 * 13^2 * 59^1,0,"5,17,19,23,29,31,37,41,43,47,53",
3740,2,"2,3,5,11,17,29,43",2^2 * 3^1 * 5^1 * 11^1 * 17^1 * 29^1 * 43^1,0,"7,13,19,23,31,37,41,47,53,59",
3750,2,"2,3,5,11,31",2^1 * 3^1 * 5^4 * 11^2 * 31^1,0,"7,13,17,19,23,29,37,41,43,47,53,59",
3772,2,"2,7,11,23,41",2^2 * 7^3 * 11^1 * 23^1 * 41^1,0,"3,5,13,17,19,29,31,37,43,47,53,59",
3773,2,"2,3,7,11,17,37",2^1 * 3^1 * 7^3 * 11^1 * 17^1 * 37^1,0,"5,13,19,23,29,31,41,43,47,53,59",
3807,2,"2,3,7,17,47",2^5 * 3^4 * 7^1 * 17^1 * 47^1,0,"5,11,13,19,23,29,31,37,41,43,53,59",
3875,2,"2,3,5,17,19,31",2^2 * 3^1 * 5^3 * 17^1 * 19^1 * 31^1,0,"7,11,13,23,29,37,41,43,47,53,59",
3887,2,"2,3,13,23",2^4 * 3^5 * 13^2 * 23^1,0,"5,7,11,17,19,29,31,37,41,43,47,53,59",
3894,2,"2,3,5,11,19,41,59",2^1 * 3^1 * 5^1 * 11^1 * 19^1 * 41^1 * 59^1,0,"7,13,17,23,29,31,37,43,47,53",
3968,2,"2,3,7,31",2^7 * 3^4 * 7^2 * 31^1,0,"5,11,13,17,19,23,29,37,41,43,47,53,59",
3995,2,"2,3,5,17,37,47",2^2 * 3^3 * 5^1 * 17^1 * 37^1 * 47^1,0,"7,11,13,19,23,29,31,41,43,53,59",
3999,2,"2,3,5,31,43",2^5 * 3^1 * 5^3 * 31^1 * 43^1,0,"7,11,13,17,19,23,29,37,41,47,53,59",
4059,2,"2,3,5,7,11,29,41",2^2 * 3^2 * 5^1 * 7^1 * 11^1 * 29^1 * 41^1,0,"13,17,19,23,31,37,43,47,53,59",
4070,2,"2,3,5,11,23,37,59",2^1 * 3^1 * 5^1 * 11^1 * 23^1 * 37^1 * 59^1,0,"7,13,17,19,29,31,41,43,47,53",
4080,2,"2,3,5,7,11,17,53",2^4 * 3^1 * 5^1 * 7^1 * 11^1 * 17^1 * 53^1,0,"13,19,23,29,31,37,41,43,47,59",
4095,2,"2,3,5,7,13",2^12 * 3^2 * 5^1 * 7^1 * 13^1,0,"11,17,19,23,29,31,37,41,43,47,53,59",
4130,2,"2,3,5,7,17,59",2^1 * 3^5 * 5^1 * 7^1 * 17^1 * 59^1,0,"11,13,19,23,29,31,37,41,43,47,53",
4185,2,"2,3,5,7,13,23,31",2^1 * 3^3 * 5^1 * 7^1 * 13^1 * 23^1 * 31^1,0,"11,17,19,29,37,41,43,47,53,59",
4199,2,"2,3,5,7,13,17,19",2^3 * 3^1 * 5^2 * 7^1 * 13^1 * 17^1 * 19^1,0,"11,23,29,31,37,41,43,47,53,59",
4224,2,"2,3,5,11,13",2^7 * 3^1 * 5^2 * 11^1 * 13^2,0,"7,17,19,23,29,31,37,41,43,47,53,59",
4255,2,"2,5,7,19,23,37",2^5 * 5^1 * 7^1 * 19^1 * 23^1 * 37^1,0,"3,11,13,17,29,31,41,43,47,53,59",
4256,2,"2,3,7,11,19,43",2^5 * 3^2 * 7^1 * 11^1 * 19^1 * 43^1,0,"5,13,17,23,29,31,37,41,47,53,59",
4263,2,"2,3,7,13,29,41",2^3 * 3^1 * 7^2 * 13^1 * 29^1 * 41^1,0,"5,11,17,19,23,31,37,43,47,53,59",
4277,2,"2,3,7,13,23,31,47",2^1 * 3^1 * 7^1 * 13^1 * 23^1 * 31^1 * 47^1,0,"5,11,17,19,29,37,41,43,53,59",
4292,2,"2,3,29,37,53",2^2 * 3^4 * 29^1 * 37^1 * 53^1,0,"5,7,11,13,17,19,23,31,41,43,47,59",
4300,2,"2,5,11,17,23,43",2^2 * 5^2 * 11^1 * 17^1 * 23^1 * 43^1,0,"3,7,13,19,29,31,37,41,47,53,59",
4346,2,"2,3,7,23,41,53",2^1 * 3^3 * 7^1 * 23^1 * 41^1 * 53^1,0,"5,11,13,17,19,29,31,37,43,47,59",
4370,2,"2,3,5,19,23,31,47",2^1 * 3^1 * 5^1 * 19^1 * 23^1 * 31^1 * 47^1,0,"7,11,13,17,29,37,41,43,53,59",
4374,2,"2,3,5,7",2^1 * 3^7 * 5^4 * 7^1,0,"11,13,17,19,23,29,31,37,41,43,47,53,59",
4464,2,"2,3,5,19,31,47",2^4 * 3^2 * 5^1 * 19^1 * 31^1 * 47^1,0,"7,11,13,17,23,29,37,41,43,53,59",
4465,2,"2,5,7,11,19,29,47",2^1 * 5^1 * 7^1 * 11^1 * 19^1 * 29^1 * 47^1,0,"3,13,17,23,31,37,41,43,53,59",
4484,2,"2,3,5,13,19,23,59",2^2 * 3^1 * 5^1 * 13^1 * 19^1 * 23^1 * 59^1,0,"7,11,17,29,31,37,41,43,47,53",
4550,2,"2,3,5,7,13,37,41",2^1 * 3^1 * 5^2 * 7^1 * 13^1 * 37^1 * 41^1,0,"11,17,19,23,29,31,43,47,53,59",
4557,2,"2,3,7,31,43,53",2^1 * 3^1 * 7^2 * 31^1 * 43^1 * 53^1,0,"5,11,13,17,19,23,29,37,41,47,59",
4624,2,"2,5,17,37",2^4 * 5^3 * 17^2 * 37^1,0,"3,7,11,13,19,23,29,31,41,43,47,53,59",
4640,2,"2,3,5,7,13,17,29",2^5 * 3^1 * 5^1 * 7^1 * 13^1 * 17^1 * 29^1,0,"11,19,23,31,37,41,43,47,53,59",
4674,2,"2,3,5,11,17,19,41",2^1 * 3^1 * 5^2 * 11^1 * 17^1 * 19^1 * 41^1,0,"7,13,23,29,31,37,43,47,53,59",
4692,2,"2,3,13,17,19,23",2^2 * 3^1 * 13^1 * 17^1 * 19^2 * 23^1,0,"5,7,11,29,31,37,41,43,47,53,59",
4719,2,"2,3,5,11,13,59",2^4 * 3^1 * 5^1 * 11^2 * 13^1 * 59^1,0,"7,17,19,23,29,31,37,41,43,47,53",
4760,2,"2,3,5,7,17,23",2^3 * 3^2 * 5^1 * 7^1 * 17^1 * 23^2,0,"11,13,19,29,31,37,41,43,47,53,59",
4773,2,"2,3,7,11,31,37,43",2^1 * 3^1 * 7^1 * 11^1 * 31^1 * 37^1 * 43^1,0,"5,13,17,19,23,29,41,47,53,59",
4784,2,"2,3,5,11,13,23,29",2^4 * 3^1 * 5^1 * 11^1 * 13^1 * 23^1 * 29^1,0,"7,17,19,31,37,41,43,47,53,59",
4875,2,"2,3,5,13,23,53",2^2 * 3^1 * 5^3 * 13^1 * 23^1 * 53^1,0,"7,11,17,19,29,31,37,41,43,47,59",
4900,2,"2,5,7,13,29",2^2 * 5^2 * 7^2 * 13^2 * 29^1,0,"3,11,17,19,23,31,37,41,43,47,53,59",
4901,2,"2,3,13,19,29,43",2^1 * 3^1 * 13^2 * 19^1 * 29^1 * 43^1,0,"5,7,11,17,23,31,37,41,47,53,59",
4913,2,"2,3,7,13,17",2^1 * 3^3 * 7^1 * 13^1 * 17^3,0,"5,11,19,23,29,31,37,41,43,47,53,59",
4920,2,"2,3,5,7,19,37,41",2^3 * 3^1 * 5^1 * 7^1 * 19^1 * 37^1 * 41^1,0,"11,13,17,23,29,31,43,47,53,59",
4928,2,"2,3,7,11,31,53",2^6 * 3^1 * 7^1 * 11^1 * 31^1 * 53^1,0,"5,13,17,19,23,29,37,41,43,47,59",
4929,2,"2,3,5,17,29,31,53",2^1 * 3^1 * 5^1 * 17^1 * 29^1 * 31^1 * 53^1,0,"7,11,13,19,23,37,41,43,47,59",
4959,2,"2,3,5,19,29,31",2^5 * 3^2 * 5^1 * 19^1 * 29^1 * 31^1,0,"7,11,13,17,23,37,41,43,47,53,59",
4960,2,"2,5,11,31,41",2^5 * 5^1 * 11^2 * 31^1 * 41^1,0,"3,7,13,17,19,23,29,37,43,47,53,59",
4991,2,"2,3,7,13,23,31",2^7 * 3^1 * 7^1 * 13^1 * 23^1 * 31^1,0,"5,11,17,19,29,37,41,43,47,53,59",
5015,2,"2,3,5,11,17,19,59",2^3 * 3^1 * 5^1 * 11^1 * 17^1 * 19^1 * 59^1,0,"7,13,23,29,31,37,41,43,47,53",
5031,2,"2,3,13,17,37,43",2^3 * 3^2 * 13^1 * 17^1 * 37^1 * 43^1,0,"5,7,11,19,23,29,31,41,47,53,59",
5074,2,"2,5,7,29,43,59",2^1 * 5^2 * 7^1 * 29^1 * 43^1 * 59^1,0,"3,11,13,17,19,23,31,37,41,47,53",
5075,2,"2,3,5,7,29,47",2^2 * 3^3 * 5^2 * 7^1 * 29^1 * 47^1,0,"11,13,17,19,23,31,37,41,43,53,59",
5082,2,"2,3,7,11,13,17,23",2^1 * 3^1 * 7^1 * 11^2 * 13^1 * 17^1 * 23^1,0,"5,19,29,31,37,41,43,47,53,59",
5083,2,"2,13,17,23,31,41",2^2 * 13^1 * 17^1 * 23^1 * 31^1 * 41^1,0,"3,5,7,11,19,29,37,43,47,53,59",
5103,2,"2,3,7,11,29",2^4 * 3^6 * 7^1 * 11^1 * 29^1,0,"5,13,17,19,23,31,37,41,43,47,53,59",
5202,2,"2,3,11,17,43",2^1 * 3^2 * 11^2 * 17^2 * 43^1,0,"5,7,13,19,23,29,31,37,41,47,53,59",
5247,2,"2,3,11,41,53",2^7 * 3^2 * 11^1 * 41^1 * 53^1,0,"5,7,13,17,19,23,29,31,37,43,47,59",
5264,2,"2,3,5,7,13,47",2^4 * 3^4 * 5^1 * 7^1 * 13^1 * 47^1,0,"11,17,19,23,29,31,37,41,43,53,59",
5289,2,"2,3,5,23,41,43",2^1 * 3^1 * 5^1 * 23^2 * 41^1 * 43^1,0,"7,11,13,17,19,29,31,37,47,53,59",
5290,2,"2,5,11,13,23,37",2^1 * 5^1 * 11^1 * 13^1 * 23^2 * 37^1,0,"3,7,17,19,29,31,41,43,47,53,59",
5291,2,"2,3,7,11,13,37",2^2 * 3^3 * 7^2 * 11^1 * 13^1 * 37^1,0,"5,17,19,23,29,31,41,43,47,53,59",
5300,2,"2,3,5,19,31,53",2^2 * 3^2 * 5^2 * 19^1 * 31^1 * 53^1,0,"7,11,13,17,23,29,37,41,43,47,59",
5375,2,"2,3,5,7,43",2^8 * 3^1 * 5^3 * 7^1 * 43^1,0,"11,13,17,19,23,29,31,37,41,47,53,59",
5405,2,"2,3,5,17,23,47,53",2^1 * 3^1 * 5^1 * 17^1 * 23^1 * 47^1 * 53^1,0,"7,11,13,19,29,31,37,41,43,59",
5439,2,"2,3,5,7,17,37",2^6 * 3^1 * 5^1 * 7^2 * 17^1 * 37^1,0,"11,13,19,23,29,31,41,43,47,53,59",
5452,2,"2,7,19,29,41,47",2^2 * 7^1 * 19^1 * 29^1 * 41^1 * 47^1,0,"3,5,11,13,17,23,31,37,43,53,59",
5487,2,"2,3,7,31,59",2^4 * 3^1 * 7^3 * 31^1 * 59^1,0,"5,11,13,17,19,23,29,37,41,43,47,53",
5499,2,"2,3,5,11,13,47",2^2 * 3^2 * 5^3 * 11^1 * 13^1 * 47^1,0,"7,17,19,23,29,31,37,41,43,53,59",
5546,2,"2,3,43,47,59",2^1 * 3^1 * 43^2 * 47^1 * 59^1,0,"5,7,11,13,17,19,23,29,31,37,41,53",
5565,2,"2,3,5,7,11,23,53",2^1 * 3^1 * 5^1 * 7^1 * 11^2 * 23^1 * 53^1,0,"13,17,19,29,31,37,41,43,47,59",
5576,2,"2,3,11,13,17,41",2^3 * 3^1 * 11^1 * 13^2 * 17^1 * 41^1,0,"5,7,19,23,29,31,37,43,47,53,59",
5589,2,"2,3,5,13,23,43",2^1 * 3^5 * 5^1 * 13^1 * 23^1 * 43^1,0,"7,11,17,19,29,31,37,41,47,53,59",
5624,2,"2,3,5,19,37",2^3 * 3^2 * 5^4 * 19^1 * 37^1,0,"7,11,13,17,23,29,31,41,43,47,53,59",
5642,2,"2,3,7,11,13,19,31",2^1 * 3^3 * 7^1 * 11^1 * 13^1 * 19^1 * 31^1,0,"5,17,23,29,37,41,43,47,53,59",
5719,2,"2,5,7,11,13,19,43",2^3 * 5^1 * 7^1 * 11^1 * 13^1 * 19^1 * 43^1,0,"3,17,23,29,31,37,41,47,53,59",
5775,2,"2,3,5,7,11,19",2^4 * 3^1 * 5^2 * 7^1 * 11^1 * 19^2,0,"13,17,23,29,31,37,41,43,47,53,59",
5780,2,"2,3,5,17,41,47",2^2 * 3^1 * 5^1 * 17^2 * 41^1 * 47^1,0,"7,11,13,19,23,29,31,37,43,53,59",
5781,2,"2,3,7,41,47,59",2^1 * 3^1 * 7^2 * 41^1 * 47^1 * 59^1,0,"5,11,13,17,19,23,29,31,37,43,53",
5796,2,"2,3,7,11,17,23,31",2^2 * 3^2 * 7^1 * 11^1 * 17^1 * 23^1 * 31^1,0,"5,13,19,29,37,41,43,47,53,59",
5830,2,"2,5,7,11,17,53",2^1 * 5^1 * 7^3 * 11^1 * 17^1 * 53^1,0,"3,13,19,23,29,31,37,41,43,47,59",
5831,2,"2,3,7,17",2^3 * 3^6 * 7^3 * 17^1,0,"5,11,13,19,23,29,31,37,41,43,47,53,59",
5887,2,"2,7,23,29",2^8 * 7^1 * 23^1 * 29^2,0,"3,5,11,13,17,19,31,37,41,43,47,53,59",
5915,2,"2,3,5,7,13,17,29",2^2 * 3^1 * 5^1 * 7^1 * 13^2 * 17^1 * 29^1,0,"11,19,23,31,37,41,43,47,53,59",
5928,2,"2,3,7,11,13,19",2^3 * 3^1 * 7^2 * 11^2 * 13^1 * 19^1,0,"5,17,23,29,31,37,41,43,47,53,59",
5984,2,"2,3,5,7,11,17,19",2^5 * 3^2 * 5^1 * 7^1 * 11^1 * 17^1 * 19^1,0,"13,23,29,31,37,41,43,47,53,59",
6068,2,"2,3,7,17,37,41",2^2 * 3^1 * 7^1 * 17^2 * 37^1 * 41^1,0,"5,11,13,19,23,29,31,43,47,53,59",
6075,2,"2,3,5,7,31",2^2 * 3^5 * 5^2 * 7^2 * 31^1,0,"11,13,17,19,23,29,37,41,43,47,53,59",
6136,2,"2,13,17,19,59",2^3 * 13^1 * 17^1 * 19^2 * 59^1,0,"3,5,7,11,23,29,31,37,41,43,47,53",
6137,2,"2,3,11,17,19,31",2^1 * 3^2 * 11^1 * 17^1 * 19^2 * 31^1,0,"5,7,13,23,29,37,41,43,47,53,59",
6148,2,"2,11,13,29,43,53",2^2 * 11^1 * 13^1 * 29^1 * 43^1 * 53^1,0,"3,5,7,17,19,23,31,37,41,47,59",
6149,2,"2,3,5,11,13,41,43",2^1 * 3^1 * 5^2 * 11^1 * 13^1 * 41^1 * 43^1,0,"7,17,19,23,29,31,37,47,53,59",
6174,2,"2,3,5,7,13,19",2^1 * 3^2 * 5^2 * 7^3 * 13^1 * 19^1,0,"11,17,23,29,31,37,41,43,47,53,59",
6200,2,"2,3,5,13,31,53",2^3 * 3^2 * 5^2 * 13^1 * 31^1 * 53^1,0,"7,11,17,19,23,29,37,41,43,47,59",
6250,2,"2,5,7,19,47",2^1 * 5^5 * 7^1 * 19^1 * 47^1,0,"3,11,13,17,23,29,31,37,41,43,53,59",
6253,2,"2,13,37,53,59",2^1 * 13^2 * 37^1 * 53^1 * 59^1,0,"3,5,7,11,17,19,23,29,31,41,43,47",
6272,2,"2,3,7,17,41",2^7 * 3^2 * 7^2 * 17^1 * 41^1,0,"5,11,13,19,23,29,31,37,43,47,53,59",
6292,2,"2,7,11,13,29,31",2^2 * 7^1 * 11^2 * 13^1 * 29^1 * 31^1,0,"3,5,17,19,23,37,41,43,47,53,59",
6324,2,"2,3,5,11,17,23,31",2^2 * 3^1 * 5^2 * 11^1 * 17^1 * 23^1 * 31^1,0,"7,13,19,29,37,41,43,47,53,59",
6479,2,"2,3,5,11,19,31",2^4 * 3^4 * 5^1 * 11^1 * 19^1 * 31^1,0,"7,13,17,23,29,37,41,43,47,53,59",
6560,2,"2,3,5,41",2^5 * 3^8 * 5^1 * 41^1,0,"7,11,13,17,19,23,29,31,37,43,47,53,59",
6578,2,"2,3,11,13,17,23,43",2^1 * 3^2 * 11^1 * 13^1 * 17^1 * 23^1 * 43^1,0,"5,7,19,29,31,37,41,47,53,59",
6579,2,"2,3,5,7,17,43,47",2^2 * 3^2 * 5^1 * 7^1 * 17^1 * 43^1 * 47^1,0,"11,13,19,23,29,31,37,41,53,59",
6600,2,"2,3,5,7,11,23,41",2^3 * 3^1 * 5^2 * 7^1 * 11^1 * 23^1 * 41^1,0,"13,17,19,29,31,37,43,47,53,59",
6624,2,"2,3,5,23,53",2^5 * 3^2 * 5^3 * 23^1 * 53^1,0,"7,11,13,17,19,29,31,37,41,43,47,59",
6655,2,"2,5,11,13",2^9 * 5^1 * 11^3 * 13^1,0,"3,7,17,19,23,29,31,37,41,43,47,53,59",
6664,2,"2,5,7,17,31,43",2^3 * 5^1 * 7^2 * 17^1 * 31^1 * 43^1,0,"3,11,13,19,23,29,37,41,47,53,59",
6669,2,"2,3,5,13,19,23,29",2^1 * 3^3 * 5^1 * 13^1 * 19^1 * 23^1 * 29^1,0,"7,11,17,31,37,41,43,47,53,59",
6720,2,"2,3,5,7,11,13,47",2^6 * 3^1 * 5^1 * 7^1 * 11^1 * 13^1 * 47^1,0,"17,19,23,29,31,37,41,43,53,59",
6726,2,"2,3,7,19,31,59",2^1 * 3^1 * 7^1 * 19^1 * 31^2 * 59^1,0,"5,11,13,17,23,29,37,41,43,47,53",
6727,2,"2,7,29,31",2^3 * 7^1 * 29^2 * 31^2,0,"3,5,11,13,17,19,23,37,41,43,47,53,59",
6783,2,"2,3,7,17,19,53",2^7 * 3^1 * 7^1 * 17^1 * 19^1 * 53^1,0,"5,11,13,23,29,31,37,41,43,47,59",
6784,2,"2,5,23,53,59",2^7 * 5^1 * 23^1 * 53^1 * 59^1,0,"3,7,11,13,17,19,29,31,37,41,43,47",
6785,2,"2,3,5,13,23,29,59",2^1 * 3^2 * 5^1 * 13^1 * 23^1 * 29^1 * 59^1,0,"7,11,17,19,31,37,41,43,47,53",
6844,2,"2,5,29,37,59",2^2 * 5^1 * 29^1 * 37^2 * 59^1,0,"3,7,11,13,17,19,23,31,41,43,47,53",
6859,2,"2,5,7,19",2^2 * 5^1 * 7^3 * 19^3,0,"3,11,13,17,23,29,31,37,41,43,47,53,59",
6902,2,"2,3,7,13,17,29,59",2^1 * 3^2 * 7^1 * 13^1 * 17^1 * 29^1 * 59^1,0,"5,11,19,23,31,37,41,43,47,53",
6929,2,"2,3,5,7,11,13,41",2^1 * 3^2 * 5^1 * 7^1 * 11^1 * 13^2 * 41^1,0,"17,19,23,29,31,37,43,47,53,59",
6992,2,"2,3,7,19,23,37",2^4 * 3^3 * 7^1 * 19^1 * 23^1 * 37^1,0,"5,11,13,17,29,31,41,43,47,53,59",
7020,2,"2,3,5,7,13,17,59",2^2 * 3^3 * 5^1 * 7^1 * 13^1 * 17^1 * 59^1,0,"11,19,23,29,31,37,41,43,47,53",
7049,2,"2,3,5,7,19,47,53",2^1 * 3^1 * 5^2 * 7^1 * 19^1 * 47^1 * 53^1,0,"11,13,17,23,29,31,37,41,43,59",
7104,2,"2,3,5,7,29,37",2^6 * 3^1 * 5^1 * 7^2 * 29^1 * 37^1,0,"11,13,17,19,23,31,41,43,47,53,59",
7105,2,"2,5,7,11,17,19,29",2^1 * 5^1 * 7^2 * 11^1 * 17^1 * 19^1 * 29^1,0,"3,13,23,31,37,41,43,47,53,59",
7139,2,"2,3,5,7,11,17,59",2^2 * 3^1 * 5^1 * 7^1 * 11^2 * 17^1 * 59^1,0,"13,19,23,29,31,37,41,43,47,53",
7175,2,"2,3,5,7,13,23,41",2^3 * 3^1 * 5^2 * 7^1 * 13^1 * 23^1 * 41^1,0,"11,17,19,29,31,37,43,47,53,59",
7191,2,"2,3,17,29,31,47",2^3 * 3^2 * 17^1 * 29^1 * 31^1 * 47^1,0,"5,7,11,13,19,23,37,41,43,53,59",
7215,2,"2,3,5,11,13,37,41",2^4 * 3^1 * 5^1 * 11^1 * 13^1 * 37^1 * 41^1,0,"7,17,19,23,29,31,43,47,53,59",
7224,2,"2,3,5,7,17,43",2^3 * 3^1 * 5^2 * 7^1 * 17^2 * 43^1,0,"11,13,19,23,29,31,37,41,47,53,59",
7314,2,"2,3,5,7,11,19,23,53",2^1 * 3^1 * 5^1 * 7^1 * 11^1 * 19^1 * 23^1 * 53^1,0,"13,17,29,31,37,41,43,47,59",
7315,2,"2,5,7,11,19,31,59",2^2 * 5^1 * 7^1 * 11^1 * 19^1 * 31^1 * 59^1,0,"3,13,17,23,29,37,41,43,47,53",
7395,2,"2,3,5,17,29,43",2^2 * 3^1 * 5^1 * 17^1 * 29^1 * 43^2,0,"7,11,13,19,23,31,37,41,47,53,59",
7424,2,"2,3,5,11,29",2^8 * 3^3 * 5^2 * 11^1 * 29^1,0,"7,13,17,19,23,31,37,41,43,47,53,59",
7524,2,"2,3,5,7,11,19,43",2^2 * 3^2 * 5^2 * 7^1 * 11^1 * 19^1 * 43^1,0,"13,17,23,29,31,37,41,47,53,59",
7567,2,"2,7,11,23,43,47",2^4 * 7^1 * 11^1 * 23^1 * 43^1 * 47^1,0,"3,5,13,17,19,29,31,37,41,53,59",
7568,2,"2,3,11,29,43",2^4 * 3^2 * 11^1 * 29^2 * 43^1,0,"5,7,13,17,19,23,31,37,41,47,53,59",
7656,2,"2,3,11,13,19,29,31",2^3 * 3^1 * 11^1 * 13^1 * 19^1 * 29^1 * 31^1,0,"5,7,17,23,37,41,43,47,53,59",
7695,2,"2,3,5,13,19,37",2^4 * 3^4 * 5^1 * 13^1 * 19^1 * 37^1,0,"7,11,17,23,29,31,41,43,47,53,59",
7749,2,"2,3,5,7,31,41",2^1 * 3^3 * 5^3 * 7^1 * 31^1 * 41^1,0,"11,13,17,19,23,29,37,43,47,53,59",
7790,2,"2,3,5,7,19,41,53",2^1 * 3^1 * 5^1 * 7^2 * 19^1 * 41^1 * 53^1,0,"11,13,17,23,29,31,37,43,47,59",
7843,2,"2,11,23,31,37,53",2^2 * 11^1 * 23^1 * 31^1 * 37^1 * 53^1,0,"3,5,7,13,17,19,29,41,43,47,59",
7865,2,"2,3,5,11,13,19,23",2^1 * 3^2 * 5^1 * 11^2 * 13^1 * 19^1 * 23^1,0,"7,17,29,31,37,41,43,47,53,59",
7888,2,"2,7,17,23,29",2^4 * 7^3 * 17^1 * 23^1 * 29^1,0,"3,5,11,13,19,31,37,41,43,47,53,59",
7904,2,"2,3,5,13,17,19,31",2^5 * 3^1 * 5^1 * 13^1 * 17^1 * 19^1 * 31^1,0,"7,11,23,29,37,41,43,47,53,59",
7935,2,"2,3,5,23,31",2^8 * 3^1 * 5^1 * 23^2 * 31^1,0,"7,11,13,17,19,29,37,41,43,47,53,59",
7942,2,"2,11,13,19,47",2^1 * 11^1 * 13^2 * 19^2 * 47^1,0,"3,5,7,17,23,29,31,37,41,43,53,59",
7955,2,"2,3,5,13,17,37,43",2^2 * 3^2 * 5^1 * 13^1 * 17^1 * 37^1 * 43^1,0,"7,11,19,23,29,31,41,47,53,59",
8036,2,"2,3,7,19,41,47",2^2 * 3^2 * 7^2 * 19^1 * 41^1 * 47^1,0,"5,11,13,17,23,29,31,37,43,53,59",
8084,2,"2,3,5,7,11,43,47",2^2 * 3^1 * 5^1 * 7^2 * 11^1 * 43^1 * 47^1,0,"13,17,19,23,29,31,37,41,53,59",
8091,2,"2,3,7,17,29,31",2^2 * 3^2 * 7^1 * 17^2 * 29^1 * 31^1,0,"5,11,13,19,23,37,41,43,47,53,59",
8177,2,"2,3,13,17,29,37,47",2^1 * 3^1 * 13^1 * 17^1 * 29^1 * 37^1 * 47^1,0,"5,7,11,19,23,31,41,43,53,59",
8214,2,"2,3,5,31,37,53",2^1 * 3^1 * 5^1 * 31^1 * 37^2 * 53^1,0,"7,11,13,17,19,23,29,41,43,47,59",
8280,2,"2,3,5,7,13,23",2^3 * 3^2 * 5^1 * 7^2 * 13^2 * 23^1,0,"11,17,19,29,31,37,41,43,47,53,59",
8319,2,"2,3,5,13,47,59",2^7 * 3^1 * 5^1 * 13^1 * 47^1 * 59^1,0,"7,11,17,19,23,29,31,37,41,43,53",
8427,2,"2,3,7,43,53",2^2 * 3^1 * 7^2 * 43^1 * 53^2,0,"5,11,13,17,19,23,29,31,37,41,47,59",
8436,2,"2,3,11,13,19,37,59",2^2 * 3^1 * 11^1 * 13^1 * 19^1 * 37^1 * 59^1,0,"5,7,17,23,29,31,41,43,47,53",
8463,2,"2,3,7,13,23,31",2^4 * 3^1 * 7^1 * 13^1 * 23^2 * 31^1,0,"5,11,17,19,29,37,41,43,47,53,59",
8525,2,"2,3,5,7,11,29,31",2^1 * 3^1 * 5^2 * 7^2 * 11^1 * 29^1 * 31^1,0,"13,17,19,23,37,41,43,47,53,59",
8554,2,"2,5,7,13,29,47,59",2^1 * 5^1 * 7^1 * 13^1 * 29^1 * 47^1 * 59^1,0,"3,11,17,19,23,31,37,41,43,53",
8555,2,"2,3,5,23,29,31,59",2^2 * 3^1 * 5^1 * 23^1 * 29^1 * 31^1 * 59^1,0,"7,11,13,17,19,37,41,43,47,53",
8568,2,"2,3,7,11,17,19,41",2^3 * 3^2 * 7^1 * 11^1 * 17^1 * 19^1 * 41^1,0,"5,13,23,29,31,37,43,47,53,59",
8624,2,"2,3,5,7,11,23",2^4 * 3^1 * 5^3 * 7^2 * 11^1 * 23^1,0,"13,17,19,29,31,37,41,43,47,53,59",
8648,2,"2,3,23,31,47",2^3 * 3^2 * 23^1 * 31^2 * 47^1,0,"5,7,11,13,17,19,29,37,41,43,53,59",
8670,2,"2,3,5,13,17,23,29",2^1 * 3^1 * 5^1 * 13^1 * 17^2 * 23^1 * 29^1,0,"7,11,19,31,37,41,43,47,53,59",
8694,2,"2,3,5,7,23,37,47",2^1 * 3^3 * 5^1 * 7^1 * 23^1 * 37^1 * 47^1,0,"11,13,17,19,29,31,41,43,53,59",
8788,2,"2,11,13,17,47",2^2 * 11^1 * 13^3 * 17^1 * 47^1,0,"3,5,7,19,23,29,31,37,41,43,53,59",
8815,2,"2,5,19,29,41,43",2^4 * 5^1 * 19^1 * 29^1 * 41^1 * 43^1,0,"3,7,11,13,17,23,31,37,47,53,59",
8835,2,"2,3,5,19,31,47",2^2 * 3^1 * 5^1 * 19^1 * 31^1 * 47^2,0,"7,11,13,17,23,29,37,41,43,53,59",
8855,2,"2,3,5,7,11,23,41",2^3 * 3^3 * 5^1 * 7^1 * 11^1 * 23^1 * 41^1,0,"13,17,19,29,31,37,43,47,53,59",
8959,2,"2,5,7,17,31",2^8 * 5^1 * 7^1 * 17^2 * 31^1,0,"3,11,13,19,23,29,37,41,43,47,53,59",
8990,2,"2,3,5,29,31,37",2^1 * 3^5 * 5^1 * 29^1 * 31^1 * 37^1,0,"7,11,13,17,19,23,41,43,47,53,59",
9009,2,"2,3,5,7,11,13,17,53",2^1 * 3^2 * 5^1 * 7^1 * 11^1 * 13^1 * 17^1 * 53^1,0,"19,23,29,31,37,41,43,47,59",
9024,2,"2,3,5,19,47",2^6 * 3^1 * 5^2 * 19^2 * 47^1,0,"7,11,13,17,23,29,31,37,41,43,53,59",
9176,2,"2,3,7,19,23,31,37",2^3 * 3^1 * 7^1 * 19^1 * 23^1 * 31^1 * 37^1,0,"5,11,13,17,29,41,43,47,53,59",
9250,2,"2,5,11,29,37",2^1 * 5^3 * 11^1 * 29^2 * 37^1,0,"3,7,13,17,19,23,31,41,43,47,53,59",
9360,2,"2,3,5,11,13,23,37",2^4 * 3^2 * 5^1 * 11^1 * 13^1 * 23^1 * 37^1,0,"7,17,19,29,31,41,43,47,53,59",
9424,2,"2,5,13,19,29,31",2^4 * 5^2 * 13^1 * 19^1 * 29^1 * 31^1,0,"3,7,11,17,23,37,41,43,47,53,59",
9471,2,"2,3,7,11,37,41",2^8 * 3^1 * 7^1 * 11^1 * 37^1 * 41^1,0,"5,13,17,19,23,29,31,43,47,53,59",
9499,2,"2,5,7,19,23,59",2^2 * 5^3 * 7^1 * 19^1 * 23^1 * 59^1,0,"3,11,13,17,29,31,37,41,43,47,53",
9503,2,"2,3,11,13,17,43",2^5 * 3^3 * 11^1 * 13^1 * 17^1 * 43^1,0,"5,7,19,23,29,31,37,41,47,53,59",
9540,2,"2,3,5,7,29,47,53",2^2 * 3^2 * 5^1 * 7^1 * 29^1 * 47^1 * 53^1,0,"11,13,17,19,23,31,37,41,43,59",
9632,2,"2,3,7,13,19,43",2^5 * 3^1 * 7^1 * 13^2 * 19^1 * 43^1,0,"5,11,17,23,29,31,37,41,47,53,59",
9675,2,"2,3,5,41,43,59",2^2 * 3^2 * 5^2 * 41^1 * 43^1 * 59^1,0,"7,11,13,17,19,23,29,31,37,47,53",
9728,2,"2,3,19,23,47",2^9 * 3^2 * 19^1 * 23^1 * 47^1,0,"5,7,11,13,17,29,31,37,41,43,53,59",
9775,2,"2,5,13,17,23,47",2^4 * 5^2 * 13^1 * 17^1 * 23^1 * 47^1,0,"3,7,11,19,29,31,37,41,43,53,59",
9800,2,"2,3,5,7,11",2^3 * 3^4 * 5^2 * 7^2 * 11^2,0,"13,17,19,23,29,31,37,41,43,47,53,59",
9801,2,"2,3,11,13,29",2^1 * 3^4 * 11^2 * 13^2 * 29^1,0,"5,7,17,19,23,31,37,41,43,47,53,59",
9804,2,"2,3,5,19,37,43,53",2^2 * 3^1 * 5^1 * 19^1 * 37^1 * 43^1 * 53^1,0,"7,11,13,17,23,29,31,41,47,59",
9889,2,"2,5,11,23,29,31,43",2^1 * 5^1 * 11^1 * 23^1 * 29^1 * 31^1 * 43^1,0,"3,7,13,17,19,37,41,47,53,59",
9911,2,"2,3,7,11,17,53,59",2^3 * 3^1 * 7^1 * 11^1 * 17^1 * 53^1 * 59^1,0,"5,13,19,23,29,31,37,41,43,47",
9963,2,"2,3,41,47,53",2^2 * 3^5 * 41^1 * 47^1 * 53^1,0,"5,7,11,13,17,19,23,29,31,37,43,59",
9975,2,"2,3,5,7,19,29,43",2^3 * 3^1 * 5^2 * 7^1 * 19^1 * 29^1 * 43^1,0,"11,13,17,23,31,37,41,47,53,59",
10044,2,"2,3,5,7,31,41",2^2 * 3^4 * 5^1 * 7^2 * 31^1 * 41^1,0,"11,13,17,19,23,29,37,43,47,53,59",
10175,2,"2,3,5,11,37,53",2^6 * 3^1 * 5^2 * 11^1 * 37^1 * 53^1,0,"7,13,17,19,23,29,31,41,43,47,59",
10199,2,"2,3,5,7,17,31,47",2^3 * 3^1 * 5^2 * 7^1 * 17^1 * 31^1 * 47^1,0,"11,13,19,23,29,37,41,43,53,59",
10240,2,"2,5,7,11,19",2^11 * 5^1 * 7^2 * 11^1 * 19^1,0,"3,13,17,23,29,31,37,41,43,47,53,59",
10335,2,"2,3,5,13,17,19,53",2^5 * 3^1 * 5^1 * 13^1 * 17^1 * 19^1 * 53^1,0,"7,11,23,29,31,37,41,43,47,59",
10373,2,"2,3,7,11,13,19,23,41",2^1 * 3^1 * 7^1 * 11^1 * 13^1 * 19^1 * 23^1 * 41^1,0,"5,17,29,31,37,43,47,53,59",
10387,2,"2,7,13,17,47,53",2^2 * 7^2 * 13^1 * 17^1 * 47^1 * 53^1,0,"3,5,11,19,23,29,31,37,41,43,59",
10449,2,"2,3,5,11,19,43",2^1 * 3^5 * 5^2 * 11^1 * 19^1 * 43^1,0,"7,13,17,23,29,31,37,41,47,53,59",
10527,2,"2,3,7,11,29,47",2^5 * 3^1 * 7^1 * 11^2 * 29^1 * 47^1,0,"5,13,17,19,23,31,37,41,43,53,59",
10556,2,"2,3,7,13,17,23,29",2^2 * 3^3 * 7^1 * 13^1 * 17^1 * 23^1 * 29^1,0,"5,11,19,31,37,41,43,47,53,59",
10619,2,"2,3,5,7,37,41,59",2^2 * 3^2 * 5^1 * 7^1 * 37^1 * 41^1 * 59^1,0,"11,13,17,19,23,29,31,43,47,53",
10620,2,"2,3,5,13,19,43,59",2^2 * 3^2 * 5^1 * 13^1 * 19^1 * 43^1 * 59^1,0,"7,11,17,23,29,31,37,41,47,53",
10625,2,"2,3,5,7,11,17,23",2^1 * 3^1 * 5^4 * 7^1 * 11^1 * 17^1 * 23^1,0,"13,19,29,31,37,41,43,47,53,59",
10647,2,"2,3,7,11,13",2^3 * 3^2 * 7^1 * 11^3 * 13^2,0,"5,17,19,23,29,31,37,41,43,47,53,59",
10659,2,"2,3,5,11,13,17,19,41",2^2 * 3^1 * 5^1 * 11^1 * 13^1 * 17^1 * 19^1 * 41^1,0,"7,23,29,31,37,43,47,53,59",
10692,2,"2,3,11,17,37",2^2 * 3^5 * 11^1 * 17^2 * 37^1,0,"5,7,13,19,23,29,31,41,43,47,53,59",
10829,2,"2,3,5,7,13,17,19",2^1 * 3^1 * 5^1 * 7^2 * 13^1 * 17^1 * 19^2,0,"11,23,29,31,37,41,43,47,53,59",
10856,2,"2,3,7,11,23,47,59",2^3 * 3^1 * 7^1 * 11^1 * 23^1 * 47^1 * 59^1,0,"5,13,17,19,29,31,37,41,43,53",
10878,2,"2,3,7,11,23,37,43",2^1 * 3^1 * 7^2 * 11^1 * 23^1 * 37^1 * 43^1,0,"5,13,17,19,29,31,41,47,53,59",
10879,2,"2,5,11,17,23,43",2^7 * 5^1 * 11^1 * 17^1 * 23^1 * 43^1,0,"3,7,13,19,29,31,37,41,47,53,59",
10880,2,"2,3,5,13,17,31",2^7 * 3^3 * 5^1 * 13^1 * 17^1 * 31^1,0,"7,11,19,23,29,37,41,43,47,53,59",
11024,2,"2,3,5,7,13,53",2^4 * 3^2 * 5^2 * 7^2 * 13^1 * 53^1,0,"11,17,19,23,29,31,37,41,43,47,59",
11136,2,"2,3,7,29,37,43",2^7 * 3^1 * 7^1 * 29^1 * 37^1 * 43^1,0,"5,11,13,17,19,23,31,41,47,53,59",
11151,2,"2,3,7,17,41,59",2^4 * 3^3 * 7^1 * 17^1 * 41^1 * 59^1,0,"5,11,13,19,23,29,31,37,43,47,53",
11270,2,"2,3,5,7,13,17,23",2^1 * 3^1 * 5^1 * 7^2 * 13^1 * 17^2 * 23^1,0,"11,19,29,31,37,41,43,47,53,59",
11339,2,"2,3,5,7,17,23,29",2^2 * 3^4 * 5^1 * 7^1 * 17^1 * 23^1 * 29^1,0,"11,13,19,31,37,41,43,47,53,59",
11374,2,"2,5,7,11,13,47",2^1 * 5^3 * 7^1 * 11^2 * 13^1 * 47^1,0,"3,17,19,23,29,31,37,41,43,53,59",
11395,2,"2,5,7,11,37,43,53",2^2 * 5^1 * 7^1 * 11^1 * 37^1 * 43^1 * 53^1,0,"3,13,17,19,23,29,31,41,47,59",
11438,2,"2,3,7,19,31,41,43",2^1 * 3^2 * 7^1 * 19^1 * 31^1 * 41^1 * 43^1,0,"5,11,13,17,23,29,37,47,53,59",
11439,2,"2,3,5,11,13,31,41",2^4 * 3^2 * 5^1 * 11^1 * 13^1 * 31^1 * 41^1,0,"7,17,19,23,29,37,43,47,53,59",
11500,2,"2,5,7,23,31,53",2^2 * 5^3 * 7^1 * 23^1 * 31^1 * 53^1,0,"3,11,13,17,19,29,37,41,43,47,59",
11609,2,"2,3,5,13,19,43,47",2^1 * 3^3 * 5^1 * 13^1 * 19^1 * 43^1 * 47^1,0,"7,11,17,23,29,31,37,41,53,59",
11655,2,"2,3,5,7,31,37,47",2^3 * 3^2 * 5^1 * 7^1 * 31^1 * 37^1 * 47^1,0,"11,13,17,19,23,29,41,43,53,59",
11660,2,"2,3,5,11,13,23,53",2^2 * 3^1 * 5^1 * 11^1 * 13^2 * 23^1 * 53^1,0,"7,17,19,29,31,37,41,43,47,59",
11661,2,"2,3,7,13,17,23",2^1 * 3^1 * 7^3 * 13^2 * 17^1 * 23^1,0,"5,11,19,29,31,37,41,43,47,53,59",
11766,2,"2,3,7,37,41,53",2^1 * 3^1 * 7^1 * 37^1 * 41^2 * 53^1,0,"5,11,13,17,19,23,29,31,43,47,59",
11780,2,"2,3,5,7,11,17,19,31",2^2 * 3^2 * 5^1 * 7^1 * 11^1 * 17^1 * 19^1 * 31^1,0,"13,23,29,37,41,43,47,53,59",
11799,2,"2,3,5,19,23,59",2^3 * 3^3 * 5^2 * 19^1 * 23^1 * 59^1,0,"7,11,13,17,29,31,37,41,43,47,53",
11890,2,"2,5,11,23,29,41,47",2^1 * 5^1 * 11^1 * 23^1 * 29^1 * 41^1 * 47^1,0,"3,7,13,17,19,31,37,43,53,59",
11913,2,"2,3,7,11,19,23,37",2^1 * 3^1 * 7^1 * 11^1 * 19^2 * 23^1 * 37^1,0,"5,13,17,29,31,41,43,47,53,59",
11934,2,"2,3,5,7,11,13,17,31",2^1 * 3^3 * 5^1 * 7^1 * 11^1 * 13^1 * 17^1 * 31^1,0,"19,23,29,37,41,43,47,53,59",
12005,2,"2,3,5,7,23,29",2^1 * 3^2 * 5^1 * 7^4 * 23^1 * 29^1,0,"11,13,17,19,31,37,41,43,47,53,59",
12095,2,"2,3,5,7,41,59",2^6 * 3^3 * 5^1 * 7^1 * 41^1 * 59^1,0,"11,13,17,19,23,29,31,37,43,47,53",
12121,2,"2,11,17,19,23,29,31",2^1 * 11^1 * 17^1 * 19^1 * 23^1 * 29^1 * 31^1,0,"3,5,7,13,37,41,43,47,53,59",
12167,2,"2,3,13,23",2^3 * 3^2 * 13^2 * 23^3,0,"5,7,11,17,19,29,31,37,41,43,47,53,59",
12320,2,"2,3,5,7,11,37",2^5 * 3^2 * 5^1 * 7^1 * 11^1 * 37^2,0,"13,17,19,23,29,31,41,43,47,53,59",
12341,2,"2,3,7,11,17,41,43",2^1 * 3^1 * 7^1 * 11^2 * 17^1 * 41^1 * 43^1,0,"5,13,19,23,29,31,37,47,53,59",
12375,2,"2,3,5,7,11,13,17",2^3 * 3^2 * 5^3 * 7^1 * 11^1 * 13^1 * 17^1,0,"19,23,29,31,37,41,43,47,53,59",
12614,2,"2,3,5,7,17,29,53",2^1 * 3^1 * 5^1 * 7^1 * 17^1 * 29^2 * 53^1,0,"11,13,19,23,31,37,41,43,47,59",
12635,2,"2,3,5,7,13,19",2^2 * 3^5 * 5^1 * 7^1 * 13^1 * 19^2,0,"11,17,23,29,31,37,41,43,47,53,59",
12672,2,"2,3,11,19,23,29",2^7 * 3^2 * 11^1 * 19^1 * 23^1 * 29^1,0,"5,7,13,17,31,37,41,43,47,53,59",
12690,2,"2,3,5,7,37,47",2^1 * 3^3 * 5^1 * 7^3 * 37^1 * 47^1,0,"11,13,17,19,23,29,31,41,43,53,59",
12825,2,"2,3,5,11,19,53",2^1 * 3^3 * 5^2 * 11^2 * 19^1 * 53^1,0,"7,13,17,23,29,31,37,41,43,47,59",
12879,2,"2,3,5,7,23,53",2^4 * 3^5 * 5^1 * 7^1 * 23^1 * 53^1,0,"11,13,17,19,29,31,37,41,43,47,59",
13038,2,"2,3,13,17,41,53,59",2^1 * 3^1 * 13^1 * 17^1 * 41^1 * 53^1 * 59^1,0,"5,7,11,19,23,29,31,37,43,47",
13090,2,"2,5,7,11,13,17,19,53",2^1 * 5^1 * 7^1 * 11^1 * 13^1 * 17^1 * 19^1 * 53^1,0,"3,23,29,31,37,41,43,47,59",
13224,2,"2,3,5,19,23,29",2^3 * 3^1 * 5^2 * 19^1 * 23^2 * 29^1,0,"7,11,13,17,31,37,41,43,47,53,59",
13243,2,"2,7,11,17,19,41,43",2^2 * 7^1 * 11^1 * 17^1 * 19^1 * 41^1 * 43^1,0,"3,5,13,23,29,31,37,47,53,59",
13299,2,"2,3,5,7,11,13,19,31",2^2 * 3^1 * 5^2 * 7^1 * 11^1 * 13^1 * 19^1 * 31^1,0,"17,23,29,37,41,43,47,53,59",
13310,2,"2,3,5,11,17,29",2^1 * 3^3 * 5^1 * 11^3 * 17^1 * 29^1,0,"7,13,19,23,31,37,41,43,47,53,59",
13311,2,"2,3,13,17,29",2^10 * 3^3 * 13^1 * 17^1 * 29^1,0,"5,7,11,19,23,31,37,41,43,47,53,59",
13356,2,"2,3,7,19,37,53",2^2 * 3^2 * 7^1 * 19^2 * 37^1 * 53^1,0,"5,11,13,17,23,29,31,41,43,47,59",
13376,2,"2,3,7,11,13,19",2^6 * 3^1 * 7^3 * 11^1 * 13^1 * 19^1,0,"5,17,23,29,31,37,41,43,47,53,59",
13454,2,"2,3,5,7,13,23,31",2^1 * 3^2 * 5^1 * 7^1 * 13^1 * 23^1 * 31^2,0,"11,17,19,29,37,41,43,47,53,59",
13455,2,"2,3,5,13,23,29",2^4 * 3^2 * 5^1 * 13^1 * 23^1 * 29^2,0,"7,11,17,19,31,37,41,43,47,53,59",
13629,2,"2,3,5,7,11,29,47,59",2^1 * 3^1 * 5^1 * 7^1 * 11^1 * 29^1 * 47^1 * 59^1,0,"13,17,19,23,31,37,41,43,53",
13688,2,"2,3,13,29,59",2^3 * 3^4 * 13^2 * 29^1 * 59^1,0,"5,7,11,17,19,23,31,37,41,43,47,53",
13689,2,"2,3,5,13,37",2^1 * 3^4 * 5^1 * 13^2 * 37^2,0,"7,11,17,19,23,29,31,41,43,47,53,59",
13717,2,"2,11,19,29,43",2^1 * 11^1 * 19^3 * 29^1 * 43^1,0,"3,5,7,13,17,23,31,37,41,47,53,59",
13727,2,"2,3,7,11,13,37,53",2^5 * 3^1 * 7^1 * 11^1 * 13^1 * 37^1 * 53^1,0,"5,17,19,23,29,31,41,43,47,59",
13775,2,"2,3,5,7,19,29,41",2^4 * 3^1 * 5^2 * 7^1 * 19^1 * 29^1 * 41^1,0,"11,13,17,23,31,37,43,47,53,59",
13832,2,"2,3,7,13,19,29,53",2^3 * 3^2 * 7^1 * 13^1 * 19^1 * 29^1 * 53^1,0,"5,11,17,23,31,37,41,43,47,59",
13888,2,"2,7,17,19,31,43",2^6 * 7^1 * 17^1 * 19^1 * 31^1 * 43^1,0,"3,5,11,13,23,29,37,41,47,53,59",
13923,2,"2,3,7,13,17,59",2^2 * 3^2 * 7^1 * 13^1 * 17^1 * 59^2,0,"5,11,19,23,29,31,37,41,43,47,53",
13949,2,"2,3,5,13,29,31,37",2^1 * 3^2 * 5^2 * 13^1 * 29^1 * 31^1 * 37^1,0,"7,11,17,19,23,41,43,47,53,59",
14079,2,"2,3,5,11,13,19",2^8 * 3^1 * 5^1 * 11^1 * 13^1 * 19^2,0,"7,17,23,29,31,37,41,43,47,53,59",
14104,2,"2,5,7,13,31,41,43",2^3 * 5^1 * 7^1 * 13^1 * 31^1 * 41^1 * 43^1,0,"3,11,17,19,23,29,37,47,53,59",
14144,2,"2,3,5,13,17,23,41",2^6 * 3^1 * 5^1 * 13^1 * 17^1 * 23^1 * 41^1,0,"7,11,19,29,31,37,43,47,53,59",
14160,2,"2,3,5,7,17,59",2^4 * 3^1 * 5^1 * 7^2 * 17^2 * 59^1,0,"11,13,19,23,29,31,37,41,43,47,53",
14336,2,"2,3,7,59",2^11 * 3^5 * 7^1 * 59^1,0,"5,11,13,17,19,23,29,31,37,41,43,47,53",
14364,2,"2,3,5,7,13,17,19",2^2 * 3^3 * 5^1 * 7^1 * 13^2 * 17^1 * 19^1,0,"11,23,29,31,37,41,43,47,53,59",
14399,2,"2,3,5,7,11,17",2^6 * 3^2 * 5^2 * 7^1 * 11^2 * 17^1,0,"13,19,23,29,31,37,41,43,47,53,59",
14415,2,"2,3,5,17,31,53",2^4 * 3^1 * 5^1 * 17^1 * 31^2 * 53^1,0,"7,11,13,19,23,29,37,41,43,47,59",
14534,2,"2,3,5,13,17,19,43",2^1 * 3^2 * 5^1 * 13^2 * 17^1 * 19^1 * 43^1,0,"7,11,23,29,31,37,41,47,53,59",
14651,2,"2,3,7,11,13,23,37",2^2 * 3^2 * 7^2 * 11^1 * 13^1 * 23^1 * 37^1,0,"5,17,19,29,31,41,43,47,53,59",
14663,2,"2,3,11,13,31,43,47",2^3 * 3^1 * 11^1 * 13^1 * 31^1 * 43^1 * 47^1,0,"5,7,17,19,23,29,37,41,53,59",
14749,2,"2,5,7,43,59",2^1 * 5^3 * 7^3 * 43^1 * 59^1,0,"3,11,13,17,19,23,29,31,37,41,47,53",
14800,2,"2,5,19,37,41",2^4 * 5^2 * 19^2 * 37^1 * 41^1,0,"3,7,11,13,17,23,29,31,43,47,53,59",
14993,2,"2,3,7,11,17,29,47",2^1 * 3^2 * 7^2 * 11^1 * 17^1 * 29^1 * 47^1,0,"5,13,19,23,31,37,41,43,53,59",
15092,2,"2,3,7,11,13,43",2^2 * 3^3 * 7^3 * 11^1 * 13^1 * 43^1,0,"5,17,19,23,29,31,37,41,47,53,59",
15104,2,"2,3,5,19,53,59",2^8 * 3^1 * 5^1 * 19^1 * 53^1 * 59^1,0,"7,11,13,17,23,29,31,37,41,43,47",
15180,2,"2,3,5,11,17,19,23,47",2^2 * 3^1 * 5^1 * 11^1 * 17^1 * 19^1 * 23^1 * 47^1,0,"7,13,29,31,37,41,43,53,59",
15210,2,"2,3,5,7,13,41,53",2^1 * 3^2 * 5^1 * 7^1 * 13^2 * 41^1 * 53^1,0,"11,17,19,23,29,31,37,43,47,59",
15317,2,"2,3,17,23,37,53",2^1 * 3^2 * 17^2 * 23^1 * 37^1 * 53^1,0,"5,7,11,13,19,29,31,41,43,47,59",
15340,2,"2,5,13,23,29,59",2^2 * 5^1 * 13^1 * 23^2 * 29^1 * 59^1,0,"3,7,11,17,19,31,37,41,43,47,53",
15375,2,"2,3,5,31,41",2^4 * 3^1 * 5^3 * 31^2 * 41^1,0,"7,11,13,17,19,23,29,37,43,47,53,59",
15399,2,"2,3,5,7,11,29,59",2^3 * 3^2 * 5^2 * 7^1 * 11^1 * 29^1 * 59^1,0,"13,17,19,23,31,37,41,43,47,53",
15456,2,"2,3,7,13,23,29,41",2^5 * 3^1 * 7^1 * 13^1 * 23^1 * 29^1 * 41^1,0,"5,11,17,19,31,37,43,47,53,59",
15624,2,"2,3,5,7,31",2^3 * 3^2 * 5^6 * 7^1 * 31^1,0,"11,13,17,19,23,29,37,41,43,47,53,59",
15651,2,"2,3,7,13,37,43,47",2^2 * 3^2 * 7^1 * 13^1 * 37^1 * 43^1 * 47^1,0,"5,11,17,19,23,29,31,41,53,59",
15872,2,"2,3,11,13,31,37",2^9 * 3^1 * 11^1 * 13^1 * 31^1 * 37^1,0,"5,7,17,19,23,29,41,43,47,53,59",
15979,2,"2,5,17,19,29,47",2^2 * 5^1 * 17^1 * 19^1 * 29^2 * 47^1,0,"3,7,11,13,23,31,37,41,43,53,59",
16120,2,"2,5,7,13,31,47",2^3 * 5^1 * 7^3 * 13^1 * 31^1 * 47^1,0,"3,11,17,19,23,29,37,41,43,53,59",
16168,2,"2,19,23,37,43,47",2^3 * 19^1 * 23^1 * 37^1 * 43^1 * 47^1,0,"3,5,7,11,13,17,29,31,41,53,59",
16169,2,"2,3,5,7,11,19,23,37",2^1 * 3^1 * 5^1 * 7^2 * 11^1 * 19^1 * 23^1 * 37^1,0,"13,17,29,31,41,43,47,53,59",
16224,2,"2,3,5,11,13,59",2^5 * 3^1 * 5^2 * 11^1 * 13^2 * 59^1,0,"7,17,19,23,29,31,37,41,43,47,53",
16399,2,"2,5,23,31,41",2^4 * 5^2 * 23^2 * 31^1 * 41^1,0,"3,7,11,13,17,19,29,37,43,47,53,59",
16523,2,"2,3,13,17,31,41",2^2 * 3^5 * 13^1 * 17^1 * 31^1 * 41^1,0,"5,7,11,19,23,29,37,43,47,53,59",
16575,2,"2,3,5,7,13,17,37",2^6 * 3^1 * 5^2 * 7^1 * 13^1 * 17^1 * 37^1,0,"11,19,23,29,31,41,43,47,53,59",
16605,2,"2,3,5,19,23,41",2^1 * 3^4 * 5^1 * 19^2 * 23^1 * 41^1,0,"7,11,13,17,29,31,37,43,47,53,59",
16640,2,"2,3,5,13,43",2^8 * 3^2 * 5^1 * 13^1 * 43^2,0,"7,11,17,19,23,29,31,37,41,47,53,59",
16874,2,"2,3,5,11,13,59",2^1 * 3^3 * 5^4 * 11^1 * 13^1 * 59^1,0,"7,17,19,23,29,31,37,41,43,47,53",
16928,2,"2,3,11,19,23",2^5 * 3^4 * 11^1 * 19^1 * 23^2,0,"5,7,13,17,29,31,37,41,43,47,53,59",
17050,2,"2,5,11,17,31,59",2^1 * 5^2 * 11^1 * 17^2 * 31^1 * 59^1,0,"3,7,13,19,23,29,37,41,43,47,53",
17051,2,"2,3,7,17,29,59",2^2 * 3^1 * 7^2 * 17^2 * 29^1 * 59^1,0,"5,11,13,19,23,31,37,41,43,47,53",
17199,2,"2,3,5,7,13,43",2^4 * 3^3 * 5^2 * 7^2 * 13^1 * 43^1,0,"11,17,19,23,29,31,37,41,47,53,59",
17204,2,"2,3,5,11,17,23,31,37",2^2 * 3^1 * 5^1 * 11^1 * 17^1 * 23^1 * 31^1 * 37^1,0,"7,13,19,29,41,43,47,53,59",
17225,2,"2,3,5,11,13,29,53",2^1 * 3^3 * 5^2 * 11^1 * 13^1 * 29^1 * 53^1,0,"7,17,19,23,31,37,41,43,47,59",
17328,2,"2,3,13,19,31,43",2^4 * 3^1 * 13^1 * 19^2 * 31^1 * 43^1,0,"5,7,11,17,23,29,37,41,47,53,59",
17342,2,"2,3,13,23,29,41,47",2^1 * 3^2 * 13^1 * 23^1 * 29^1 * 41^1 * 47^1,0,"5,7,11,17,19,31,37,43,53,59",
17390,2,"2,3,5,11,17,31,37,47",2^1 * 3^1 * 5^1 * 11^1 * 17^1 * 31^1 * 37^1 * 47^1,0,"7,13,19,23,29,41,43,53,59",
17424,2,"2,3,5,11,17,41",2^4 * 3^2 * 5^2 * 11^2 * 17^1 * 41^1,0,"7,13,19,23,29,31,37,43,47,53,59",
17457,2,"2,3,7,11,23,29,43",2^1 * 3^1 * 7^1 * 11^1 * 23^2 * 29^1 * 43^1,0,"5,13,17,19,31,37,41,47,53,59",
17500,2,"2,5,7,11,37,43",2^2 * 5^4 * 7^1 * 11^1 * 37^1 * 43^1,0,"3,13,17,19,23,29,31,41,47,53,59",
17544,2,"2,3,5,11,17,29,43",2^3 * 3^1 * 5^1 * 11^2 * 17^1 * 29^1 * 43^1,0,"7,13,19,23,31,37,41,47,53,59",
17575,2,"2,5,13,19,37",2^3 * 5^2 * 13^3 * 19^1 * 37^1,0,"3,7,11,17,23,29,31,41,43,47,53,59",
17576,2,"2,3,7,13,31",2^3 * 3^4 * 7^1 * 13^3 * 31^1,0,"5,11,17,19,23,29,37,41,43,47,53,59",
17577,2,"2,3,7,11,17,31,47",2^1 * 3^4 * 7^1 * 11^1 * 17^1 * 31^1 * 47^1,0,"5,13,19,23,29,37,41,43,53,59",
17640,2,"2,3,5,7,13,23,59",2^3 * 3^2 * 5^1 * 7^2 * 13^1 * 23^1 * 59^1,0,"11,17,19,29,31,37,41,43,47,53",
17759,2,"2,3,5,7,37,43,59",2^5 * 3^1 * 5^1 * 7^1 * 37^1 * 43^1 * 59^1,0,"11,13,17,19,23,29,31,41,47,53",
17765,2,"2,3,5,7,11,17,19,47",2^1 * 3^3 * 5^1 * 7^1 * 11^1 * 17^1 * 19^1 * 47^1,0,"13,23,29,31,37,41,43,53,59",
17835,2,"2,3,5,7,13,29,41",2^2 * 3^1 * 5^1 * 7^3 * 13^1 * 29^1 * 41^1,0,"11,17,19,23,31,37,43,47,53,59",
17917,2,"2,17,19,23,31,41",2^1 * 17^2 * 19^1 * 23^1 * 31^1 * 41^1,0,"3,5,7,11,13,29,37,43,47,53,59",
18095,2,"2,3,5,7,11,13,29,47",2^4 * 3^1 * 5^1 * 7^1 * 11^1 * 13^1 * 29^1 * 47^1,0,"17,19,23,31,37,41,43,53,59",
18125,2,"2,3,5,19,29,53",2^1 * 3^2 * 5^4 * 19^1 * 29^1 * 53^1,0,"7,11,13,17,23,31,37,41,43,47,59",
18240,2,"2,3,5,17,19,29,37",2^6 * 3^1 * 5^1 * 17^1 * 19^1 * 29^1 * 37^1,0,"7,11,13,23,31,41,43,47,53,59",
18444,2,"2,3,5,7,17,29,31,53",2^2 * 3^1 * 5^1 * 7^1 * 17^1 * 29^1 * 31^1 * 53^1,0,"11,13,19,23,37,41,43,47,59",
18490,2,"2,5,11,41,43",2^1 * 5^1 * 11^1 * 41^2 * 43^2,0,"3,7,13,17,19,23,29,31,37,47,53,59",
18655,2,"2,5,7,11,13,41,53",2^5 * 5^1 * 7^1 * 11^1 * 13^1 * 41^1 * 53^1,0,"3,17,19,23,29,31,37,43,47,59",
18791,2,"2,3,19,23,29,43",2^3 * 3^4 * 19^1 * 23^1 * 29^1 * 43^1,0,"5,7,11,13,17,31,37,41,47,53,59",
18879,2,"2,3,5,7,29,31,59",2^6 * 3^1 * 5^1 * 7^1 * 29^1 * 31^1 * 59^1,0,"11,13,17,19,23,37,41,43,47,53",
18920,2,"2,3,5,7,11,17,43,53",2^3 * 3^1 * 5^1 * 7^1 * 11^1 * 17^1 * 43^1 * 53^1,0,"13,19,23,29,31,37,41,47,59",
18941,2,"2,3,7,11,13,31,41,47",2^1 * 3^1 * 7^1 * 11^1 * 13^1 * 31^1 * 41^1 * 47^1,0,"5,17,19,23,29,37,43,53,59",
19175,2,"2,3,5,13,17,47,59",2^3 * 3^1 * 5^2 * 13^1 * 17^1 * 47^1 * 59^1,0,"7,11,19,23,29,31,37,41,43,53",
19227,2,"2,3,11,13,17,19,23,29",2^2 * 3^1 * 11^1 * 13^1 * 17^1 * 19^1 * 23^1 * 29^1,0,"5,7,31,37,41,43,47,53,59",
19239,2,"2,3,5,11,13,37,53",2^3 * 3^1 * 5^1 * 11^2 * 13^1 * 37^1 * 53^1,0,"7,17,19,23,29,31,41,43,47,59",
19250,2,"2,3,5,7,11,23,31",2^1 * 3^3 * 5^3 * 7^1 * 11^1 * 23^1 * 31^1,0,"13,17,19,29,37,41,43,47,53,59",
19343,2,"2,3,13,23,29,31",2^4 * 3^1 * 13^1 * 23^1 * 29^2 * 31^1,0,"5,7,11,17,19,37,41,43,47,53,59",
19499,2,"2,3,5,13,17,31,37",2^2 * 3^1 * 5^3 * 13^1 * 17^1 * 31^1 * 37^1,0,"7,11,19,23,29,41,43,47,53,59",
19550,2,"2,3,5,7,17,19,23",2^1 * 3^1 * 5^2 * 7^3 * 17^1 * 19^1 * 23^1,0,"11,13,29,31,37,41,43,47,53,59",
19551,2,"2,3,7,13,19,47",2^5 * 3^1 * 7^3 * 13^1 * 19^1 * 47^1,0,"5,11,17,23,29,31,37,41,43,53,59",
19646,2,"2,3,11,19,37,47,59",2^1 * 3^2 * 11^1 * 19^1 * 37^1 * 47^1 * 59^1,0,"5,7,13,17,23,29,31,41,43,53",
19683,2,"2,3,7,19,37",2^2 * 3^9 * 7^1 * 19^1 * 37^1,0,"5,11,13,17,23,29,31,41,43,47,53,59",
19720,2,"2,5,13,17,29,37,41",2^3 * 5^1 * 13^1 * 17^1 * 29^1 * 37^1 * 41^1,0,"3,7,11,19,23,31,43,47,53,59",
19844,2,"2,3,5,7,11,41",2^2 * 3^4 * 5^1 * 7^2 * 11^2 * 41^1,0,"13,17,19,23,29,31,37,43,47,53,59",
19941,2,"2,3,13,17,23,59",2^1 * 3^1 * 13^2 * 17^2 * 23^1 * 59^1,0,"5,7,11,19,29,31,37,41,43,47,53",
19942,2,"2,7,11,13,37,59",2^1 * 7^2 * 11^1 * 13^2 * 37^1 * 59^1,0,"3,5,17,19,23,29,31,41,43,47,53",
19964,2,"2,3,5,7,11,23,31",2^2 * 3^1 * 5^1 * 7^1 * 11^3 * 23^1 * 31^1,0,"13,17,19,29,37,41,43,47,53,59",
19980,2,"2,3,5,13,29,37,53",2^2 * 3^3 * 5^1 * 13^1 * 29^1 * 37^1 * 53^1,0,"7,11,17,19,23,31,41,43,47,59",
20124,2,"2,3,5,7,13,23,43",2^2 * 3^2 * 5^3 * 7^1 * 13^1 * 23^1 * 43^1,0,"11,17,19,29,31,37,41,47,53,59",
20295,2,"2,3,5,11,41,43,59",2^3 * 3^2 * 5^1 * 11^1 * 41^1 * 43^1 * 59^1,0,"7,13,17,19,23,29,31,37,47,53",
20349,2,"2,3,5,7,11,17,19,37",2^1 * 3^2 * 5^2 * 7^1 * 11^1 * 17^1 * 19^1 * 37^1,0,"13,23,29,31,41,43,47,53,59",
20424,2,"2,3,5,19,23,37,43",2^3 * 3^1 * 5^2 * 19^1 * 23^1 * 37^1 * 43^1,0,"7,11,13,17,29,31,41,47,53,59",
20735,2,"2,3,5,11,13,29",2^8 * 3^4 * 5^1 * 11^1 * 13^1 * 29^1,0,"7,17,19,23,31,37,41,43,47,53,59",
20768,2,"2,3,7,11,23,43,59",2^5 * 3^1 * 7^1 * 11^1 * 23^1 * 43^1 * 59^1,0,"5,13,17,19,29,31,37,41,47,53",
21141,2,"2,3,11,29,31",2^1 * 3^6 * 11^1 * 29^1 * 31^2,0,"5,7,13,17,19,23,37,41,43,47,53,59",
21199,2,"2,5,17,29,43,53",2^4 * 5^2 * 17^1 * 29^1 * 43^1 * 53^1,0,"3,7,11,13,19,23,31,37,41,47,59",
21384,2,"2,3,5,7,11,13,47",2^3 * 3^5 * 5^1 * 7^1 * 11^1 * 13^1 * 47^1,0,"17,19,23,29,31,37,41,43,53,59",
21385,2,"2,5,7,13,17,37,47",2^1 * 5^1 * 7^1 * 13^1 * 17^2 * 37^1 * 47^1,0,"3,11,19,23,29,31,41,43,53,59",
21504,2,"2,3,5,7,11,17,23",2^10 * 3^1 * 5^1 * 7^1 * 11^1 * 17^1 * 23^1,0,"13,19,29,31,37,41,43,47,53,59",
21735,2,"2,3,5,7,11,13,19,23",2^3 * 3^3 * 5^1 * 7^1 * 11^1 * 13^1 * 19^1 * 23^1,0,"17,29,31,37,41,43,47,53,59",
21888,2,"2,3,7,19,53,59",2^7 * 3^2 * 7^1 * 19^1 * 53^1 * 59^1,0,"5,11,13,17,23,29,31,37,41,43,47",
22015,2,"2,5,7,17,37,43",2^9 * 5^1 * 7^1 * 17^1 * 37^1 * 43^1,0,"3,11,13,19,23,29,31,41,47,53,59",
22099,2,"2,5,7,11,13,17,41",2^2 * 5^2 * 7^2 * 11^1 * 13^1 * 17^1 * 41^1,0,"3,19,23,29,31,37,43,47,53,59",
22125,2,"2,3,5,13,23,37,59",2^1 * 3^1 * 5^3 * 13^1 * 23^1 * 37^1 * 59^1,0,"7,11,17,19,29,31,41,43,47,53",
22184,2,"2,3,5,17,29,47,59",2^3 * 3^2 * 5^1 * 17^1 * 29^1 * 47^1 * 59^1,0,"7,11,13,19,23,31,37,41,43,53",
22230,2,"2,3,5,11,13,19,43,47",2^1 * 3^2 * 5^1 * 11^1 * 13^1 * 19^1 * 43^1 * 47^1,0,"7,17,23,29,31,37,41,53,59",
22274,2,"2,3,5,7,11,37,43",2^1 * 3^4 * 5^2 * 7^1 * 11^1 * 37^1 * 43^1,0,"13,17,19,23,29,31,41,47,53,59",
22385,2,"2,3,5,7,11,13,37,41",2^1 * 3^1 * 5^1 * 7^1 * 11^2 * 13^1 * 37^1 * 41^1,0,"17,19,23,29,31,43,47,53,59",
22419,2,"2,3,5,19,47,53,59",2^2 * 3^2 * 5^1 * 19^1 * 47^1 * 53^1 * 59^1,0,"7,11,13,17,23,29,31,37,41,43",
22736,2,"2,3,7,11,13,29,53",2^4 * 3^1 * 7^2 * 11^1 * 13^1 * 29^1 * 53^1,0,"5,17,19,23,31,37,41,43,47,59",
22747,2,"2,11,23,43,47",2^2 * 11^2 * 23^2 * 43^1 * 47^1,0,"3,5,7,13,17,19,29,31,37,41,53,59",
22815,2,"2,3,5,13,23,31",2^5 * 3^3 * 5^1 * 13^2 * 23^1 * 31^1,0,"7,11,17,19,29,37,41,43,47,53,59",
23000,2,"2,3,5,11,17,23,41",2^3 * 3^1 * 5^3 * 11^1 * 17^1 * 23^1 * 41^1,0,"7,13,19,29,31,37,43,47,53,59",
23001,2,"2,3,7,11,17,31,41,53",2^1 * 3^1 * 7^1 * 11^1 * 17^1 * 31^1 * 41^1 * 53^1,0,"5,13,19,23,29,37,43,47,59",
23124,2,"2,3,5,37,41,47",2^2 * 3^1 * 5^4 * 37^1 * 41^1 * 47^1,0,"7,11,13,17,19,23,29,31,43,53,59",
23199,2,"2,3,5,11,19,29,37",2^5 * 3^1 * 5^2 * 11^1 * 19^1 * 29^1 * 37^1,0,"7,13,17,23,31,41,43,47,53,59",
23275,2,"2,5,7,11,19,23",2^2 * 5^2 * 7^2 * 11^1 * 19^1 * 23^2,0,"3,13,17,29,31,37,41,43,47,53,59",
23373,2,"2,3,7,13,29,31,53",2^1 * 3^2 * 7^2 * 13^1 * 29^1 * 31^1 * 53^1,0,"5,11,17,19,23,37,41,43,47,59",
23374,2,"2,5,11,13,17,29,31",2^1 * 5^3 * 11^1 * 13^1 * 17^1 * 29^1 * 31^1,0,"3,7,19,23,37,41,43,47,53,59",
23408,2,"2,3,7,11,17,19",2^4 * 3^4 * 7^1 * 11^1 * 17^2 * 19^1,0,"5,13,23,29,31,37,41,43,47,53,59",
23715,2,"2,3,5,7,11,17,31",2^2 * 3^2 * 5^1 * 7^2 * 11^2 * 17^1 * 31^1,0,"13,19,23,29,37,41,43,47,53,59",
23750,2,"2,3,5,7,13,19,29",2^1 * 3^2 * 5^4 * 7^1 * 13^1 * 19^1 * 29^1,0,"11,17,23,31,37,41,43,47,53,59",
23828,2,"2,3,7,13,23,37,47",2^2 * 3^1 * 7^1 * 13^2 * 23^1 * 37^1 * 47^1,0,"5,11,17,19,29,31,41,43,53,59",
23902,2,"2,11,17,19,37,41,53",2^1 * 11^1 * 17^1 * 19^1 * 37^1 * 41^1 * 53^1,0,"3,5,7,13,23,29,31,43,47,59",
24012,2,"2,3,11,23,29,37,59",2^2 * 3^2 * 11^1 * 23^1 * 29^1 * 37^1 * 59^1,0,"5,7,13,17,19,31,41,43,47,53",
24024,2,"2,3,5,7,11,13,31",2^3 * 3^1 * 5^2 * 7^1 * 11^1 * 13^1 * 31^2,0,"17,19,23,29,37,41,43,47,53,59",
24149,2,"2,3,5,7,19,23,31,41",2^1 * 3^1 * 5^2 * 7^1 * 19^1 * 23^1 * 31^1 * 41^1,0,"11,13,17,29,37,43,47,53,59",
24167,2,"2,3,11,13,19,53",2^3 * 3^1 * 11^1 * 13^3 * 19^1 * 53^1,0,"5,7,17,23,29,31,37,41,43,47,59",
24272,2,"2,3,29,31,37,41",2^4 * 3^3 * 29^1 * 31^1 * 37^1 * 41^1,0,"5,7,11,13,17,19,23,43,47,53,59",
24299,2,"2,3,5,11,47",2^2 * 3^5 * 5^2 * 11^1 * 47^2,0,"7,13,17,19,23,29,31,37,41,43,53,59",
24380,2,"2,3,5,7,23,43,53",2^2 * 3^4 * 5^1 * 7^1 * 23^1 * 43^1 * 53^1,0,"11,13,17,19,29,31,37,41,47,59",
24768,2,"2,3,17,31,43,47",2^6 * 3^2 * 17^1 * 31^1 * 43^1 * 47^1,0,"5,7,11,13,19,23,29,37,41,53,59",
24794,2,"2,3,5,7,11,19,23,29",2^1 * 3^2 * 5^1 * 7^2 * 11^1 * 19^1 * 23^1 * 29^1,0,"13,17,31,37,41,43,47,53,59",
24804,2,"2,3,5,11,13,41,53",2^2 * 3^2 * 5^1 * 11^2 * 13^1 * 41^1 * 53^1,0,"7,17,19,23,29,31,37,43,47,59",
24863,2,"2,3,7,23,37,47",2^5 * 3^1 * 7^1 * 23^2 * 37^1 * 47^1,0,"5,11,13,17,19,29,31,41,43,53,59",
24909,2,"2,3,5,19,23,47,53",2^1 * 3^1 * 5^1 * 19^2 * 23^1 * 47^1 * 53^1,0,"7,11,13,17,29,31,37,41,43,59",
25024,2,"2,5,7,11,13,17,23",2^6 * 5^2 * 7^1 * 11^1 * 13^1 * 17^1 * 23^1,0,"3,19,29,31,37,41,43,47,53,59",
25584,2,"2,3,5,7,13,17,41,43",2^4 * 3^1 * 5^1 * 7^1 * 13^1 * 17^1 * 41^1 * 43^1,0,"11,19,23,29,31,37,47,53,59",
25599,2,"2,3,5,7,23,53",2^10 * 3^1 * 5^2 * 7^1 * 23^1 * 53^1,0,"11,13,17,19,29,31,37,41,43,47,59",
25839,2,"2,3,5,11,17,19,29",2^4 * 3^4 * 5^1 * 11^1 * 17^1 * 19^1 * 29^1,0,"7,13,23,31,37,41,43,47,53,59",
25920,2,"2,3,5,7,23",2^6 * 3^4 * 5^1 * 7^2 * 23^2,0,"11,13,17,19,29,31,37,41,43,47,53,59",
26010,2,"2,3,5,17,19,37",2^1 * 3^2 * 5^1 * 17^2 * 19^1 * 37^2,0,"7,11,13,23,29,31,41,43,47,53,59",
26195,2,"2,3,5,13,31,37,59",2^2 * 3^1 * 5^1 * 13^2 * 31^1 * 37^1 * 59^1,0,"7,11,17,19,23,29,41,43,47,53",
26649,2,"2,3,5,7,13,41,47",2^1 * 3^4 * 5^2 * 7^1 * 13^1 * 41^1 * 47^1,0,"11,17,19,23,29,31,37,43,53,59",
26978,2,"2,3,7,17,23,41,47",2^1 * 3^1 * 7^1 * 17^1 * 23^2 * 41^1 * 47^1,0,"5,11,13,19,29,31,37,43,53,59",
26999,2,"2,3,5,7,19,29",2^3 * 3^3 * 5^3 * 7^2 * 19^1 * 29^1,0,"11,13,17,23,31,37,41,43,47,53,59",
27047,2,"2,3,7,17,23,37,43",2^3 * 3^1 * 7^2 * 17^1 * 23^1 * 37^1 * 43^1,0,"5,11,13,19,29,31,41,47,53,59",
27347,2,"2,3,23,29,41,43,53",2^2 * 3^1 * 23^1 * 29^1 * 41^1 * 43^1 * 53^1,0,"5,7,11,13,17,19,31,37,47,59",
27404,2,"2,3,5,7,13,17,29,31",2^2 * 3^3 * 5^1 * 7^1 * 13^1 * 17^1 * 29^1 * 31^1,0,"11,19,23,37,41,43,47,53,59",
27434,2,"2,3,5,11,29,31,43,59",2^1 * 3^1 * 5^1 * 11^1 * 29^1 * 31^1 * 43^1 * 59^1,0,"7,13,17,19,23,37,41,47,53",
27435,2,"2,3,5,19,31,59",2^2 * 3^1 * 5^1 * 19^3 * 31^1 * 59^1,0,"7,11,13,17,23,29,37,41,43,47,53",
27454,2,"2,5,7,17,19,37,53",2^1 * 5^1 * 7^1 * 17^2 * 19^1 * 37^1 * 53^1,0,"3,11,13,23,29,31,41,43,47,59",
27455,2,"2,3,5,11,13,17,19",2^6 * 3^1 * 5^1 * 11^1 * 13^1 * 17^2 * 19^1,0,"7,23,29,31,37,41,43,47,53,59",
27675,2,"2,3,5,11,17,37,41",2^2 * 3^3 * 5^2 * 11^1 * 17^1 * 37^1 * 41^1,0,"7,13,19,23,29,31,43,47,53,59",
27824,2,"2,3,5,7,37,47,53",2^4 * 3^1 * 5^2 * 7^1 * 37^1 * 47^1 * 53^1,0,"11,13,17,19,23,29,31,41,43,59",
27930,2,"2,3,5,7,17,19,31,53",2^1 * 3^1 * 5^1 * 7^2 * 17^1 * 19^1 * 31^1 * 53^1,0,"11,13,23,29,37,41,43,47,59",
27950,2,"2,3,5,7,11,13,43",2^1 * 3^1 * 5^2 * 7^1 * 11^3 * 13^1 * 43^1,0,"17,19,23,29,31,37,41,47,53,59",
28083,2,"2,3,7,11,17,23,37,59",2^2 * 3^1 * 7^1 * 11^1 * 17^1 * 23^1 * 37^1 * 59^1,0,"5,13,19,29,31,41,43,47,53",
28125,2,"2,3,5,7,41",2^1 * 3^2 * 5^5 * 7^3 * 41^1,0,"11,13,17,19,23,29,31,37,43,47,53,59",
28379,2,"2,3,5,11,13,37,43,59",2^2 * 3^1 * 5^1 * 11^1 * 13^1 * 37^1 * 43^1 * 59^1,0,"7,17,19,23,29,31,41,47,53",
28560,2,"2,3,5,7,13,17",2^4 * 3^1 * 5^1 * 7^1 * 13^4 * 17^1,0,"11,19,23,29,31,37,41,43,47,53,59",
28566,2,"2,3,7,11,23,53",2^1 * 3^3 * 7^2 * 11^1 * 23^2 * 53^1,0,"5,13,17,19,29,31,37,41,43,47,59",
28576,2,"2,17,19,41,47",2^5 * 17^1 * 19^1 * 41^2 * 47^1,0,"3,5,7,11,13,23,29,31,37,43,53,59",
28594,2,"2,5,7,17,19,29,43",2^1 * 5^1 * 7^1 * 17^1 * 19^1 * 29^2 * 43^1,0,"3,11,13,23,31,37,41,47,53,59",
28674,2,"2,3,5,31,37,59",2^1 * 3^5 * 5^2 * 31^1 * 37^1 * 59^1,0,"7,11,13,17,19,23,29,41,43,47,53",
28749,2,"2,3,5,7,23,37",2^1 * 3^1 * 5^4 * 7^1 * 23^1 * 37^2,0,"11,13,17,19,29,31,41,43,47,53,59",
28860,2,"2,3,5,7,13,19,31,37",2^2 * 3^1 * 5^1 * 7^2 * 13^1 * 19^1 * 31^1 * 37^1,0,"11,17,23,29,41,43,47,53,59",
28899,2,"2,3,5,13,17,19",2^2 * 3^2 * 5^2 * 13^2 * 17^2 * 19^1,0,"7,11,23,29,31,37,41,43,47,53,59",
29028,2,"2,3,7,11,13,29,41,59",2^2 * 3^1 * 7^1 * 11^1 * 13^1 * 29^1 * 41^1 * 59^1,0,"5,17,19,23,31,37,43,47,53",
29232,2,"2,3,7,23,29,31,41",2^4 * 3^2 * 7^1 * 23^1 * 29^1 * 31^1 * 41^1,0,"5,11,13,17,19,37,43,47,53,59",
29240,2,"2,3,5,17,19,43",2^3 * 3^4 * 5^1 * 17^1 * 19^2 * 43^1,0,"7,11,13,23,29,31,37,41,47,53,59",
29325,2,"2,3,5,11,17,23,31,43",2^1 * 3^1 * 5^2 * 11^1 * 17^1 * 23^1 * 31^1 * 43^1,0,"7,13,19,29,37,41,47,53,59",
29375,2,"2,3,5,17,47",2^6 * 3^3 * 5^4 * 17^1 * 47^1,0,"7,11,13,19,23,29,31,37,41,43,53,59",
29574,2,"2,3,5,7,13,31,53",2^1 * 3^2 * 5^2 * 7^1 * 13^2 * 31^1 * 53^1,0,"11,17,19,23,29,37,41,43,47,59",
29600,2,"2,3,5,11,13,23,37",2^5 * 3^2 * 5^2 * 11^1 * 13^1 * 23^1 * 37^1,0,"7,17,19,29,31,41,43,47,53,59",
29601,2,"2,3,11,13,19,23,41",2^1 * 3^2 * 11^1 * 13^1 * 19^2 * 23^1 * 41^1,0,"5,7,17,29,31,37,43,47,53,59",
29791,2,"2,7,19,31",2^5 * 7^2 * 19^1 * 31^3,0,"3,5,11,13,17,23,29,37,41,43,47,53,59",
29970,2,"2,3,5,17,37,41,43",2^1 * 3^4 * 5^1 * 17^1 * 37^1 * 41^1 * 43^1,0,"7,11,13,19,23,29,31,47,53,59",
30267,2,"2,3,7,19,23,47,59",2^2 * 3^3 * 7^1 * 19^1 * 23^1 * 47^1 * 59^1,0,"5,11,13,17,29,31,37,41,43,53",
30315,2,"2,3,5,11,13,43,47,53",2^2 * 3^1 * 5^1 * 11^1 * 13^1 * 43^1 * 47^1 * 53^1,0,"7,17,19,23,29,31,37,41,59",
30380,2,"2,3,5,7,13,19,31,41",2^2 * 3^1 * 5^1 * 7^2 * 13^1 * 19^1 * 31^1 * 41^1,0,"11,17,23,29,37,43,47,53,59",
30503,2,"2,3,11,31,41,47,59",2^3 * 3^1 * 11^1 * 31^1 * 41^1 * 47^1 * 59^1,0,"5,7,13,17,19,23,29,37,43,53",
30624,2,"2,3,5,7,11,29",2^5 * 3^1 * 5^4 * 7^2 * 11^1 * 29^1,0,"13,17,19,23,31,37,41,43,47,53,59",
30855,2,"2,3,5,7,11,17,19,29",2^3 * 3^1 * 5^1 * 7^1 * 11^2 * 17^1 * 19^1 * 29^1,0,"13,23,31,37,41,43,47,53,59",
30975,2,"2,3,5,7,11,59",2^8 * 3^1 * 5^2 * 7^1 * 11^2 * 59^1,0,"13,17,19,23,29,31,37,41,43,47,53",
31160,2,"2,3,5,13,17,19,41,47",2^3 * 3^1 * 5^1 * 13^1 * 17^1 * 19^1 * 41^1 * 47^1,0,"7,11,23,29,31,37,43,53,59",
31211,2,"2,3,17,23,59",2^2 * 3^3 * 17^2 * 23^2 * 59^1,0,"5,7,11,13,19,29,31,37,41,43,47,53",
31212,2,"2,3,7,13,17",2^2 * 3^3 * 7^4 * 13^1 * 17^2,0,"5,11,19,23,29,31,37,41,43,47,53,59",
31217,2,"2,3,11,19,31,43,53",2^1 * 3^1 * 11^2 * 19^1 * 31^1 * 43^1 * 53^1,0,"5,7,13,17,23,29,37,41,47,59",
31349,2,"2,3,5,11,19,23,29,47",2^1 * 3^1 * 5^2 * 11^1 * 19^1 * 23^1 * 29^1 * 47^1,0,"7,13,17,31,37,41,43,53,59",
31433,2,"2,3,13,17,31,43",2^1 * 3^1 * 13^2 * 17^1 * 31^1 * 43^2,0,"5,7,11,19,23,29,37,41,47,53,59",
31464,2,"2,3,5,7,19,23,29,31",2^3 * 3^2 * 5^1 * 7^1 * 19^1 * 23^1 * 29^1 * 31^1,0,"11,13,17,37,41,43,47,53,59",
31487,2,"2,3,23,37,41",2^8 * 3^1 * 23^1 * 37^2 * 41^1,0,"5,7,11,13,17,19,29,31,43,47,53,59",
31800,2,"2,3,5,7,11,53,59",2^3 * 3^1 * 5^2 * 7^2 * 11^1 * 53^1 * 59^1,0,"13,17,19,23,29,31,37,41,43,47",
31899,2,"2,3,5,7,11,29,31",2^2 * 3^1 * 5^2 * 7^3 * 11^1 * 29^1 * 31^1,0,"13,17,19,23,37,41,43,47,53,59",
32383,2,"2,11,13,23,47,53",2^7 * 11^1 * 13^1 * 23^1 * 47^1 * 53^1,0,"3,5,7,17,19,29,31,37,41,43,59",
32508,2,"2,3,7,19,29,43,59",2^2 * 3^3 * 7^1 * 19^1 * 29^1 * 43^1 * 59^1,0,"5,11,13,17,23,31,37,41,47,53",
32759,2,"2,3,5,7,13,17,41,47",2^3 * 3^2 * 5^1 * 7^1 * 13^1 * 17^1 * 41^1 * 47^1,0,"11,19,23,29,31,37,43,53,59",
32798,2,"2,3,13,23,29,31",2^1 * 3^1 * 13^1 * 23^2 * 29^2 * 31^1,0,"5,7,11,17,19,37,41,43,47,53,59",
32799,2,"2,3,5,13,29,41",2^5 * 3^1 * 5^2 * 13^1 * 29^2 * 41^1,0,"7,11,17,19,23,31,37,43,47,53,59",
32912,2,"2,3,11,17,23,53",2^4 * 3^3 * 11^2 * 17^1 * 23^1 * 53^1,0,"5,7,13,19,29,31,37,41,43,47,59",
33040,2,"2,5,7,19,37,47,59",2^4 * 5^1 * 7^1 * 19^1 * 37^1 * 47^1 * 59^1,0,"3,11,13,17,23,29,31,41,43,53",
33124,2,"2,5,7,13,53",2^2 * 5^4 * 7^2 * 13^2 * 53^1,0,"3,11,17,19,23,29,31,37,41,43,47,59",
33263,2,"2,3,7,11,29,31,37",2^4 * 3^3 * 7^1 * 11^1 * 29^1 * 31^1 * 37^1,0,"5,13,17,19,23,41,43,47,53,59",
33275,2,"2,3,5,11,47,59",2^2 * 3^1 * 5^2 * 11^3 * 47^1 * 59^1,0,"7,13,17,19,23,29,31,37,41,43,53",
33669,2,"2,3,5,7,13,29,37,43",2^1 * 3^3 * 5^1 * 7^1 * 13^1 * 29^1 * 37^1 * 43^1,0,"11,17,19,23,31,41,47,53,59",
33813,2,"2,3,11,13,17,29,53",2^1 * 3^2 * 11^1 * 13^1 * 17^2 * 29^1 * 53^1,0,"5,7,19,23,31,37,41,43,47,59",
34224,2,"2,3,5,23,31,37",2^4 * 3^1 * 5^2 * 23^1 * 31^1 * 37^2,0,"7,11,13,17,19,29,41,43,47,53,59",
34397,2,"2,3,7,11,13,53,59",2^1 * 3^3 * 7^2 * 11^1 * 13^1 * 53^1 * 59^1,0,"5,17,19,23,29,31,37,41,43,47",
34595,2,"2,3,5,11,17,31,37",2^2 * 3^2 * 5^1 * 11^1 * 17^1 * 31^2 * 37^1,0,"7,13,19,23,29,41,43,47,53,59",
34874,2,"2,3,5,7,31,47,53",2^1 * 3^2 * 5^3 * 7^1 * 31^1 * 47^1 * 53^1,0,"11,13,17,19,23,29,37,41,43,59",
34968,2,"2,3,11,17,31,47",2^3 * 3^1 * 11^2 * 17^2 * 31^1 * 47^1,0,"5,7,13,19,23,29,37,41,43,53,59",
35321,2,"2,3,7,11,13,19,29",2^1 * 3^1 * 7^1 * 11^1 * 13^2 * 19^1 * 29^2,0,"5,17,23,31,37,41,43,47,53,59",
35343,2,"2,3,7,11,17,47",2^4 * 3^3 * 7^1 * 11^1 * 17^1 * 47^2,0,"5,13,19,23,29,31,37,41,43,53,59",
35672,2,"2,3,7,11,13,23,47",2^3 * 3^1 * 7^3 * 11^1 * 13^1 * 23^1 * 47^1,0,"5,17,19,29,31,37,41,43,53,59",
35720,2,"2,3,5,7,19,47",2^3 * 3^6 * 5^1 * 7^2 * 19^1 * 47^1,0,"11,13,17,23,29,31,37,41,43,53,59",
35775,2,"2,3,5,13,43,53",2^6 * 3^3 * 5^2 * 13^1 * 43^1 * 53^1,0,"7,11,17,19,23,29,31,37,41,47,59",
35815,2,"2,5,11,13,19,29,37",2^3 * 5^1 * 11^2 * 13^1 * 19^1 * 29^1 * 37^1,0,"3,7,17,23,31,41,43,47,53,59",
36162,2,"2,3,7,29,41,43",2^1 * 3^2 * 7^2 * 29^2 * 41^1 * 43^1,0,"5,11,13,17,19,23,31,37,47,53,59",
36464,2,"2,3,5,11,13,17,43,53",2^4 * 3^1 * 5^1 * 11^1 * 13^1 * 17^1 * 43^1 * 53^1,0,"7,19,23,29,31,37,41,47,59",
36517,2,"2,13,19,31,53",2^1 * 13^1 * 19^1 * 31^2 * 53^2,0,"3,5,7,11,17,23,29,37,41,43,47,59",
36518,2,"2,3,7,19,31,37,47",2^1 * 3^1 * 7^1 * 19^1 * 31^2 * 37^1 * 47^1,0,"5,11,13,17,23,29,41,43,53,59",
36800,2,"2,3,5,23,29,47",2^6 * 3^3 * 5^2 * 23^1 * 29^1 * 47^1,0,"7,11,13,17,19,31,37,41,43,53,59",
36992,2,"2,3,11,17,19,59",2^7 * 3^1 * 11^1 * 17^2 * 19^1 * 59^1,0,"5,7,13,23,29,31,37,41,43,47,53",
37179,2,"2,3,5,11,13,17",2^2 * 3^7 * 5^1 * 11^1 * 13^2 * 17^1,0,"7,19,23,29,31,37,41,43,47,53,59",
37259,2,"2,3,5,19,23,37,53",2^2 * 3^4 * 5^1 * 19^1 * 23^1 * 37^1 * 53^1,0,"7,11,13,17,29,31,41,43,47,59",
37323,2,"2,3,7,11,13,29,31,43",2^2 * 3^2 * 7^1 * 11^1 * 13^1 * 29^1 * 31^1 * 43^1,0,"5,17,19,23,37,41,47,53,59",
37582,2,"2,7,13,19,23,43,59",2^1 * 7^2 * 13^1 * 19^1 * 23^1 * 43^1 * 59^1,0,"3,5,11,17,29,31,37,41,47,53",
37583,2,"2,3,7,13,29,59",2^4 * 3^4 * 7^2 * 13^1 * 29^1 * 59^1,0,"5,11,17,19,23,31,37,41,43,47,53",
37925,2,"2,3,5,7,37,41,43",2^1 * 3^2 * 5^2 * 7^2 * 37^1 * 41^1 * 43^1,0,"11,13,17,19,23,29,31,47,53,59",
37961,2,"2,3,7,11,17,19,29,37",2^1 * 3^3 * 7^1 * 11^1 * 17^1 * 19^1 * 29^1 * 37^1,0,"5,13,23,31,41,43,47,53,59",
38114,2,"2,3,5,7,11,17,19,59",2^1 * 3^2 * 5^1 * 7^1 * 11^2 * 17^1 * 19^1 * 59^1,0,"13,23,29,31,37,41,43,47,53",
38399,2,"2,3,5,19,43,47",2^9 * 3^1 * 5^2 * 19^1 * 43^1 * 47^1,0,"7,11,13,17,23,29,31,37,41,53,59",
38570,2,"2,3,5,7,13,19,23,29,43",2^1 * 3^1 * 5^1 * 7^1 * 13^1 * 19^1 * 23^1 * 29^1 * 43^1,0,"11,17,31,37,41,47,53,59",
38961,2,"2,3,7,11,13,23,37",2^1 * 3^4 * 7^1 * 11^2 * 13^1 * 23^1 * 37^1,0,"5,17,19,29,31,41,43,47,53,59",
39150,2,"2,3,5,7,17,29,47",2^1 * 3^3 * 5^2 * 7^2 * 17^1 * 29^1 * 47^1,0,"11,13,19,23,31,37,41,43,53,59",
39215,2,"2,3,5,11,19,23,31,43",2^4 * 3^1 * 5^1 * 11^1 * 19^1 * 23^1 * 31^1 * 43^1,0,"7,13,17,29,37,41,47,53,59",
39325,2,"2,5,7,11,13,53",2^1 * 5^2 * 7^1 * 11^2 * 13^1 * 53^2,0,"3,17,19,23,29,31,37,41,43,47,59",
40204,2,"2,5,11,17,19,23,43",2^2 * 5^1 * 11^1 * 17^1 * 19^1 * 23^2 * 43^1,0,"3,7,13,29,31,37,41,47,53,59",
40425,2,"2,3,5,7,11,17,29,41",2^1 * 3^1 * 5^2 * 7^2 * 11^1 * 17^1 * 29^1 * 41^1,0,"13,19,23,31,37,43,47,53,59",
40959,2,"2,3,5,37,41",2^13 * 3^3 * 5^1 * 37^1 * 41^1,0,"7,11,13,17,19,23,29,31,43,47,53,59",
41040,2,"2,3,5,7,11,13,19,41",2^4 * 3^3 * 5^1 * 7^1 * 11^1 * 13^1 * 19^1 * 41^1,0,"17,23,29,31,37,43,47,53,59",
41261,2,"2,3,11,13,23,31",2^1 * 3^1 * 11^3 * 13^1 * 23^2 * 31^1,0,"5,7,17,19,29,37,41,43,47,53,59",
41327,2,"2,3,7,11,13,17,41",2^4 * 3^2 * 7^1 * 11^1 * 13^1 * 17^2 * 41^1,0,"5,19,23,29,31,37,43,47,53,59",
41514,2,"2,3,5,11,17,19,23,37",2^1 * 3^1 * 5^1 * 11^1 * 17^1 * 19^2 * 23^1 * 37^1,0,"7,13,29,31,41,43,47,53,59",
41552,2,"2,3,7,19,53",2^4 * 3^7 * 7^2 * 19^1 * 53^1,0,"5,11,13,17,23,29,31,37,41,43,47,59",
41615,2,"2,3,5,7,17,29,41",2^4 * 3^2 * 5^1 * 7^1 * 17^2 * 29^1 * 41^1,0,"11,13,19,23,31,37,43,47,53,59",
41624,2,"2,3,5,11,37,43",2^3 * 3^2 * 5^3 * 11^2 * 37^1 * 43^1,0,"7,13,17,19,23,29,31,41,47,53,59",
41876,2,"2,3,11,19,29,47",2^2 * 3^4 * 11^1 * 19^2 * 29^1 * 47^1,0,"5,7,13,17,23,31,37,41,43,53,59",
42066,2,"2,3,19,23,31,41,59",2^1 * 3^3 * 19^1 * 23^1 * 31^1 * 41^1 * 59^1,0,"5,7,11,13,17,29,37,43,47,53",
42159,2,"2,3,5,13,17,23,31,47",2^4 * 3^1 * 5^1 * 13^1 * 17^1 * 23^1 * 31^1 * 47^1,0,"7,11,19,29,37,41,43,53,59",
42483,2,"2,3,7,13,17,19,43",2^2 * 3^1 * 7^2 * 13^1 * 17^2 * 19^1 * 43^1,0,"5,11,23,29,31,37,41,47,53,59",
42624,2,"2,3,5,11,31,37",2^7 * 3^2 * 5^3 * 11^1 * 31^1 * 37^1,0,"7,13,17,19,23,29,41,43,47,53,59",
42687,2,"2,3,17,23,29,31",2^6 * 3^4 * 17^1 * 23^1 * 29^1 * 31^1,0,"5,7,11,13,19,37,41,43,47,53,59",
43010,2,"2,3,5,11,17,23,59",2^1 * 3^6 * 5^1 * 11^1 * 17^1 * 23^1 * 59^1,0,"7,13,19,29,31,37,41,43,47,53",
43263,2,"2,3,11,13,19,23",2^8 * 3^2 * 11^1 * 13^2 * 19^1 * 23^1,0,"5,7,17,29,31,37,41,43,47,53,59",
43400,2,"2,3,5,7,17,23,31,37",2^3 * 3^1 * 5^2 * 7^1 * 17^1 * 23^1 * 31^1 * 37^1,0,"11,13,19,29,41,43,47,53,59",
43659,2,"2,3,5,7,11,37,59",2^2 * 3^4 * 5^1 * 7^2 * 11^1 * 37^1 * 59^1,0,"13,17,19,23,29,31,41,43,47,53",
43680,2,"2,3,5,7,11,13,19",2^5 * 3^1 * 5^1 * 7^1 * 11^2 * 13^1 * 19^2,0,"17,23,29,31,37,41,43,47,53,59",
43757,2,"2,3,7,11,13,17,19,47",2^1 * 3^2 * 7^2 * 11^1 * 13^1 * 17^1 * 19^1 * 47^1,0,"5,23,29,31,37,41,43,53,59",
43992,2,"2,3,13,29,37,41,47",2^3 * 3^2 * 13^1 * 29^1 * 37^1 * 41^1 * 47^1,0,"5,7,11,17,19,23,31,43,53,59",
44485,2,"2,5,7,13,29,31,41,59",2^1 * 5^1 * 7^1 * 13^1 * 29^1 * 31^1 * 41^1 * 59^1,0,"3,11,17,19,23,37,43,47,53",
44505,2,"2,3,5,7,11,17,23,43",2^1 * 3^2 * 5^1 * 7^1 * 11^1 * 17^2 * 23^1 * 43^1,0,"13,19,29,31,37,41,47,53,59",
44573,2,"2,3,17,19,23,29,53",2^1 * 3^1 * 17^1 * 19^1 * 23^1 * 29^2 * 53^1,0,"5,7,11,13,31,37,41,43,47,59",
44649,2,"2,3,5,11,19,41,47",2^1 * 3^2 * 5^2 * 11^2 * 19^1 * 41^1 * 47^1,0,"7,13,17,23,29,31,37,43,53,59",
44891,2,"2,3,7,11,29,43,53",2^2 * 3^2 * 7^1 * 11^2 * 29^1 * 43^1 * 53^1,0,"5,13,17,19,23,31,37,41,47,59",
44954,2,"2,3,5,7,13,19,37",2^1 * 3^5 * 5^1 * 7^1 * 13^2 * 19^1 * 37^1,0,"11,17,23,29,31,41,43,47,53,59",
45135,2,"2,3,5,7,13,17,31,59",2^4 * 3^2 * 5^1 * 7^1 * 13^1 * 17^1 * 31^1 * 59^1,0,"11,19,23,29,37,41,43,47,53",
45253,2,"2,11,13,17,59",2^1 * 11^3 * 13^1 * 17^1 * 59^2,0,"3,5,7,19,23,29,31,37,41,43,47,53",
45632,2,"2,3,7,23,31,41,53",2^6 * 3^1 * 7^1 * 23^1 * 31^1 * 41^1 * 53^1,0,"5,11,13,17,19,29,37,43,47,59",
45695,2,"2,3,5,7,13,17,19,37",2^7 * 3^1 * 5^1 * 7^1 * 13^1 * 17^1 * 19^1 * 37^1,0,"11,23,29,31,41,43,47,53,59",
46137,2,"2,3,7,13,17,23,59",2^1 * 3^1 * 7^1 * 13^3 * 17^1 * 23^1 * 59^1,0,"5,11,19,29,31,37,41,43,47,53",
46138,2,"2,17,23,29,37,43,59",2^1 * 17^1 * 23^1 * 29^1 * 37^1 * 43^1 * 59^1,0,"3,5,7,11,13,19,31,41,47,53",
46207,2,"2,7,19,23,41",2^7 * 7^2 * 19^2 * 23^1 * 41^1,0,"3,5,11,13,17,29,31,37,43,47,53,59",
46255,2,"2,5,7,11,29,59",2^4 * 5^1 * 7^2 * 11^1 * 29^2 * 59^1,0,"3,13,17,19,23,31,37,41,43,47,53",
46375,2,"2,5,7,11,17,31,53",2^3 * 5^3 * 7^1 * 11^1 * 17^1 * 31^1 * 53^1,0,"3,13,19,23,29,37,41,43,47,59",
46529,2,"2,3,5,7,11,17,23,47",2^1 * 3^2 * 5^1 * 7^1 * 11^1 * 17^2 * 23^1 * 47^1,0,"13,19,29,31,37,41,43,53,59",
46655,2,"2,3,5,7,31,43",2^6 * 3^6 * 5^1 * 7^1 * 31^1 * 43^1,0,"11,13,17,19,23,29,37,41,47,53,59",
46904,2,"2,3,5,11,13,41,53,59",2^3 * 3^1 * 5^1 * 11^1 * 13^1 * 41^1 * 53^1 * 59^1,0,"7,17,19,23,29,31,37,43,47",
47124,2,"2,3,5,7,11,13,17,29",2^2 * 3^2 * 5^3 * 7^1 * 11^1 * 13^1 * 17^1 * 29^1,0,"19,23,31,37,41,43,47,53,59",
47150,2,"2,3,5,13,23,31,41",2^1 * 3^2 * 5^2 * 13^2 * 23^1 * 31^1 * 41^1,0,"7,11,17,19,29,37,43,47,53,59",
47328,2,"2,3,17,19,29,47,53",2^5 * 3^1 * 17^1 * 19^1 * 29^1 * 47^1 * 53^1,0,"5,7,11,13,23,31,37,41,43,59",
47385,2,"2,3,5,13,19,29,43",2^1 * 3^6 * 5^1 * 13^1 * 19^1 * 29^1 * 43^1,0,"7,11,17,23,31,37,41,47,53,59",
47600,2,"2,3,5,7,17,41,43",2^4 * 3^3 * 5^2 * 7^1 * 17^1 * 41^1 * 43^1,0,"11,13,19,23,29,31,37,47,53,59",
47915,2,"2,3,5,7,11,37",2^2 * 3^2 * 5^1 * 7^1 * 11^3 * 37^2,0,"13,17,19,23,29,31,41,43,47,53,59",
48174,2,"2,3,5,7,31,37,41,47",2^1 * 3^1 * 5^2 * 7^1 * 31^1 * 37^1 * 41^1 * 47^1,0,"11,13,17,19,23,29,43,53,59",
48503,2,"2,3,7,13,41,43,47",2^3 * 3^1 * 7^1 * 13^2 * 41^1 * 43^1 * 47^1,0,"5,11,17,19,23,29,31,37,53,59",
48734,2,"2,3,5,7,19,59",2^1 * 3^3 * 5^1 * 7^1 * 19^2 * 59^2,0,"11,13,17,23,29,31,37,41,43,47,53",
48749,2,"2,3,5,13,29,41",2^1 * 3^1 * 5^4 * 13^1 * 29^1 * 41^2,0,"7,11,17,19,23,31,37,43,47,53,59",
48762,2,"2,3,7,11,13,31,43",2^1 * 3^4 * 7^1 * 11^2 * 13^1 * 31^1 * 43^1,0,"5,17,19,23,29,37,41,47,53,59",
48840,2,"2,3,5,11,13,17,37",2^3 * 3^1 * 5^1 * 11^1 * 13^2 * 17^2 * 37^1,0,"7,19,23,29,31,41,43,47,53,59",
49010,2,"2,3,5,13,17,29,31",2^1 * 3^1 * 5^1 * 13^2 * 17^1 * 29^1 * 31^2,0,"7,11,19,23,37,41,43,47,53,59",
49247,2,"2,3,11,19,37",2^5 * 3^4 * 11^3 * 19^1 * 37^1,0,"5,7,13,17,23,29,31,41,43,47,53,59",
49725,2,"2,3,5,13,17,23,47",2^1 * 3^2 * 5^2 * 13^1 * 17^1 * 23^2 * 47^1,0,"7,11,19,29,31,37,41,43,53,59",
49855,2,"2,5,13,19,41,59",2^6 * 5^1 * 13^2 * 19^1 * 41^1 * 59^1,0,"3,7,11,17,23,29,31,37,43,47,53",
49972,2,"2,7,11,13,31,59",2^2 * 7^1 * 11^2 * 13^1 * 31^2 * 59^1,0,"3,5,17,19,23,29,37,41,43,47,53",
49979,2,"2,3,5,7,17,23,41,53",2^2 * 3^1 * 5^1 * 7^2 * 17^1 * 23^1 * 41^1 * 53^1,0,"11,13,19,29,31,37,43,47,59",
50024,2,"2,3,5,13,23,29,37",2^3 * 3^1 * 5^2 * 13^2 * 23^1 * 29^1 * 37^1,0,"7,11,17,19,31,41,43,47,53,59",
50336,2,"2,3,7,11,13,17,47",2^5 * 3^2 * 7^1 * 11^2 * 13^1 * 17^1 * 47^1,0,"5,19,23,29,31,37,41,43,53,59",
50430,2,"2,3,5,29,37,41,47",2^1 * 3^1 * 5^1 * 29^1 * 37^1 * 41^2 * 47^1,0,"7,11,13,17,19,23,31,43,53,59",
50653,2,"2,19,31,37,43",2^1 * 19^1 * 31^1 * 37^3 * 43^1,0,"3,5,7,11,13,17,23,29,41,47,53,59",
52029,2,"2,3,5,11,41,43,47",2^1 * 3^3 * 5^1 * 11^2 * 41^1 * 43^1 * 47^1,0,"7,13,17,19,23,29,31,37,53,59",
52325,2,"2,3,5,7,13,17,19,23",2^1 * 3^4 * 5^2 * 7^1 * 13^1 * 17^1 * 19^1 * 23^1,0,"11,29,31,37,41,43,47,53,59",
52416,2,"2,3,7,13,23,43,53",2^6 * 3^2 * 7^1 * 13^1 * 23^1 * 43^1 * 53^1,0,"5,11,17,19,29,31,37,41,47,59",
52479,2,"2,3,5,7,17,41",2^8 * 3^2 * 5^1 * 7^3 * 17^1 * 41^1,0,"11,13,19,23,29,31,37,43,47,53,59",
52576,2,"2,7,29,31,37,53",2^5 * 7^2 * 29^1 * 31^1 * 37^1 * 53^1,0,"3,5,11,13,17,19,23,41,43,47,59",
53040,2,"2,3,5,13,17,29,31,59",2^4 * 3^1 * 5^1 * 13^1 * 17^1 * 29^1 * 31^1 * 59^1,0,"7,11,19,23,37,41,43,47,53",
53360,2,"2,3,5,7,11,23,29",2^4 * 3^2 * 5^1 * 7^2 * 11^2 * 23^1 * 29^1,0,"13,17,19,31,37,41,43,47,53,59",
53504,2,"2,3,5,11,19,29,41",2^8 * 3^2 * 5^1 * 11^1 * 19^1 * 29^1 * 41^1,0,"7,13,17,23,31,37,43,47,53,59",
53750,2,"2,3,5,19,23,41,43",2^1 * 3^1 * 5^4 * 19^1 * 23^1 * 41^1 * 43^1,0,"7,11,13,17,29,31,37,47,53,59",
54144,2,"2,3,5,7,13,17,47",2^7 * 3^2 * 5^1 * 7^2 * 13^1 * 17^1 * 47^1,0,"11,19,23,29,31,37,41,43,53,59",
55055,2,"2,3,5,7,11,13,31,37",2^4 * 3^1 * 5^1 * 7^1 * 11^2 * 13^1 * 31^1 * 37^1,0,"17,19,23,29,41,43,47,53,59",
55223,2,"2,3,7,13,23,59",2^3 * 3^2 * 7^4 * 13^1 * 23^1 * 59^1,0,"5,11,17,19,29,31,37,41,43,47,53",
55224,2,"2,3,5,13,47,59",2^3 * 3^2 * 5^2 * 13^1 * 47^2 * 59^1,0,"7,11,17,19,23,29,31,37,41,43,53",
55384,2,"2,5,7,11,19,23,43,53",2^3 * 5^1 * 7^1 * 11^1 * 19^1 * 23^1 * 43^1 * 53^1,0,"3,13,17,29,31,37,41,47,59",
56202,2,"2,3,7,17,19,29,31,37",2^1 * 3^1 * 7^2 * 17^1 * 19^1 * 29^1 * 31^1 * 37^1,0,"5,11,13,23,41,43,47,53,59",
56286,2,"2,3,7,11,17,43,53,59",2^1 * 3^2 * 7^1 * 11^1 * 17^1 * 43^1 * 53^1 * 59^1,0,"5,13,19,23,29,31,37,41,47",
56375,2,"2,3,5,11,29,41",2^3 * 3^5 * 5^3 * 11^1 * 29^1 * 41^1,0,"7,13,17,19,23,31,37,43,47,53,59",
56699,2,"2,3,5,7,31,59",2^2 * 3^4 * 5^2 * 7^1 * 31^2 * 59^1,0,"11,13,17,19,23,29,37,41,43,47,53",
56869,2,"2,5,11,29,37,47,53",2^1 * 5^1 * 11^2 * 29^1 * 37^1 * 47^1 * 53^1,0,"3,7,13,17,19,23,31,41,43,59",
57239,2,"2,3,5,7,13,17,37,53",2^3 * 3^3 * 5^1 * 7^1 * 13^1 * 17^1 * 37^1 * 53^1,0,"11,19,23,29,31,41,43,47,59",
57399,2,"2,3,5,7,19,41,53",2^3 * 3^1 * 5^2 * 7^1 * 19^2 * 41^1 * 53^1,0,"11,13,17,23,29,31,37,43,47,59",
58310,2,"2,3,5,7,11,17,19,31",2^1 * 3^2 * 5^1 * 7^3 * 11^1 * 17^1 * 19^1 * 31^1,0,"13,23,29,37,41,43,47,53,59",
58564,2,"2,5,11,13,17,53",2^2 * 5^1 * 11^4 * 13^1 * 17^1 * 53^1,0,"3,7,19,23,29,31,37,41,43,47,59",
58608,2,"2,3,11,29,37,43,47",2^4 * 3^2 * 11^1 * 29^1 * 37^1 * 43^1 * 47^1,0,"5,7,13,17,19,23,31,41,53,59",
58652,2,"2,3,7,11,19,31,43",2^2 * 3^2 * 7^3 * 11^1 * 19^1 * 31^1 * 43^1,0,"5,13,17,23,29,37,41,47,53,59",
58695,2,"2,3,5,7,11,13,23,29,43",2^3 * 3^1 * 5^1 * 7^1 * 11^1 * 13^1 * 23^1 * 29^1 * 43^1,0,"17,19,31,37,41,47,53,59",
58995,2,"2,3,5,7,19,23,43",2^2 * 3^3 * 5^1 * 7^3 * 19^1 * 23^1 * 43^1,0,"11,13,17,29,31,37,41,47,53,59",
59125,2,"2,5,11,17,37,43,47",2^1 * 5^3 * 11^1 * 17^1 * 37^1 * 43^1 * 47^1,0,"3,7,13,19,23,29,31,41,53,59",
59643,2,"2,3,13,31,37,47",2^2 * 3^3 * 13^1 * 31^1 * 37^1 * 47^2,0,"5,7,11,17,19,23,29,41,43,53,59",
59942,2,"2,3,13,17,29,41,43,53",2^1 * 3^1 * 13^1 * 17^1 * 29^1 * 41^1 * 43^1 * 53^1,0,"5,7,11,19,23,31,37,47,59",
60515,2,"2,3,5,7,13,19,41",2^2 * 3^2 * 5^1 * 7^2 * 13^1 * 19^1 * 41^2,0,"11,17,23,29,31,37,43,47,53,59",
60543,2,"2,3,7,11,31,43",2^7 * 3^2 * 7^1 * 11^1 * 31^2 * 43^1,0,"5,13,17,19,23,29,37,41,47,53,59",
60605,2,"2,3,5,7,13,17,23,31,37",2^1 * 3^2 * 5^1 * 7^1 * 13^1 * 17^1 * 23^1 * 31^1 * 37^1,0,"11,19,29,41,43,47,53,59",
61008,2,"2,3,13,19,31,41",2^4 * 3^1 * 13^2 * 19^2 * 31^1 * 41^1,0,"5,7,11,17,23,29,37,43,47,53,59",
61335,2,"2,3,5,11,17,29,41,47",2^3 * 3^2 * 5^1 * 11^1 * 17^1 * 29^1 * 41^1 * 47^1,0,"7,13,19,23,31,37,43,53,59",
61479,2,"2,3,5,11,23,29,53",2^3 * 3^5 * 5^1 * 11^1 * 23^1 * 29^1 * 53^1,0,"7,13,17,19,31,37,41,43,47,59",
62698,2,"2,7,13,23,29,47,53",2^1 * 7^1 * 13^2 * 23^1 * 29^1 * 47^1 * 53^1,0,"3,5,11,17,19,31,37,41,43,59",
62699,2,"2,3,5,7,11,13,19,53",2^2 * 3^1 * 5^2 * 7^1 * 11^1 * 13^2 * 19^1 * 53^1,0,"17,23,29,31,37,41,43,47,59",
62775,2,"2,3,5,7,19,31,59",2^3 * 3^4 * 5^2 * 7^1 * 19^1 * 31^1 * 59^1,0,"11,13,17,23,29,37,41,43,47,53",
63307,2,"2,7,17,19,29,37,59",2^2 * 7^2 * 17^1 * 19^1 * 29^1 * 37^1 * 59^1,0,"3,5,11,13,23,31,41,43,47,53",
63425,2,"2,3,5,11,31,43,59",2^1 * 3^1 * 5^2 * 11^1 * 31^2 * 43^1 * 59^1,0,"7,13,17,19,23,29,37,41,47,53",
63426,2,"2,3,7,11,13,17,31,41",2^1 * 3^1 * 7^1 * 11^1 * 13^1 * 17^1 * 31^2 * 41^1,0,"5,19,23,29,37,43,47,53,59",
63713,2,"2,3,7,13,29,37,41",2^1 * 3^1 * 7^1 * 13^3 * 29^1 * 37^1 * 41^1,0,"5,11,17,19,23,31,43,47,53,59",
64124,2,"2,3,5,17,19,23,41",2^2 * 3^3 * 5^3 * 17^1 * 19^1 * 23^1 * 41^1,0,"7,11,13,29,31,37,43,47,53,59",
64448,2,"2,3,7,11,19,31,53",2^6 * 3^3 * 7^1 * 11^1 * 19^1 * 31^1 * 53^1,0,"5,13,17,23,29,37,41,43,47,59",
66079,2,"2,5,7,13,17,23,59",2^5 * 5^1 * 7^1 * 13^2 * 17^1 * 23^1 * 59^1,0,"3,11,19,29,31,37,41,43,47,53",
66091,2,"2,13,29,31,41,43,53",2^2 * 13^1 * 29^1 * 31^1 * 41^1 * 43^1 * 53^1,0,"3,5,7,11,17,19,23,37,47,59",
66176,2,"2,3,11,19,43,47",2^7 * 3^4 * 11^1 * 19^1 * 43^1 * 47^1,0,"5,7,13,17,23,29,31,37,41,53,59",
66975,2,"2,3,5,7,13,19,23,47",2^5 * 3^1 * 5^2 * 7^1 * 13^1 * 19^1 * 23^1 * 47^1,0,"11,17,29,31,37,41,43,53,59",
67080,2,"2,3,5,7,13,37,43",2^3 * 3^1 * 5^1 * 7^2 * 13^1 * 37^2 * 43^1,0,"11,17,19,23,29,31,41,47,53,59",
67424,2,"2,3,5,7,29,31,43",2^5 * 3^1 * 5^2 * 7^2 * 29^1 * 31^1 * 43^1,0,"11,13,17,19,23,37,41,47,53,59",
67599,2,"2,3,5,7,13,29,37",2^4 * 3^2 * 5^2 * 7^1 * 13^2 * 29^1 * 37^1,0,"11,17,19,23,31,41,43,47,53,59",
67914,2,"2,3,5,7,11,17,47",2^1 * 3^2 * 5^1 * 7^3 * 11^1 * 17^2 * 47^1,0,"13,19,23,29,31,37,41,43,53,59",
68264,2,"2,3,5,7,23,37,41,53",2^3 * 3^2 * 5^1 * 7^1 * 23^1 * 37^1 * 41^1 * 53^1,0,"11,13,17,19,29,31,43,47,59",
68634,2,"2,3,5,7,31,37,41,53",2^1 * 3^3 * 5^1 * 7^1 * 31^1 * 37^1 * 41^1 * 53^1,0,"11,13,17,19,23,29,43,47,59",
68782,2,"2,7,11,13,17,37",2^1 * 7^1 * 11^1 * 13^2 * 17^3 * 37^1,0,"3,5,19,23,29,31,41,43,47,53,59",
69874,2,"2,5,7,13,23,31,43",2^1 * 5^3 * 7^2 * 13^1 * 23^1 * 31^1 * 43^1,0,"3,11,17,19,29,37,41,47,53,59",
70091,2,"2,3,7,11,17,19,31,59",2^2 * 3^3 * 7^1 * 11^1 * 17^1 * 19^1 * 31^1 * 59^1,0,"5,13,23,29,37,41,43,47,53",
70224,2,"2,3,5,7,11,19,53",2^4 * 3^1 * 5^2 * 7^1 * 11^1 * 19^1 * 53^2,0,"13,17,23,29,31,37,41,43,47,59",
70356,2,"2,3,7,11,13,19,23,41",2^2 * 3^1 * 7^1 * 11^1 * 13^1 * 19^1 * 23^2 * 41^1,0,"5,17,29,31,37,43,47,53,59",
70499,2,"2,3,5,11,13,17,29,47",2^2 * 3^1 * 5^3 * 11^1 * 13^1 * 17^1 * 29^1 * 47^1,0,"7,19,23,31,37,41,43,53,59",
70875,2,"2,3,5,7,13,29,47",2^2 * 3^4 * 5^3 * 7^1 * 13^1 * 29^1 * 47^1,0,"11,17,19,23,31,37,41,43,53,59",
71299,2,"2,5,23,31,37,41,47",2^2 * 5^2 * 23^1 * 31^1 * 37^1 * 41^1 * 47^1,0,"3,7,11,13,17,19,29,43,53,59",
71484,2,"2,3,5,7,17,23,29,37",2^2 * 3^1 * 5^1 * 7^1 * 17^1 * 23^1 * 29^2 * 37^1,0,"11,13,19,31,41,43,47,53,59",
71874,2,"2,3,5,11,23",2^1 * 3^3 * 5^5 * 11^3 * 23^1,0,"7,13,17,19,29,31,37,41,43,47,53,59",
71920,2,"2,5,23,29,31,53,59",2^4 * 5^1 * 23^1 * 29^1 * 31^1 * 53^1 * 59^1,0,"3,7,11,13,17,19,37,41,43,47",
72239,2,"2,3,5,7,29,43,47,53",2^4 * 3^1 * 5^1 * 7^1 * 29^1 * 43^1 * 47^1 * 53^1,0,"11,13,17,19,23,31,37,41,59",
72500,2,"2,3,5,11,13,29",2^2 * 3^1 * 5^4 * 11^1 * 13^3 * 29^1,0,"7,17,19,23,31,37,41,43,47,53,59",
72864,2,"2,3,5,11,13,19,23,59",2^5 * 3^2 * 5^1 * 11^1 * 13^1 * 19^1 * 23^1 * 59^1,0,"7,17,29,31,37,41,43,47,53",
73100,2,"2,3,5,7,17,43,59",2^2 * 3^1 * 5^2 * 7^1 * 17^1 * 43^1 * 59^2,0,"11,13,19,23,29,31,37,41,47,53",
73185,2,"2,3,5,7,17,23,37,41,43",2^1 * 3^1 * 5^1 * 7^1 * 17^1 * 23^1 * 37^1 * 41^1 * 43^1,0,"11,13,19,29,31,47,53,59",
73695,2,"2,3,5,7,17,47",2^5 * 3^1 * 5^1 * 7^2 * 17^3 * 47^1,0,"11,13,19,23,29,31,37,41,43,53,59",
75140,2,"2,3,5,11,13,17,23",2^2 * 3^3 * 5^1 * 11^2 * 13^1 * 17^2 * 23^1,0,"7,19,29,31,37,41,43,47,53,59",
75809,2,"2,3,5,7,19,41,43",2^1 * 3^1 * 5^1 * 7^1 * 19^2 * 41^1 * 43^2,0,"11,13,17,23,29,31,37,47,53,59",
75999,2,"2,3,5,7,11,19,47",2^5 * 3^1 * 5^3 * 7^2 * 11^1 * 19^1 * 47^1,0,"13,17,23,29,31,37,41,43,53,59",
76109,2,"2,3,5,11,17,37,43,59",2^1 * 3^1 * 5^1 * 11^2 * 17^1 * 37^1 * 43^1 * 59^1,0,"7,13,19,23,29,31,41,47,53",
76383,2,"2,3,7,11,23,31,41",2^5 * 3^4 * 7^1 * 11^1 * 23^1 * 31^1 * 41^1,0,"5,13,17,19,29,37,43,47,53,59",
76531,2,"2,7,13,19,29,53",2^2 * 7^1 * 13^1 * 19^2 * 29^2 * 53^1,0,"3,5,11,17,23,31,37,41,43,47,59",
76544,2,"2,3,5,7,13,23",2^8 * 3^7 * 5^1 * 7^1 * 13^1 * 23^1,0,"11,17,19,29,31,37,41,43,47,53,59",
76704,2,"2,3,5,17,23,29,47",2^5 * 3^1 * 5^1 * 17^1 * 23^2 * 29^1 * 47^1,0,"7,11,13,19,31,37,41,43,53,59",
76797,2,"2,3,7,19,23,43,47,53",2^1 * 3^2 * 7^1 * 19^1 * 23^1 * 43^1 * 47^1 * 53^1,0,"5,11,13,17,29,31,37,41,59",
76874,2,"2,3,5,7,17,19,41",2^1 * 3^1 * 5^4 * 7^1 * 17^2 * 19^1 * 41^1,0,"11,13,23,29,31,37,43,47,53,59",
77220,2,"2,3,5,11,13,31,47,53",2^2 * 3^3 * 5^1 * 11^1 * 13^1 * 31^1 * 47^1 * 53^1,0,"7,17,19,23,29,37,41,43,59",
77314,2,"2,5,7,29,31,43,47",2^1 * 5^1 * 7^1 * 29^1 * 31^1 * 43^1 * 47^2,0,"3,11,13,17,19,23,37,41,53,59",
77349,2,"2,3,5,7,13,17,19,23,59",2^1 * 3^1 * 5^2 * 7^1 * 13^1 * 17^1 * 19^1 * 23^1 * 59^1,0,"11,29,31,37,41,43,47,53",
77440,2,"2,5,7,11,13,23,37",2^7 * 5^1 * 7^1 * 11^2 * 13^1 * 23^1 * 37^1,0,"3,17,19,29,31,41,43,47,53,59",
77571,2,"2,3,11,13,17,41,43",2^2 * 3^3 * 11^1 * 13^2 * 17^1 * 41^1 * 43^1,0,"5,7,19,23,29,31,37,47,53,59",
77615,2,"2,3,5,7,11,19,43",2^4 * 3^2 * 5^1 * 7^2 * 11^1 * 19^2 * 43^1,0,"13,17,23,29,31,37,41,47,53,59",
78336,2,"2,3,7,17,19,31",2^9 * 3^2 * 7^1 * 17^1 * 19^2 * 31^1,0,"5,11,13,23,29,37,41,43,47,53,59",
78584,2,"2,3,5,11,13,19,31,47",2^3 * 3^1 * 5^1 * 11^1 * 13^2 * 19^1 * 31^1 * 47^1,0,"7,17,23,29,37,41,43,53,59",
78624,2,"2,3,5,7,13,17,37",2^5 * 3^3 * 5^3 * 7^1 * 13^1 * 17^1 * 37^1,0,"11,19,23,29,31,41,43,47,53,59",
78705,2,"2,3,5,11,23,29,53,59",2^1 * 3^3 * 5^1 * 11^1 * 23^1 * 29^1 * 53^1 * 59^1,0,"7,13,17,19,31,37,41,43,47",
79764,2,"2,3,5,7,17,23,43,53",2^2 * 3^1 * 5^1 * 7^1 * 17^2 * 23^1 * 43^1 * 53^1,0,"11,13,19,29,31,37,41,47,59",
80135,2,"2,3,5,7,11,31,47,53",2^3 * 3^3 * 5^1 * 7^1 * 11^1 * 31^1 * 47^1 * 53^1,0,"13,17,19,23,29,37,41,43,59",
80475,2,"2,3,5,11,29,31,37,59",2^2 * 3^1 * 5^2 * 11^1 * 29^1 * 31^1 * 37^1 * 59^1,0,"7,13,17,19,23,41,43,47,53",
80919,2,"2,3,5,7,17,37",2^3 * 3^7 * 5^1 * 7^1 * 17^2 * 37^1,0,"11,13,19,23,29,31,41,43,47,53,59",
81344,2,"2,3,5,11,17,29,31,41",2^6 * 3^1 * 5^1 * 11^1 * 17^1 * 29^1 * 31^1 * 41^1,0,"7,13,19,23,37,43,47,53,59",
81548,2,"2,3,13,17,19,29,37,41",2^2 * 3^2 * 13^1 * 17^1 * 19^1 * 29^1 * 37^1 * 41^1,0,"5,7,11,23,31,43,47,53,59",
81795,2,"2,3,5,7,11,13,19,41",2^2 * 3^1 * 5^1 * 7^1 * 11^2 * 13^2 * 19^1 * 41^1,0,"17,23,29,31,37,43,47,53,59",
82250,2,"2,3,5,7,13,19,37,47",2^1 * 3^2 * 5^3 * 7^1 * 13^1 * 19^1 * 37^1 * 47^1,0,"11,17,23,29,31,41,43,53,59",
82368,2,"2,3,7,11,13,41",2^6 * 3^2 * 7^2 * 11^1 * 13^1 * 41^2,0,"5,17,19,23,29,31,37,43,47,53,59",
82620,2,"2,3,5,7,11,17,29,37",2^2 * 3^5 * 5^1 * 7^1 * 11^1 * 17^1 * 29^1 * 37^1,0,"13,19,23,31,41,43,47,53,59",
82943,2,"2,3,7,17,41",2^10 * 3^4 * 7^1 * 17^2 * 41^1,0,"5,11,13,19,23,29,31,37,43,47,53,59",
83520,2,"2,3,5,17,29",2^6 * 3^2 * 5^1 * 17^4 * 29^1,0,"7,11,13,19,23,31,37,41,43,47,53,59",
83544,2,"2,3,5,7,11,31,59",2^3 * 3^1 * 5^1 * 7^2 * 11^1 * 31^1 * 59^2,0,"13,17,19,23,29,37,41,43,47,53",
83720,2,"2,3,5,7,11,13,23,43,59",2^3 * 3^1 * 5^1 * 7^1 * 11^1 * 13^1 * 23^1 * 43^1 * 59^1,0,"17,19,29,31,37,41,47,53",
83979,2,"2,3,5,7,13,17,19,31,43",2^2 * 3^2 * 5^1 * 7^1 * 13^1 * 17^1 * 19^1 * 31^1 * 43^1,0,"11,23,29,37,41,47,53,59",
85063,2,"2,7,11,19,31,37",2^3 * 7^3 * 11^2 * 19^1 * 31^1 * 37^1,0,"3,5,13,17,23,29,41,43,47,53,59",
87024,2,"2,3,5,7,37,59",2^4 * 3^1 * 5^2 * 7^2 * 37^1 * 59^2,0,"11,13,17,19,23,29,31,41,43,47,53",
87450,2,"2,3,5,7,11,13,31,53",2^1 * 3^1 * 5^2 * 7^1 * 11^1 * 13^1 * 31^2 * 53^1,0,"17,19,23,29,37,41,43,47,59",
87464,2,"2,3,5,7,13,17,29",2^3 * 3^1 * 5^1 * 7^3 * 13^1 * 17^1 * 29^2,0,"11,19,23,31,37,41,43,47,53,59",
87615,2,"2,3,5,11,37,59",2^6 * 3^3 * 5^1 * 11^1 * 37^2 * 59^1,0,"7,13,17,19,23,29,31,41,43,47,53",
88319,2,"2,3,5,7,11,23,31,37",2^8 * 3^1 * 5^1 * 7^1 * 11^1 * 23^1 * 31^1 * 37^1,0,"13,17,19,29,41,43,47,53,59",
88451,2,"2,3,7,11,13,17,43",2^2 * 3^5 * 7^1 * 11^2 * 13^1 * 17^1 * 43^1,0,"5,19,23,29,31,37,41,47,53,59",
89375,2,"2,3,5,7,11,13,19",2^5 * 3^1 * 5^4 * 7^2 * 11^1 * 13^1 * 19^1,0,"17,23,29,31,37,41,43,47,53,59",
89999,2,"2,3,5,7,13,23,43",2^4 * 3^2 * 5^4 * 7^1 * 13^1 * 23^1 * 43^1,0,"11,17,19,29,31,37,41,47,53,59",
90364,2,"2,5,11,19,29,31,41,53",2^2 * 5^1 * 11^1 * 19^1 * 29^1 * 31^1 * 41^1 * 53^1,0,"3,7,13,17,23,37,43,47,59",
90624,2,"2,3,5,29,59",2^9 * 3^1 * 5^5 * 29^1 * 59^1,0,"7,11,13,17,19,23,31,37,41,43,47,53",
90895,2,"2,5,7,13,19,23,53",2^4 * 5^1 * 7^3 * 13^1 * 19^1 * 23^1 * 53^1,0,"3,11,17,29,31,37,41,43,47,59",
90944,2,"2,3,5,7,29,43,47",2^6 * 3^2 * 5^1 * 7^2 * 29^1 * 43^1 * 47^1,0,"11,13,17,19,23,31,37,41,53,59",
91332,2,"2,3,11,19,23,43,59",2^2 * 3^2 * 11^1 * 19^2 * 23^1 * 43^1 * 59^1,0,"5,7,13,17,29,31,37,41,47,53",
91839,2,"2,3,5,7,11,23,41",2^6 * 3^1 * 5^1 * 7^1 * 11^3 * 23^1 * 41^1,0,"13,17,19,29,31,37,43,47,53,59",
91884,2,"2,3,5,13,17,19,23,31,47",2^2 * 3^1 * 5^1 * 13^1 * 17^1 * 19^1 * 23^1 * 31^1 * 47^1,0,"7,11,29,37,41,43,53,59",
93092,2,"2,3,7,11,13,17,31,37",2^2 * 3^1 * 7^1 * 11^1 * 13^1 * 17^1 * 31^1 * 37^2,0,"5,19,23,29,41,43,47,53,59",
93279,2,"2,3,5,11,17,31,53,59",2^5 * 3^1 * 5^1 * 11^1 * 17^1 * 31^1 * 53^1 * 59^1,0,"7,13,19,23,29,37,41,43,47",
93499,2,"2,5,7,11,17,19,37",2^2 * 5^3 * 7^1 * 11^1 * 17^1 * 19^2 * 37^1,0,"3,13,23,29,31,41,43,47,53,59",
93632,2,"2,3,7,11,19,23,59",2^6 * 3^1 * 7^1 * 11^1 * 19^1 * 23^2 * 59^1,0,"5,13,17,29,31,37,41,43,47,53",
94094,2,"2,3,5,7,11,13,17,41,47",2^1 * 3^3 * 5^1 * 7^1 * 11^1 * 13^1 * 17^1 * 41^1 * 47^1,0,"19,23,29,31,37,43,53,59",
94299,2,"2,3,5,17,23,41,43",2^2 * 3^1 * 5^2 * 17^1 * 23^1 * 41^1 * 43^2,0,"7,11,13,19,29,31,37,47,53,59",
94423,2,"2,7,11,29,37,41,47",2^3 * 7^2 * 11^1 * 29^1 * 37^1 * 41^1 * 47^1,0,"3,5,13,17,19,23,31,43,53,59",
95081,2,"2,3,7,13,17,23,47,53",2^1 * 3^1 * 7^1 * 13^1 * 17^2 * 23^1 * 47^1 * 53^1,0,"5,11,19,29,31,37,41,43,59",
95816,2,"2,3,7,19,29,41,59",2^3 * 3^1 * 7^1 * 19^1 * 29^1 * 41^2 * 59^1,0,"5,11,13,17,23,31,37,43,47,53",
95874,2,"2,3,5,13,19,29,59",2^1 * 3^1 * 5^3 * 13^1 * 19^1 * 29^2 * 59^1,0,"7,11,17,23,31,37,41,43,47,53",
96255,2,"2,3,5,23,31,47",2^11 * 3^3 * 5^1 * 23^1 * 31^1 * 47^1,0,"7,11,13,17,19,29,37,41,43,53,59",
96875,2,"2,3,5,13,23,31",2^2 * 3^4 * 5^5 * 13^1 * 23^1 * 31^1,0,"7,11,17,19,29,37,41,43,47,53,59",
97526,2,"2,3,11,13,19,29,31,59",2^1 * 3^1 * 11^2 * 13^1 * 19^1 * 29^1 * 31^1 * 59^1,0,"5,7,17,23,37,41,43,47,53",
98049,2,"2,3,5,7,23,29,37,53",2^1 * 3^1 * 5^2 * 7^2 * 23^1 * 29^1 * 37^1 * 53^1,0,"11,13,17,19,31,41,43,47,59",
98175,2,"2,3,5,7,11,13,17,59",2^7 * 3^1 * 5^2 * 7^1 * 11^1 * 13^1 * 17^1 * 59^1,0,"19,23,29,31,37,41,43,47,53",
98685,2,"2,3,5,7,17,19,43,53",2^1 * 3^3 * 5^1 * 7^2 * 17^1 * 19^1 * 43^1 * 53^1,0,"11,13,23,29,31,37,41,47,59",
98735,2,"2,3,5,7,11,13,17,31",2^4 * 3^1 * 5^1 * 7^2 * 11^2 * 13^1 * 17^1 * 31^1,0,"19,23,29,37,41,43,47,53,59",
98900,2,"2,3,5,11,23,37,43",2^2 * 3^5 * 5^2 * 11^1 * 23^1 * 37^1 * 43^1,0,"7,13,17,19,29,31,41,47,53,59",
99179,2,"2,3,5,19,29,41,59",2^2 * 3^2 * 5^1 * 19^1 * 29^1 * 41^2 * 59^1,0,"7,11,13,17,23,31,37,43,47,53",
99875,2,"2,3,5,7,17,29,41,47",2^2 * 3^1 * 5^3 * 7^1 * 17^1 * 29^1 * 41^1 * 47^1,0,"11,13,19,23,31,37,43,53,59",
101184,2,"2,3,5,7,17,31,59",2^6 * 3^1 * 5^1 * 7^3 * 17^1 * 31^1 * 59^1,0,"11,13,19,23,29,37,41,43,47,53",
101269,2,"2,5,7,13,17,19,23,37,41",2^1 * 5^1 * 7^1 * 13^1 * 17^1 * 19^1 * 23^1 * 37^1 * 41^1,0,"3,11,29,31,43,47,53,59",
101760,2,"2,3,5,11,29,53",2^7 * 3^1 * 5^1 * 11^2 * 29^2 * 53^1,0,"7,13,17,19,23,31,37,41,43,47,59",
102486,2,"2,3,7,11,19,29,31",2^1 * 3^1 * 7^1 * 11^4 * 19^1 * 29^1 * 31^1,0,"5,13,17,23,37,41,43,47,53,59",
102600,2,"2,3,5,19,37,47,59",2^3 * 3^3 * 5^2 * 19^1 * 37^1 * 47^1 * 59^1,0,"7,11,13,17,23,29,31,41,43,53",
103155,2,"2,3,5,13,17,23,37,41",2^2 * 3^1 * 5^1 * 13^1 * 17^1 * 23^2 * 37^1 * 41^1,0,"7,11,19,29,31,43,47,53,59",
103544,2,"2,3,5,7,13,43,59",2^3 * 3^3 * 5^1 * 7^1 * 13^1 * 43^2 * 59^1,0,"11,17,19,23,29,31,37,41,47,53",
103935,2,"2,3,5,7,13,29,41",2^9 * 3^1 * 5^1 * 7^1 * 13^2 * 29^1 * 41^1,0,"11,17,19,23,31,37,43,47,53,59",
104328,2,"2,3,7,17,19,23",2^3 * 3^4 * 7^1 * 17^2 * 19^2 * 23^1,0,"5,11,13,29,31,37,41,43,47,53,59",
104489,2,"2,3,5,7,11,23,43,59",2^1 * 3^5 * 5^1 * 7^1 * 11^1 * 23^1 * 43^1 * 59^1,0,"13,17,19,29,31,37,41,47,53",
104975,2,"2,3,5,13,17,19",2^4 * 3^8 * 5^2 * 13^1 * 17^1 * 19^1,0,"7,11,23,29,31,37,41,43,47,53,59",
105984,2,"2,3,5,11,23,41,47",2^9 * 3^2 * 5^1 * 11^1 * 23^1 * 41^1 * 47^1,0,"7,13,17,19,29,31,37,43,53,59",
106190,2,"2,3,5,7,19,23,37,41",2^1 * 3^5 * 5^1 * 7^1 * 19^1 * 23^1 * 37^1 * 41^1,0,"11,13,17,29,31,43,47,53,59",
106495,2,"2,5,13,19,59",2^13 * 5^1 * 13^1 * 19^2 * 59^1,0,"3,7,11,17,23,29,31,37,41,43,47,53",
106640,2,"2,3,5,17,31,41,43",2^4 * 3^2 * 5^1 * 17^2 * 31^1 * 41^1 * 43^1,0,"7,11,13,19,23,29,37,47,53,59",
106742,2,"2,3,7,13,17,19,23,53",2^1 * 3^1 * 7^1 * 13^1 * 17^1 * 19^1 * 23^1 * 53^2,0,"5,11,29,31,37,41,43,47,59",
107911,2,"2,7,31,41,47,59",2^3 * 7^1 * 31^1 * 41^1 * 47^1 * 59^2,0,"3,5,11,13,17,19,23,29,37,43,53",
108053,2,"2,3,11,19,23,29,47",2^1 * 3^4 * 11^2 * 19^1 * 23^1 * 29^1 * 47^1,0,"5,7,13,17,31,37,41,43,53,59",
108240,2,"2,3,5,7,11,41,47",2^4 * 3^1 * 5^1 * 7^2 * 11^1 * 41^1 * 47^2,0,"13,17,19,23,29,31,37,43,53,59",
108375,2,"2,3,5,17,19,23,31",2^3 * 3^1 * 5^3 * 17^2 * 19^1 * 23^1 * 31^1,0,"7,11,13,29,37,41,43,47,53,59",
108779,2,"2,3,5,7,11,29,31,37",2^2 * 3^1 * 5^1 * 7^2 * 11^2 * 29^1 * 31^1 * 37^1,0,"13,17,19,23,41,43,47,53,59",
108927,2,"2,3,7,13,19,23,37",2^7 * 3^2 * 7^2 * 13^1 * 19^1 * 23^1 * 37^1,0,"5,11,17,29,31,41,43,47,53,59",
109445,2,"2,3,5,7,17,29,37,53,59",2^1 * 3^1 * 5^1 * 7^1 * 17^1 * 29^1 * 37^1 * 53^1 * 59^1,0,"11,13,19,23,31,41,43,47",
109503,2,"2,3,23,29,59",2^6 * 3^2 * 23^3 * 29^1 * 59^1,0,"5,7,11,13,17,19,31,37,41,43,47,53",
110330,2,"2,3,5,11,13,17,23,41,59",2^1 * 3^2 * 5^1 * 11^1 * 13^1 * 17^1 * 23^1 * 41^1 * 59^1,0,"7,19,29,31,37,43,47,53",
111111,2,"2,3,7,11,13,17,19,37,43",2^3 * 3^1 * 7^1 * 11^1 * 13^1 * 17^1 * 19^1 * 37^1 * 43^1,0,"5,23,29,31,41,47,53,59",
111320,2,"2,3,5,7,11,19,23,31",2^3 * 3^3 * 5^1 * 7^1 * 11^2 * 19^1 * 23^1 * 31^1,0,"13,17,29,37,41,43,47,53,59",
111475,2,"2,5,7,13,29,31",2^2 * 5^2 * 7^3 * 13^1 * 29^1 * 31^2,0,"3,11,17,19,23,37,41,43,47,53,59",
111671,2,"2,3,7,11,43,47,53",2^3 * 3^3 * 7^2 * 11^1 * 43^1 * 47^1 * 53^1,0,"5,13,17,19,23,29,31,37,41,59",
112749,2,"2,3,5,7,11,13,41,59",2^1 * 3^1 * 5^3 * 7^2 * 11^1 * 13^1 * 41^1 * 59^1,0,"17,19,23,29,31,37,43,47,53",
112995,2,"2,3,5,13,31,41,53",2^2 * 3^6 * 5^1 * 13^1 * 31^1 * 41^1 * 53^1,0,"7,11,17,19,23,29,37,43,47,59",
115884,2,"2,3,5,7,11,29,37,43",2^2 * 3^3 * 5^1 * 7^2 * 11^1 * 29^1 * 37^1 * 43^1,0,"13,17,19,23,31,41,47,53,59",
116280,2,"2,3,5,11,17,19,31",2^3 * 3^2 * 5^1 * 11^2 * 17^1 * 19^1 * 31^2,0,"7,13,23,29,37,41,43,47,53,59",
116466,2,"2,3,7,13,17,31,47,59",2^1 * 3^1 * 7^1 * 13^1 * 17^2 * 31^1 * 47^1 * 59^1,0,"5,11,19,23,29,37,41,43,53",
116963,2,"2,3,7,11,19,31",2^2 * 3^4 * 7^3 * 11^1 * 19^2 * 31^1,0,"5,13,17,23,29,37,41,43,47,53,59",
117623,2,"2,3,11,13,17,29,37",2^3 * 3^1 * 11^1 * 13^2 * 17^2 * 29^1 * 37^1,0,"5,7,19,23,31,41,43,47,53,59",
117648,2,"2,3,7,19,43",2^4 * 3^2 * 7^6 * 19^1 * 43^1,0,"5,11,13,17,23,29,31,37,41,47,53,59",
117875,2,"2,3,5,11,19,23,41,47",2^2 * 3^1 * 5^3 * 11^1 * 19^1 * 23^1 * 41^1 * 47^1,0,"7,13,17,29,31,37,43,53,59",
118335,2,"2,3,5,7,23,43",2^6 * 3^1 * 5^1 * 7^3 * 23^1 * 43^2,0,"11,13,17,19,29,31,37,41,47,53,59",
118580,2,"2,3,5,7,11,29,47",2^2 * 3^1 * 5^1 * 7^2 * 11^2 * 29^2 * 47^1,0,"13,17,19,23,31,37,41,43,53,59",
119474,2,"2,3,5,31,41,47,59",2^1 * 3^4 * 5^2 * 31^1 * 41^1 * 47^1 * 59^1,0,"7,11,13,17,19,23,29,37,43,53",
119567,2,"2,3,7,19,29,31,47,53",2^4 * 3^1 * 7^1 * 19^1 * 29^1 * 31^1 * 47^1 * 53^1,0,"5,11,13,17,23,37,41,43,59",
120175,2,"2,5,7,11,19,23,29,37",2^4 * 5^2 * 7^1 * 11^1 * 19^1 * 23^1 * 29^1 * 37^1,0,"3,13,17,31,41,43,47,53,59",
120744,2,"2,3,5,13,19,31,41,43",2^3 * 3^3 * 5^1 * 13^1 * 19^1 * 31^1 * 41^1 * 43^1,0,"7,11,17,23,29,37,47,53,59",
121770,2,"2,3,5,11,13,17,19,29,41",2^1 * 3^3 * 5^1 * 11^1 * 13^1 * 17^1 * 19^1 * 29^1 * 41^1,0,"7,23,31,37,43,47,53,59",
122199,2,"2,3,5,7,11,13,23,47",2^3 * 3^1 * 5^2 * 7^1 * 11^1 * 13^1 * 23^2 * 47^1,0,"17,19,29,31,37,41,43,53,59",
122247,2,"2,3,7,17,37,47,59",2^3 * 3^2 * 7^1 * 17^2 * 37^1 * 47^1 * 59^1,0,"5,11,13,19,23,29,31,41,43,53",
122264,2,"2,3,5,11,13,17,19,29,31",2^3 * 3^2 * 5^1 * 11^1 * 13^1 * 17^1 * 19^1 * 29^1 * 31^1,0,"7,23,37,41,43,47,53,59",
122451,2,"2,3,7,11,17,23",2^2 * 3^1 * 7^4 * 11^3 * 17^1 * 23^1,0,"5,13,19,29,31,37,41,43,47,53,59",
123200,2,"2,3,5,7,11,13",2^6 * 3^6 * 5^2 * 7^1 * 11^1 * 13^2,0,"17,19,23,29,31,37,41,43,47,53,59",
123969,2,"2,3,5,7,11,23,31,43",2^1 * 3^1 * 5^1 * 7^2 * 11^1 * 23^1 * 31^2 * 43^1,0,"13,17,19,29,37,41,47,53,59",
124032,2,"2,3,7,13,17,19,29,47",2^7 * 3^1 * 7^1 * 13^1 * 17^1 * 19^1 * 29^1 * 47^1,0,"5,11,23,31,37,41,43,53,59",
124844,2,"2,3,5,7,23,29,41,59",2^2 * 3^1 * 5^1 * 7^1 * 23^2 * 29^1 * 41^1 * 59^1,0,"11,13,17,19,31,37,43,47,53",
125000,2,"2,3,5,17,19,43",2^3 * 3^2 * 5^6 * 17^1 * 19^1 * 43^1,0,"7,11,13,23,29,31,37,41,47,53,59",
125874,2,"2,3,5,7,19,37,53",2^1 * 3^5 * 5^3 * 7^1 * 19^1 * 37^1 * 53^1,0,"11,13,17,23,29,31,41,43,47,59",
126224,2,"2,3,5,7,11,17,23",2^4 * 3^3 * 5^2 * 7^3 * 11^1 * 17^1 * 23^1,0,"13,19,29,31,37,41,43,47,53,59",
127280,2,"2,3,5,7,11,19,29,37,43",2^4 * 3^1 * 5^1 * 7^1 * 11^1 * 19^1 * 29^1 * 37^1 * 43^1,0,"13,17,23,31,41,47,53,59",
129437,2,"2,3,7,11,17,41,47",2^1 * 3^4 * 7^1 * 11^1 * 17^1 * 41^2 * 47^1,0,"5,13,19,23,29,31,37,43,53,59",
130339,2,"2,5,7,11,17,19,41",2^2 * 5^1 * 7^3 * 11^1 * 17^2 * 19^1 * 41^1,0,"3,13,23,29,31,37,43,47,53,59",
130625,2,"2,3,5,11,19,41,59",2^1 * 3^3 * 5^4 * 11^1 * 19^1 * 41^1 * 59^1,0,"7,13,17,23,29,31,37,43,47,53",
131651,2,"2,3,13,19,23,41,53",2^2 * 3^3 * 13^2 * 19^1 * 23^1 * 41^1 * 53^1,0,"5,7,11,17,29,31,37,43,47,59",
133399,2,"2,5,7,17,19,23,29,59",2^3 * 5^2 * 7^1 * 17^1 * 19^1 * 23^1 * 29^1 * 59^1,0,"3,11,13,31,37,41,43,47,53",
134848,2,"2,7,11,13,23,41,43",2^6 * 7^2 * 11^1 * 13^1 * 23^1 * 41^1 * 43^1,0,"3,5,17,19,29,31,37,47,53,59",
134849,2,"2,3,5,11,13,23,29,31,41",2^1 * 3^1 * 5^2 * 11^1 * 13^1 * 23^1 * 29^1 * 31^1 * 41^1,0,"7,17,19,37,43,47,53,59",
135641,2,"2,3,11,13,19,37,47,59",2^1 * 3^1 * 11^2 * 13^1 * 19^1 * 37^1 * 47^1 * 59^1,0,"5,7,17,23,29,31,41,43,53",
136160,2,"2,3,5,23,37,41",2^5 * 3^4 * 5^1 * 23^1 * 37^1 * 41^2,0,"7,11,13,17,19,29,31,43,47,53,59",
136850,2,"2,3,5,7,11,13,17,23,29",2^1 * 3^1 * 5^2 * 7^1 * 11^2 * 13^1 * 17^1 * 23^1 * 29^1,0,"19,31,37,41,43,47,53,59",
136899,2,"2,3,5,7,37,41,53",2^2 * 3^2 * 5^2 * 7^1 * 37^2 * 41^1 * 53^1,0,"11,13,17,19,23,29,31,43,47,59",
137640,2,"2,3,5,7,31,37,53",2^3 * 3^1 * 5^1 * 7^2 * 31^1 * 37^1 * 53^2,0,"11,13,17,19,23,29,41,43,47,59",
138414,2,"2,3,5,17,19,23,31,47,59",2^1 * 3^1 * 5^1 * 17^1 * 19^1 * 23^1 * 31^1 * 47^1 * 59^1,0,"7,11,13,29,37,41,43,53",
139535,2,"2,3,5,11,17,19,43,59",2^4 * 3^3 * 5^1 * 11^1 * 17^1 * 19^1 * 43^1 * 59^1,0,"7,13,23,29,31,37,41,47,53",
139655,2,"2,3,5,11,17,23,31,53",2^3 * 3^1 * 5^1 * 11^1 * 17^1 * 23^2 * 31^1 * 53^1,0,"7,13,19,29,37,41,43,47,59",
140184,2,"2,3,5,11,23,53,59",2^3 * 3^3 * 5^1 * 11^1 * 23^2 * 53^1 * 59^1,0,"7,13,17,19,29,31,37,41,43,47",
140624,2,"2,3,5,11,17,47",2^4 * 3^2 * 5^6 * 11^1 * 17^1 * 47^1,0,"7,13,19,23,29,31,37,41,43,53,59",
140714,2,"2,3,5,7,19,23,53,59",2^1 * 3^2 * 5^1 * 7^1 * 19^1 * 23^2 * 53^1 * 59^1,0,"11,13,17,29,31,37,41,43,47",
141245,2,"2,3,5,7,13,19,41,53,59",2^1 * 3^2 * 5^1 * 7^1 * 13^1 * 19^1 * 41^1 * 53^1 * 59^1,0,"11,17,23,29,31,37,43,47",
141375,2,"2,3,5,13,29,47",2^6 * 3^1 * 5^3 * 13^1 * 29^1 * 47^2,0,"7,11,17,19,23,31,37,41,43,53,59",
142128,2,"2,3,7,13,29,47",2^4 * 3^3 * 7^1 * 13^2 * 29^2 * 47^1,0,"5,11,17,19,23,31,37,41,43,53,59",
142884,2,"2,3,5,7,17,41",2^2 * 3^6 * 5^1 * 7^2 * 17^1 * 41^2,0,"11,13,19,23,29,31,37,43,47,53,59",
142974,2,"2,3,5,7,13,19,43,47",2^1 * 3^2 * 5^2 * 7^1 * 13^2 * 19^1 * 43^1 * 47^1,0,"11,17,23,29,31,37,41,53,59",
143259,2,"2,3,5,13,17,19,29,53",2^2 * 3^1 * 5^1 * 13^1 * 17^1 * 19^1 * 29^1 * 53^2,0,"7,11,23,31,37,41,43,47,59",
143374,2,"2,5,7,11,19,31,37",2^1 * 5^3 * 7^3 * 11^1 * 19^1 * 31^1 * 37^1,0,"3,13,17,23,29,41,43,47,53,59",
143819,2,"2,3,5,13,17,23,37,47",2^2 * 3^2 * 5^1 * 13^2 * 17^1 * 23^1 * 37^1 * 47^1,0,"7,11,19,29,31,41,43,53,59",
144000,2,"2,3,5,11,13,19,53",2^7 * 3^2 * 5^3 * 11^1 * 13^1 * 19^1 * 53^1,0,"7,17,23,29,31,37,41,43,47,59",
144584,2,"2,3,5,7,11,17,31,53",2^3 * 3^5 * 5^1 * 7^1 * 11^1 * 17^1 * 31^1 * 53^1,0,"13,19,23,29,37,41,43,47,59",
144738,2,"2,3,7,11,17,23,29,31,43",2^1 * 3^2 * 7^1 * 11^1 * 17^1 * 23^1 * 29^1 * 31^1 * 43^1,0,"5,13,19,37,41,47,53,59",
146015,2,"2,3,5,13,19,29,53",2^5 * 3^3 * 5^1 * 13^2 * 19^1 * 29^1 * 53^1,0,"7,11,17,23,31,37,41,43,47,59",
147015,2,"2,3,5,11,17,23,47",2^3 * 3^5 * 5^1 * 11^2 * 17^1 * 23^1 * 47^1,0,"7,13,19,29,31,37,41,43,53,59",
147146,2,"2,3,7,11,13,29,43,59",2^1 * 3^1 * 7^3 * 11^1 * 13^1 * 29^1 * 43^1 * 59^1,0,"5,17,19,23,31,37,41,47,53",
147499,2,"2,5,11,23,53,59",2^2 * 5^4 * 11^2 * 23^1 * 53^1 * 59^1,0,"3,7,13,17,19,29,31,37,41,43,47",
148148,2,"2,3,7,11,13,31,37,59",2^2 * 3^4 * 7^1 * 11^1 * 13^1 * 31^1 * 37^1 * 59^1,0,"5,17,19,23,29,41,43,47,53",
148665,2,"2,3,5,7,11,17,37,41,53",2^1 * 3^1 * 5^1 * 7^2 * 11^1 * 17^1 * 37^1 * 41^1 * 53^1,0,"13,19,23,29,31,43,47,59",
150626,2,"2,3,7,23,29,37,53,59",2^1 * 3^1 * 7^2 * 23^1 * 29^1 * 37^1 * 53^1 * 59^1,0,"5,11,13,17,19,31,41,43,47",
151249,2,"2,5,7,11,17,31,41",2^1 * 5^4 * 7^1 * 11^2 * 17^1 * 31^1 * 41^1,0,"3,13,19,23,29,37,43,47,53,59",
151293,2,"2,3,11,13,23,29,37,47",2^1 * 3^1 * 11^1 * 13^1 * 23^2 * 29^1 * 37^1 * 47^1,0,"5,7,17,19,31,41,43,53,59",
152684,2,"2,3,5,7,13,19,29,41",2^2 * 3^4 * 5^1 * 7^2 * 13^1 * 19^1 * 29^1 * 41^1,0,"11,17,23,31,37,43,47,53,59",
152880,2,"2,3,5,7,13,17,23",2^4 * 3^1 * 5^1 * 7^2 * 13^1 * 17^2 * 23^2,0,"11,19,29,31,37,41,43,47,53,59",
153064,2,"2,5,11,19,23,53",2^3 * 5^1 * 11^3 * 19^2 * 23^1 * 53^1,0,"3,7,13,17,29,31,37,41,43,47,59",
153790,2,"2,5,7,11,13,31,41",2^1 * 5^1 * 7^1 * 11^2 * 13^3 * 31^1 * 41^1,0,"3,17,19,23,29,37,43,47,53,59",
155584,2,"2,5,11,13,17,29,37",2^6 * 5^1 * 11^1 * 13^1 * 17^1 * 29^2 * 37^1,0,"3,7,19,23,31,41,43,47,53,59",
156065,2,"2,3,5,7,13,19,37",2^1 * 3^1 * 5^1 * 7^4 * 13^1 * 19^1 * 37^2,0,"11,17,23,29,31,41,43,47,53,59",
156332,2,"2,3,11,17,19,31,41",2^2 * 3^1 * 11^2 * 17^1 * 19^1 * 31^1 * 41^2,0,"5,7,13,23,29,37,43,47,53,59",
156519,2,"2,3,5,7,11,13,17,31,43",2^3 * 3^3 * 5^1 * 7^1 * 11^1 * 13^1 * 17^1 * 31^1 * 43^1,0,"19,23,29,37,41,47,53,59",
157250,2,"2,3,5,17,23,37,43,53",2^1 * 3^1 * 5^3 * 17^1 * 23^1 * 37^1 * 43^1 * 53^1,0,"7,11,13,19,29,31,41,47,59",
158014,2,"2,5,11,13,17,41,47",2^1 * 5^1 * 11^1 * 13^2 * 17^1 * 41^2 * 47^1,0,"3,7,19,23,29,31,37,43,53,59",
158840,2,"2,3,5,11,19,37,53",2^3 * 3^4 * 5^1 * 11^1 * 19^2 * 37^1 * 53^1,0,"7,13,17,23,29,31,41,43,47,59",
158949,2,"2,3,5,7,11,17,29",2^1 * 3^3 * 5^2 * 7^1 * 11^1 * 17^2 * 29^2,0,"13,19,23,31,37,41,43,47,53,59",
161727,2,"2,3,7,19,31,37,47",2^6 * 3^1 * 7^1 * 19^2 * 31^1 * 37^1 * 47^1,0,"5,11,13,17,23,29,41,43,53,59",
161874,2,"2,3,5,7,17,23,37",2^1 * 3^2 * 5^4 * 7^1 * 17^1 * 23^2 * 37^1,0,"11,13,19,29,31,41,43,47,53,59",
162196,2,"2,7,17,23,29,41,43,47",2^2 * 7^1 * 17^1 * 23^1 * 29^1 * 41^1 * 43^1 * 47^1,0,"3,5,11,13,19,31,37,53,59",
162239,2,"2,3,5,7,11,13,43",2^6 * 3^1 * 5^1 * 7^3 * 11^1 * 13^2 * 43^1,0,"17,19,23,29,31,37,41,47,53,59",
162656,2,"2,3,11,13,17,23,31,53",2^5 * 3^2 * 11^1 * 13^1 * 17^1 * 23^1 * 31^1 * 53^1,0,"5,7,19,29,37,41,43,47,59",
163184,2,"2,3,5,7,11,23,31,43,47",2^4 * 3^1 * 5^1 * 7^1 * 11^1 * 23^1 * 31^1 * 43^1 * 47^1,0,"13,17,19,29,37,41,53,59",
164255,2,"2,3,5,7,13,19,29,59",2^5 * 3^1 * 5^1 * 7^1 * 13^1 * 19^2 * 29^1 * 59^1,0,"11,17,23,31,37,41,43,47,53",
164835,2,"2,3,5,7,11,29,37",2^2 * 3^4 * 5^1 * 7^2 * 11^1 * 29^2 * 37^1,0,"13,17,19,23,31,41,43,47,53,59",
165375,2,"2,3,5,7,17,19",2^9 * 3^3 * 5^3 * 7^2 * 17^1 * 19^1,0,"11,13,23,29,31,37,41,43,47,53,59",
165648,2,"2,3,7,11,17,29,37",2^4 * 3^1 * 7^1 * 11^2 * 17^1 * 29^1 * 37^2,0,"5,13,19,23,31,41,43,47,53,59",
166634,2,"2,3,5,7,13,17,23,29",2^1 * 3^2 * 5^1 * 7^1 * 13^2 * 17^1 * 23^2 * 29^1,0,"11,19,31,37,41,43,47,53,59",
167648,2,"2,3,13,29,31,41,47",2^5 * 3^1 * 13^2 * 29^1 * 31^1 * 41^1 * 47^1,0,"5,7,11,17,19,23,37,43,53,59",
168750,2,"2,3,5,11,23,29",2^1 * 3^3 * 5^5 * 11^1 * 23^2 * 29^1,0,"7,13,17,19,31,37,41,43,47,53,59",
169388,2,"2,3,11,17,29,47,53,59",2^2 * 3^2 * 11^1 * 17^1 * 29^1 * 47^1 * 53^1 * 59^1,0,"5,7,13,19,23,31,37,41,43",
169575,2,"2,3,5,7,11,17,19,41,47",2^3 * 3^1 * 5^2 * 7^1 * 11^1 * 17^1 * 19^1 * 41^1 * 47^1,0,"13,23,29,31,37,43,53,59",
170624,2,"2,3,5,7,13,31,43",2^7 * 3^1 * 5^4 * 7^1 * 13^1 * 31^1 * 43^1,0,"11,17,19,23,29,37,41,47,53,59",
170752,2,"2,11,19,23,29,43",2^8 * 11^1 * 19^2 * 23^1 * 29^1 * 43^1,0,"3,5,7,13,17,31,37,41,47,53,59",
171925,2,"2,5,13,23,31,47,59",2^1 * 5^2 * 13^1 * 23^2 * 31^1 * 47^1 * 59^1,0,"3,7,11,17,19,29,37,41,43,53",
172515,2,"2,3,5,7,17,31,43,53,59",2^2 * 3^1 * 5^1 * 7^1 * 17^1 * 31^1 * 43^1 * 53^1 * 59^1,0,"11,13,19,23,29,37,41,47",
173900,2,"2,3,5,7,13,37,47",2^2 * 3^1 * 5^2 * 7^3 * 13^2 * 37^1 * 47^1,0,"11,17,19,23,29,31,41,43,53,59",
174096,2,"2,3,7,11,13,17,19,31",2^4 * 3^3 * 7^2 * 11^1 * 13^1 * 17^1 * 19^1 * 31^1,0,"5,23,29,37,41,43,47,53,59",
174824,2,"2,3,5,7,13,37,41",2^3 * 3^3 * 5^2 * 7^1 * 13^1 * 37^1 * 41^2,0,"11,17,19,23,29,31,43,47,53,59",
175769,2,"2,3,5,7,11,19,29,31",2^1 * 3^4 * 5^1 * 7^1 * 11^1 * 19^1 * 29^2 * 31^1,0,"13,17,23,37,41,43,47,53,59",
176000,2,"2,3,5,7,11,17,29",2^7 * 3^1 * 5^3 * 7^1 * 11^1 * 17^2 * 29^1,0,"13,19,23,31,37,41,43,47,53,59",
176175,2,"2,3,5,7,11,13,29",2^4 * 3^5 * 5^2 * 7^1 * 11^2 * 13^1 * 29^1,0,"17,19,23,31,37,41,43,47,53,59",
176823,2,"2,3,23,31,37,59",2^3 * 3^4 * 23^1 * 31^2 * 37^1 * 59^1,0,"5,7,11,13,17,19,29,41,43,47,53",
178125,2,"2,3,5,13,17,19,31",2^1 * 3^1 * 5^5 * 13^2 * 17^1 * 19^1 * 31^1,0,"7,11,23,29,37,41,43,47,53,59",
179775,2,"2,3,5,17,47,53",2^6 * 3^2 * 5^2 * 17^1 * 47^1 * 53^2,0,"7,11,13,19,23,29,31,37,41,43,59",
180480,2,"2,3,5,7,19,23,47,59",2^8 * 3^1 * 5^1 * 7^1 * 19^1 * 23^1 * 47^1 * 59^1,0,"11,13,17,29,31,37,41,43,53",
181202,2,"2,3,7,11,17,19,43",2^1 * 3^1 * 7^2 * 11^1 * 17^2 * 19^1 * 43^2,0,"5,13,23,29,31,37,41,47,53,59",
181424,2,"2,3,5,17,23,29,41,59",2^4 * 3^1 * 5^2 * 17^1 * 23^1 * 29^1 * 41^1 * 59^1,0,"7,11,13,19,31,37,43,47,53",
184092,2,"2,3,7,13,17,23,29",2^2 * 3^1 * 7^2 * 13^1 * 17^2 * 23^2 * 29^1,0,"5,11,19,31,37,41,43,47,53,59",
184704,2,"2,3,5,13,17,37,41,53",2^7 * 3^1 * 5^1 * 13^1 * 17^1 * 37^1 * 41^1 * 53^1,0,"7,11,19,23,29,31,43,47,59",
185555,2,"2,3,5,7,17,37,47,59",2^2 * 3^1 * 5^1 * 7^1 * 17^1 * 37^1 * 47^2 * 59^1,0,"11,13,19,23,29,31,41,43,53",
185976,2,"2,3,7,11,29,41,53",2^3 * 3^4 * 7^1 * 11^2 * 29^1 * 41^1 * 53^1,0,"5,13,17,19,23,31,37,43,47,59",
186591,2,"2,3,7,17,37,41",2^5 * 3^1 * 7^3 * 17^1 * 37^1 * 41^2,0,"5,11,13,19,23,29,31,43,47,53,59",
190463,2,"2,3,7,13,23,31",2^11 * 3^1 * 7^2 * 13^2 * 23^1 * 31^1,0,"5,11,17,19,29,37,41,43,47,53,59",
191807,2,"2,3,7,11,37,47,53",2^6 * 3^4 * 7^1 * 11^1 * 37^1 * 47^1 * 53^1,0,"5,13,17,19,23,29,31,41,43,59",
192510,2,"2,3,5,11,23,31,37,43",2^1 * 3^3 * 5^1 * 11^2 * 23^1 * 31^1 * 37^1 * 43^1,0,"7,13,17,19,29,41,47,53,59",
192511,2,"2,11,37,43,47",2^12 * 11^2 * 37^1 * 43^1 * 47^1,0,"3,5,7,13,17,19,23,29,31,41,53,59",
193284,2,"2,3,5,7,13,29,31,43,59",2^2 * 3^2 * 5^1 * 7^1 * 13^1 * 29^1 * 31^1 * 43^1 * 59^1,0,"11,17,19,23,37,41,47,53",
193843,2,"2,7,13,23,31,37,43",2^2 * 7^2 * 13^2 * 23^1 * 31^1 * 37^1 * 43^1,0,"3,5,11,17,19,29,41,47,53,59",
193874,2,"2,3,5,11,31,47,53,59",2^1 * 3^1 * 5^3 * 11^1 * 31^1 * 47^1 * 53^1 * 59^1,0,"7,13,17,19,23,29,37,41,43",
194480,2,"2,3,5,7,11,13,17",2^4 * 3^4 * 5^1 * 7^4 * 11^1 * 13^1 * 17^1,0,"19,23,29,31,37,41,43,47,53,59",
194579,2,"2,3,5,7,11,19,23,47",2^2 * 3^2 * 5^1 * 7^2 * 11^1 * 19^2 * 23^1 * 47^1,0,"13,17,29,31,37,41,43,53,59",
198911,2,"2,3,7,19,29,37",2^8 * 3^1 * 7^1 * 19^3 * 29^1 * 37^1,0,"5,11,13,17,23,31,41,43,47,53,59",
201019,2,"2,5,7,13,19,23,47",2^2 * 5^1 * 7^1 * 13^1 * 19^1 * 23^2 * 47^2,0,"3,11,17,29,31,37,41,43,53,59",
201824,2,"2,3,5,7,13,17,23,53",2^5 * 3^3 * 5^2 * 7^1 * 13^1 * 17^1 * 23^1 * 53^1,0,"11,19,29,31,37,41,43,47,59",
202124,2,"2,3,5,7,11,13,23",2^2 * 3^1 * 5^3 * 7^2 * 11^1 * 13^3 * 23^1,0,"17,19,29,31,37,41,43,47,53,59",
203319,2,"2,3,5,13,17,19,23,29,41",2^3 * 3^2 * 5^1 * 13^1 * 17^1 * 19^1 * 23^1 * 29^1 * 41^1,0,"7,11,31,37,43,47,53,59",
203390,2,"2,3,5,11,31,43",2^1 * 3^8 * 5^1 * 11^1 * 31^1 * 43^2,0,"7,13,17,19,23,29,37,41,47,53,59",
205436,2,"2,3,7,11,23,29,31,47",2^2 * 3^1 * 7^1 * 11^1 * 23^1 * 29^1 * 31^1 * 47^2,0,"5,13,17,19,37,41,43,53,59",
206700,2,"2,3,5,11,13,19,23,43,53",2^2 * 3^1 * 5^2 * 11^1 * 13^1 * 19^1 * 23^1 * 43^1 * 53^1,0,"7,17,29,31,37,41,47,59",
207575,2,"2,3,5,19,23,31",2^3 * 3^3 * 5^2 * 19^2 * 23^1 * 31^2,0,"7,11,13,17,29,37,41,43,47,53,59",
208494,2,"2,3,5,7,11,13,23,37",2^1 * 3^6 * 5^1 * 7^2 * 11^1 * 13^1 * 23^1 * 37^1,0,"17,19,29,31,41,43,47,53,59",
209456,2,"2,3,13,17,19,37,53",2^4 * 3^2 * 13^1 * 17^1 * 19^1 * 37^2 * 53^1,0,"5,7,11,23,29,31,41,43,47,59",
210748,2,"2,7,11,17,19,23,47,59",2^2 * 7^2 * 11^1 * 17^1 * 19^1 * 23^1 * 47^1 * 59^1,0,"3,5,13,29,31,37,41,43,53",
210924,2,"2,3,5,7,11,13,31,59",2^2 * 3^5 * 5^2 * 7^1 * 11^1 * 13^1 * 31^1 * 59^1,0,"17,19,23,29,37,41,43,47,53",
212380,2,"2,5,7,13,17,31,37,41",2^2 * 5^1 * 7^1 * 13^1 * 17^1 * 31^2 * 37^1 * 41^1,0,"3,11,19,23,29,43,47,53,59",
212381,2,"2,3,13,17,19,23,31",2^1 * 3^5 * 13^1 * 17^1 * 19^1 * 23^1 * 31^2,0,"5,7,11,29,37,41,43,47,53,59",
212628,2,"2,3,13,19,29,31,47",2^2 * 3^1 * 13^1 * 19^3 * 29^1 * 31^1 * 47^1,0,"5,7,11,17,23,37,41,43,53,59",
212635,2,"2,5,17,23,43,53,59",2^2 * 5^1 * 17^1 * 23^1 * 43^2 * 53^1 * 59^1,0,"3,7,11,13,19,29,31,37,41,47",
214225,2,"2,5,11,19,41,43,47,53",2^1 * 5^2 * 11^1 * 19^1 * 41^1 * 43^1 * 47^1 * 53^1,0,"3,7,13,17,23,29,31,37,59",
215644,2,"2,5,11,13,17,29,43,59",2^2 * 5^1 * 11^1 * 13^2 * 17^1 * 29^1 * 43^1 * 59^1,0,"3,7,19,23,31,37,41,47,53",
216293,2,"2,3,7,11,13,47,53,59",2^1 * 3^1 * 7^1 * 11^1 * 13^1 * 47^1 * 53^2 * 59^1,0,"5,17,19,23,29,31,37,41,43",
216999,2,"2,3,5,7,19,31,47",2^3 * 3^5 * 5^3 * 7^1 * 19^1 * 31^1 * 47^1,0,"11,13,17,23,29,37,41,43,53,59",
217671,2,"2,3,7,13,23,37,53",2^3 * 3^1 * 7^1 * 13^2 * 23^1 * 37^2 * 53^1,0,"5,11,17,19,29,31,41,43,47,59",
218784,2,"2,3,5,7,19,43,47,53",2^5 * 3^1 * 5^1 * 7^2 * 19^1 * 43^1 * 47^1 * 53^1,0,"11,13,17,23,29,31,37,41,59",
220374,2,"2,3,5,7,11,41,43,53",2^1 * 3^3 * 5^3 * 7^1 * 11^1 * 41^1 * 43^1 * 53^1,0,"13,17,19,23,29,31,37,47,59",
222547,2,"2,13,17,19,23,41,53,59",2^2 * 13^1 * 17^1 * 19^1 * 23^1 * 41^1 * 53^1 * 59^1,0,"3,5,7,11,29,31,37,43,47",
223040,2,"2,3,5,7,13,17,19,41,43",2^6 * 3^1 * 5^1 * 7^1 * 13^1 * 17^1 * 19^1 * 41^1 * 43^1,0,"11,23,29,31,37,47,53,59",
224720,2,"2,3,5,7,29,41,53",2^4 * 3^3 * 5^1 * 7^1 * 29^1 * 41^1 * 53^2,0,"11,13,17,19,23,31,37,43,47,59",
226575,2,"2,3,5,7,17,19,53",2^4 * 3^2 * 5^2 * 7^2 * 17^2 * 19^1 * 53^1,0,"11,13,23,29,31,37,41,43,47,59",
227069,2,"2,3,5,17,19,29,37",2^1 * 3^3 * 5^1 * 17^1 * 19^2 * 29^2 * 37^1,0,"7,11,13,23,31,41,43,47,53,59",
227447,2,"2,3,11,13,23,29,31",2^3 * 3^7 * 11^1 * 13^1 * 23^1 * 29^1 * 31^1,0,"5,7,17,19,37,41,43,47,53,59",
228095,2,"2,3,5,7,11,19",2^8 * 3^4 * 5^1 * 7^4 * 11^1 * 19^1,0,"13,17,23,29,31,37,41,43,47,53,59",
228780,2,"2,3,5,7,23,29,31,41",2^2 * 3^2 * 5^1 * 7^3 * 23^1 * 29^1 * 31^1 * 41^1,0,"11,13,17,19,37,43,47,53,59",
229215,2,"2,3,5,7,13,19,29,37,59",2^5 * 3^1 * 5^1 * 7^1 * 13^1 * 19^1 * 29^1 * 37^1 * 59^1,0,"11,17,23,31,41,43,47,53",
230299,2,"2,5,7,17,19,23,31,47",2^2 * 5^2 * 7^2 * 17^1 * 19^1 * 23^1 * 31^1 * 47^1,0,"3,11,13,29,37,41,43,53,59",
230867,2,"2,3,7,11,13,43,53,59",2^2 * 3^2 * 7^1 * 11^2 * 13^1 * 43^1 * 53^1 * 59^1,0,"5,17,19,23,29,31,37,41,47",
230911,2,"2,11,17,41,47",2^9 * 11^1 * 17^3 * 41^1 * 47^1,0,"3,5,7,13,19,23,29,31,37,43,53,59",
233167,2,"2,11,13,19,41,47,59",2^4 * 11^2 * 13^1 * 19^1 * 41^1 * 47^1 * 59^1,0,"3,5,7,17,23,29,31,37,43,53",
235467,2,"2,3,17,19,37,43",2^2 * 3^6 * 17^1 * 19^1 * 37^2 * 43^1,0,"5,7,11,13,23,29,31,41,47,53,59",
235586,2,"2,3,11,13,17,41,59",2^1 * 3^1 * 11^3 * 13^2 * 17^1 * 41^1 * 59^1,0,"5,7,19,23,29,31,37,43,47,53",
240064,2,"2,5,7,11,19,31",2^6 * 5^1 * 7^1 * 11^2 * 19^3 * 31^1,0,"3,13,17,23,29,37,41,43,47,53,59",
240499,2,"2,5,7,13,17,37,43,47",2^2 * 5^3 * 7^1 * 13^1 * 17^1 * 37^1 * 43^1 * 47^1,0,"3,11,19,23,29,31,41,53,59",
240786,2,"2,3,7,13,19,23,29",2^1 * 3^3 * 7^3 * 13^1 * 19^2 * 23^1 * 29^1,0,"5,11,17,31,37,41,43,47,53,59",
241604,2,"2,3,5,7,11,13,17,19,59",2^2 * 3^2 * 5^1 * 7^1 * 11^1 * 13^1 * 17^2 * 19^1 * 59^1,0,"23,29,31,37,41,43,47,53",
242990,2,"2,3,5,7,11,19,29,47",2^1 * 3^2 * 5^1 * 7^2 * 11^1 * 19^1 * 29^1 * 47^2,0,"13,17,23,31,37,41,43,53,59",
243048,2,"2,3,13,17,19,29,41",2^3 * 3^1 * 13^1 * 17^2 * 19^1 * 29^2 * 41^1,0,"5,7,11,23,31,37,43,47,53,59",
243164,2,"2,3,5,13,29,31,37,43,53",2^2 * 3^1 * 5^1 * 13^1 * 29^1 * 31^1 * 37^1 * 43^1 * 53^1,0,"7,11,17,19,23,41,47,59",
243375,2,"2,3,5,7,11,41,53,59",2^4 * 3^1 * 5^3 * 7^1 * 11^1 * 41^1 * 53^1 * 59^1,0,"13,17,19,23,29,31,37,43,47",
244035,2,"2,3,5,11,13,17,19,29",2^2 * 3^2 * 5^1 * 11^1 * 13^2 * 17^1 * 19^2 * 29^1,0,"7,23,31,37,41,43,47,53,59",
245024,2,"2,3,5,11,13,19,31",2^5 * 3^4 * 5^2 * 11^2 * 13^1 * 19^1 * 31^1,0,"7,17,23,29,37,41,43,47,53,59",
245916,2,"2,3,7,11,19,23,43",2^2 * 3^5 * 7^1 * 11^1 * 19^1 * 23^1 * 43^2,0,"5,13,17,29,31,37,41,47,53,59",
247455,2,"2,3,5,11,13,19,37,47",2^5 * 3^4 * 5^1 * 11^1 * 13^1 * 19^1 * 37^1 * 47^1,0,"7,17,23,29,31,41,43,53,59",
247456,2,"2,7,11,19,23,29,37,53",2^5 * 7^1 * 11^1 * 19^1 * 23^1 * 29^1 * 37^1 * 53^1,0,"3,5,13,17,31,41,43,47,59",
248625,2,"2,3,5,7,13,17,43,59",2^1 * 3^2 * 5^3 * 7^2 * 13^1 * 17^1 * 43^1 * 59^1,0,"11,19,23,29,31,37,41,47,53",
248675,2,"2,3,5,7,17,23,29,53",2^2 * 3^1 * 5^2 * 7^3 * 17^1 * 23^1 * 29^1 * 53^1,0,"11,13,19,31,37,41,43,47,59",
248676,2,"2,3,11,13,17,23,37,47,53",2^2 * 3^1 * 11^1 * 13^1 * 17^1 * 23^1 * 37^1 * 47^1 * 53^1,0,"5,7,19,29,31,41,43,59",
254448,2,"2,3,13,19,23,31,37",2^4 * 3^3 * 13^1 * 19^1 * 23^2 * 31^1 * 37^1,0,"5,7,11,17,29,41,43,47,53,59",
254505,2,"2,3,5,7,19,47,53",2^1 * 3^1 * 5^1 * 7^4 * 19^2 * 47^1 * 53^1,0,"11,13,17,23,29,31,37,41,43,59",
254880,2,"2,3,5,11,17,29,47,59",2^5 * 3^3 * 5^1 * 11^1 * 17^1 * 29^1 * 47^1 * 59^1,0,"7,13,19,23,31,37,41,43,53",
257889,2,"2,3,5,17,31,37,41,47,59",2^1 * 3^1 * 5^1 * 17^1 * 31^1 * 37^1 * 41^1 * 47^1 * 59^1,0,"7,11,13,19,23,29,43,53",
259160,2,"2,3,5,7,11,19,31,41,43",2^3 * 3^1 * 5^1 * 7^2 * 11^1 * 19^1 * 31^1 * 41^1 * 43^1,0,"13,17,23,29,37,47,53,59",
259776,2,"2,3,7,11,17,37,41,59",2^6 * 3^2 * 7^1 * 11^1 * 17^1 * 37^1 * 41^1 * 59^1,0,"5,13,19,23,29,31,43,47,53",
260337,2,"2,3,7,11,13,17,19,23,31",2^1 * 3^1 * 7^3 * 11^1 * 13^1 * 17^1 * 19^1 * 23^1 * 31^1,0,"5,29,37,41,43,47,53,59",
260709,2,"2,3,5,29,31,43,47",2^1 * 3^1 * 5^1 * 29^2 * 31^1 * 43^2 * 47^1,0,"7,11,13,17,19,23,37,41,53,59",
262085,2,"2,3,5,11,19,23,43,53",2^1 * 3^1 * 5^1 * 11^2 * 19^2 * 23^1 * 43^1 * 53^1,0,"7,13,17,29,31,37,41,47,59",
263375,2,"2,3,5,7,31,43,59",2^4 * 3^2 * 5^3 * 7^2 * 31^1 * 43^1 * 59^1,0,"11,13,17,19,23,29,37,41,47,53",
264384,2,"2,3,5,11,17,19,23",2^6 * 3^5 * 5^1 * 11^2 * 17^1 * 19^1 * 23^1,0,"7,13,29,31,37,41,43,47,53,59",
267288,2,"2,3,7,11,37,43,47",2^3 * 3^1 * 7^1 * 11^2 * 37^1 * 43^1 * 47^2,0,"5,13,17,19,23,29,31,41,53,59",
268191,2,"2,3,7,11,17,29,43",2^5 * 3^4 * 7^1 * 11^1 * 17^2 * 29^1 * 43^1,0,"5,13,19,23,31,37,41,47,53,59",
268800,2,"2,3,5,7,13,23,29,31",2^9 * 3^1 * 5^2 * 7^1 * 13^1 * 23^1 * 29^1 * 31^1,0,"11,17,19,37,41,43,47,53,59",
269451,2,"2,3,7,13,31,41,47,53",2^2 * 3^2 * 7^2 * 13^1 * 31^1 * 41^1 * 47^1 * 53^1,0,"5,11,17,19,23,29,37,43,59",
270599,2,"2,3,5,7,11,29,31,41,43",2^3 * 3^1 * 5^2 * 7^1 * 11^1 * 29^1 * 31^1 * 41^1 * 43^1,0,"13,17,19,23,37,47,53,59",
275561,2,"2,3,7,11,13,41,47",2^1 * 3^9 * 7^1 * 11^1 * 13^1 * 41^1 * 47^1,0,"5,17,19,23,29,31,37,43,53,59",
275807,2,"2,3,7,13,17,31,41",2^5 * 3^1 * 7^1 * 13^2 * 17^1 * 31^2 * 41^1,0,"5,11,19,23,29,37,43,47,53,59",
278783,2,"2,3,11,17,23,31",2^8 * 3^2 * 11^2 * 17^1 * 23^2 * 31^1,0,"5,7,13,19,29,37,41,43,47,53,59",
279414,2,"2,3,5,19,29,41,43,47",2^1 * 3^2 * 5^1 * 19^2 * 29^1 * 41^1 * 43^1 * 47^1,0,"7,11,13,17,23,31,37,53,59",
279840,2,"2,3,5,11,23,53",2^5 * 3^1 * 5^1 * 11^1 * 23^4 * 53^1,0,"7,13,17,19,29,31,37,41,43,47,59",
280899,2,"2,3,5,23,53,59",2^2 * 3^2 * 5^2 * 23^2 * 53^2 * 59^1,0,"7,11,13,17,19,29,31,37,41,43,47",
281960,2,"2,3,5,7,19,53,59",2^3 * 3^4 * 5^1 * 7^1 * 19^1 * 53^1 * 59^2,0,"11,13,17,23,29,31,37,41,43,47",
282624,2,"2,3,5,7,17,19,23",2^12 * 3^1 * 5^3 * 7^1 * 17^1 * 19^1 * 23^1,0,"11,13,29,31,37,41,43,47,53,59",
283023,2,"2,3,7,13,19,41,59",2^4 * 3^2 * 7^2 * 13^1 * 19^2 * 41^1 * 59^1,0,"5,11,17,23,29,31,37,43,47,53",
284375,2,"2,3,5,7,13,17,41",2^3 * 3^1 * 5^5 * 7^1 * 13^1 * 17^2 * 41^1,0,"11,19,23,29,31,37,43,47,53,59",
285417,2,"2,3,7,11,19,29,31,37",2^1 * 3^3 * 7^1 * 11^1 * 19^1 * 29^1 * 31^2 * 37^1,0,"5,13,17,23,41,43,47,53,59",
286208,2,"2,3,7,11,13,43,59",2^9 * 3^2 * 7^2 * 11^1 * 13^1 * 43^1 * 59^1,0,"5,17,19,23,29,31,37,41,47,53",
288144,2,"2,3,5,11,13,23,29,31",2^4 * 3^3 * 5^1 * 11^1 * 13^2 * 23^1 * 29^1 * 31^1,0,"7,17,19,37,41,43,47,53,59",
290870,2,"2,3,5,7,17,19,29,59",2^1 * 3^7 * 5^1 * 7^1 * 17^1 * 19^1 * 29^1 * 59^1,0,"11,13,23,31,37,41,43,47,53",
291023,2,"2,3,17,19,43,47,53",2^4 * 3^2 * 17^2 * 19^1 * 43^1 * 47^1 * 53^1,0,"5,7,11,13,23,29,31,37,41,59",
293045,2,"2,3,5,13,17,29,43,47",2^1 * 3^1 * 5^1 * 13^2 * 17^2 * 29^1 * 43^1 * 47^1,0,"7,11,19,23,31,37,41,53,59",
294150,2,"2,3,5,11,13,17,37,53",2^1 * 3^1 * 5^2 * 11^3 * 13^1 * 17^1 * 37^1 * 53^1,0,"7,19,23,29,31,41,43,47,59",
299366,2,"2,3,29,31,37,43,59",2^1 * 3^2 * 29^1 * 31^1 * 37^1 * 43^1 * 59^2,0,"5,7,11,13,17,19,23,41,47,53",
301599,2,"2,3,5,13,23,29,31,47",2^5 * 3^2 * 5^2 * 13^1 * 23^1 * 29^1 * 31^1 * 47^1,0,"7,11,17,19,37,41,43,53,59",
302847,2,"2,3,7,13,29,59",2^8 * 3^1 * 7^1 * 13^2 * 29^1 * 59^2,0,"5,11,17,19,23,31,37,41,43,47,53",
303600,2,"2,3,5,11,19,23,29",2^4 * 3^1 * 5^2 * 11^1 * 19^2 * 23^1 * 29^2,0,"7,13,17,31,37,41,43,47,53,59",
304325,2,"2,3,5,7,11,29,37,47,53",2^1 * 3^2 * 5^2 * 7^1 * 11^1 * 29^1 * 37^1 * 47^1 * 53^1,0,"13,17,19,23,31,41,43,59",
310155,2,"2,3,5,7,11,19,23,29,31,53",2^2 * 3^1 * 5^1 * 7^1 * 11^1 * 19^1 * 23^1 * 29^1 * 31^1 * 53^1,0,"13,17,37,41,43,47,59",
312169,2,"2,5,11,13,19,31,37,53,59",2^1 * 5^1 * 11^1 * 13^1 * 19^1 * 31^1 * 37^1 * 53^1 * 59^1,0,"3,7,17,23,29,41,43,47",
312480,2,"2,3,5,7,13,31,43",2^5 * 3^2 * 5^1 * 7^1 * 13^2 * 31^1 * 43^2,0,"11,17,19,23,29,37,41,47,53,59",
313599,2,"2,3,5,7,11,13,17,43",2^8 * 3^1 * 5^2 * 7^2 * 11^1 * 13^1 * 17^1 * 43^1,0,"19,23,29,31,37,41,47,53,59",
314432,2,"2,3,7,17,23,31",2^6 * 3^2 * 7^2 * 17^3 * 23^1 * 31^1,0,"5,11,13,19,29,37,41,43,47,53,59",
315084,2,"2,3,5,7,11,29,31,41,53",2^2 * 3^1 * 5^1 * 7^1 * 11^2 * 29^1 * 31^1 * 41^1 * 53^1,0,"13,17,19,23,37,43,47,59",
316250,2,"2,3,5,11,13,17,23,53",2^1 * 3^3 * 5^4 * 11^1 * 13^1 * 17^1 * 23^1 * 53^1,0,"7,19,29,31,37,41,43,47,59",
319124,2,"2,3,5,13,17,19,23,37",2^2 * 3^1 * 5^3 * 13^1 * 17^1 * 19^2 * 23^1 * 37^1,0,"7,11,29,31,41,43,47,53,59",
321726,2,"2,3,7,19,29,41,43,59",2^1 * 3^1 * 7^1 * 19^1 * 29^1 * 41^1 * 43^2 * 59^1,0,"5,11,13,17,23,31,37,47,53",
323379,2,"2,3,5,7,19,23,29,37,59",2^2 * 3^3 * 5^1 * 7^1 * 19^1 * 23^1 * 29^1 * 37^1 * 59^1,0,"11,13,17,31,41,43,47,53",
325380,2,"2,3,5,7,11,17,23,29,43,47",2^2 * 3^1 * 5^1 * 7^1 * 11^1 * 17^1 * 23^1 * 29^1 * 43^1 * 47^1,0,"13,19,31,37,41,53,59",
328509,2,"2,3,5,7,13,19,23",2^1 * 3^3 * 5^1 * 7^1 * 13^1 * 19^2 * 23^3,0,"11,17,29,31,37,41,43,47,53,59",
330624,2,"2,3,5,7,23,41",2^7 * 3^2 * 5^4 * 7^1 * 23^2 * 41^1,0,"11,13,17,19,29,31,37,43,47,53,59",
336140,2,"2,3,5,7,13,17",2^2 * 3^2 * 5^1 * 7^5 * 13^3 * 17^1,0,"11,19,23,29,31,37,41,43,47,53,59",
336973,2,"2,7,11,13,17,23,53",2^1 * 7^2 * 11^1 * 13^1 * 17^2 * 23^2 * 53^1,0,"3,5,19,29,31,37,41,43,47,59",
338624,2,"2,3,5,7,11,13,37,43",2^6 * 3^2 * 5^3 * 7^1 * 11^1 * 13^1 * 37^1 * 43^1,0,"17,19,23,29,31,41,47,53,59",
341549,2,"2,3,5,11,13,23,43,47",2^1 * 3^3 * 5^2 * 11^1 * 13^2 * 23^1 * 43^1 * 47^1,0,"7,17,19,29,31,37,41,53,59",
342924,2,"2,3,5,11,17,29,41,43",2^2 * 3^1 * 5^2 * 11^1 * 17^1 * 29^1 * 41^2 * 43^1,0,"7,13,19,23,31,37,47,53,59",
343914,2,"2,3,5,11,13,31,37,43",2^1 * 3^1 * 5^1 * 11^1 * 13^2 * 31^1 * 37^1 * 43^2,0,"7,17,19,23,29,41,47,53,59",
344604,2,"2,3,5,13,41,47",2^2 * 3^1 * 5^1 * 13^1 * 41^3 * 47^2,0,"7,11,17,19,23,29,31,37,43,53,59",
345506,2,"2,3,7,23,29,37,41,53",2^1 * 3^1 * 7^1 * 23^1 * 29^1 * 37^1 * 41^1 * 53^2,0,"5,11,13,17,19,31,43,47,59",
346579,2,"2,5,13,17,19,29,31,37,43",2^2 * 5^1 * 13^1 * 17^1 * 19^1 * 29^1 * 31^1 * 37^1 * 43^1,0,"3,7,11,23,41,47,53,59",
346920,2,"2,3,5,7,19,31,59",2^3 * 3^1 * 5^1 * 7^2 * 19^2 * 31^2 * 59^1,0,"11,13,17,23,29,37,41,43,47,53",
347391,2,"2,3,11,23,29,59",2^8 * 3^2 * 11^3 * 23^1 * 29^1 * 59^1,0,"5,7,13,17,19,31,37,41,43,47,53",
348687,2,"2,3,17,19,31,37,43,53",2^4 * 3^2 * 17^1 * 19^1 * 31^1 * 37^1 * 43^1 * 53^1,0,"5,7,11,13,23,29,41,47,59",
348725,2,"2,3,5,7,13,19,23,29,37",2^1 * 3^1 * 5^2 * 7^1 * 13^1 * 19^2 * 23^1 * 29^1 * 37^1,0,"11,17,31,41,43,47,53,59",
351231,2,"2,3,7,47,53",2^10 * 3^1 * 7^3 * 47^2 * 53^1,0,"5,11,13,17,19,23,29,31,37,41,43,59",
352715,2,"2,3,5,7,11,13,17,19,53",2^2 * 3^1 * 5^1 * 7^1 * 11^3 * 13^1 * 17^1 * 19^1 * 53^1,0,"23,29,31,37,41,43,47,59",
356642,2,"2,3,7,11,13,17,29,37,43",2^1 * 3^4 * 7^1 * 11^1 * 13^1 * 17^1 * 29^1 * 37^1 * 43^1,0,"5,19,23,31,41,47,53,59",
358280,2,"2,3,5,7,11,13,47,53",2^3 * 3^2 * 5^1 * 7^1 * 11^2 * 13^2 * 47^1 * 53^1,0,"17,19,23,29,31,37,41,43,59",
360639,2,"2,3,5,7,19,23,37",2^6 * 3^3 * 5^1 * 7^2 * 19^2 * 23^1 * 37^1,0,"11,13,17,29,31,41,43,47,53,59",
361415,2,"2,3,5,11,37,41,43",2^3 * 3^1 * 5^1 * 11^1 * 37^2 * 41^2 * 43^1,0,"7,13,17,19,23,29,31,47,53,59",
363527,2,"2,3,11,17,19,53",2^3 * 3^5 * 11^1 * 17^1 * 19^3 * 53^1,0,"5,7,13,23,29,31,37,41,43,47,59",
369655,2,"2,5,7,11,13,23,41,47",2^3 * 5^1 * 7^2 * 11^2 * 13^1 * 23^1 * 41^1 * 47^1,0,"3,17,19,29,31,37,43,53,59",
369984,2,"2,3,5,7,11,31,41,47",2^6 * 3^1 * 5^1 * 7^1 * 11^1 * 31^2 * 41^1 * 47^1,0,"13,17,19,23,29,37,43,53,59",
373490,2,"2,3,5,13,17,29,53",2^1 * 3^5 * 5^1 * 13^3 * 17^1 * 29^1 * 53^1,0,"7,11,19,23,31,37,41,43,47,59",
374945,2,"2,3,5,11,13,19,23,31,41,59",2^1 * 3^1 * 5^1 * 11^1 * 13^1 * 19^1 * 23^1 * 31^1 * 41^1 * 59^1,0,"7,17,29,37,43,47,53",
377363,2,"2,3,7,13,31,37,41,47,59",2^2 * 3^1 * 7^1 * 13^1 * 31^1 * 37^1 * 41^1 * 47^1 * 59^1,0,"5,11,17,19,23,29,43,53",
378879,2,"2,3,5,17,19,23,37",2^11 * 3^1 * 5^1 * 17^2 * 19^1 * 23^1 * 37^1,0,"7,11,13,29,31,41,43,47,53,59",
379904,2,"2,3,5,7,19,31,43,53",2^10 * 3^1 * 5^1 * 7^1 * 19^1 * 31^1 * 43^1 * 53^1,0,"11,13,17,23,29,37,41,47,59",
382024,2,"2,5,7,17,37,53,59",2^3 * 5^2 * 7^1 * 17^1 * 37^1 * 53^2 * 59^1,0,"3,11,13,19,23,29,31,41,43,47",
385151,2,"2,3,13,17,43,53,59",2^7 * 3^1 * 13^2 * 17^1 * 43^1 * 53^1 * 59^1,0,"5,7,11,19,23,29,31,37,41,47",
385236,2,"2,3,17,29,31,41,43",2^2 * 3^4 * 17^2 * 29^1 * 31^1 * 41^1 * 43^1,0,"5,7,11,13,19,23,37,47,53,59",
386630,2,"2,3,5,7,17,19,23,41",2^1 * 3^2 * 5^1 * 7^1 * 17^1 * 19^2 * 23^1 * 41^2,0,"11,13,29,31,37,43,47,53,59",
389499,2,"2,3,5,11,19,29,37,41",2^2 * 3^1 * 5^3 * 11^2 * 19^1 * 29^1 * 37^1 * 41^1,0,"7,13,17,23,31,43,47,53,59",
390165,2,"2,3,5,7,19,29,31,37",2^1 * 3^1 * 5^1 * 7^1 * 19^1 * 29^1 * 31^2 * 37^2,0,"11,13,17,23,41,43,47,53,59",
390224,2,"2,3,5,11,29,43",2^4 * 3^1 * 5^2 * 11^2 * 29^3 * 43^1,0,"7,13,17,19,23,31,37,41,47,53,59",
391988,2,"2,3,13,19,23,43,53",2^2 * 3^1 * 13^1 * 19^1 * 23^2 * 43^2 * 53^1,0,"5,7,11,17,29,31,37,41,47,59",
393471,2,"2,3,13,19,29,53,59",2^8 * 3^3 * 13^1 * 19^1 * 29^1 * 53^1 * 59^1,0,"5,7,11,17,23,31,37,41,43,47",
394009,2,"2,5,7,11,17,31,41,43",2^1 * 5^1 * 7^2 * 11^1 * 17^1 * 31^2 * 41^1 * 43^1,0,"3,13,19,23,29,37,47,53,59",
395199,2,"2,3,5,7,13,17,19,41",2^6 * 3^4 * 5^2 * 7^1 * 13^1 * 17^1 * 19^1 * 41^1,0,"11,23,29,31,37,43,47,53,59",
396864,2,"2,3,5,7,13,17,23,29,53",2^6 * 3^2 * 5^1 * 7^1 * 13^1 * 17^1 * 23^1 * 29^1 * 53^1,0,"11,19,31,37,41,43,47,59",
400315,2,"2,5,7,17,23,29,59",2^2 * 5^1 * 7^1 * 17^1 * 23^1 * 29^2 * 59^2,0,"3,11,13,19,31,37,41,43,47,53",
405449,2,"2,3,5,11,17,29,31,41,53",2^1 * 3^2 * 5^2 * 11^1 * 17^1 * 29^1 * 31^1 * 41^1 * 53^1,0,"7,13,19,23,37,43,47,59",
405768,2,"2,3,7,11,13,29,53",2^3 * 3^1 * 7^4 * 11^1 * 13^2 * 29^1 * 53^1,0,"5,17,19,23,31,37,41,43,47,59",
406350,2,"2,3,5,7,11,17,41,43,53",2^1 * 3^3 * 5^2 * 7^1 * 11^1 * 17^1 * 41^1 * 43^1 * 53^1,0,"13,19,23,29,31,37,47,59",
407835,2,"2,3,5,11,13,19,23,31,53",2^2 * 3^4 * 5^1 * 11^1 * 13^1 * 19^1 * 23^1 * 31^1 * 53^1,0,"7,17,29,37,41,43,47,59",
410669,2,"2,3,5,7,13,17,29",2^1 * 3^5 * 5^1 * 7^2 * 13^2 * 17^2 * 29^1,0,"11,19,23,31,37,41,43,47,53,59",
412090,2,"2,5,7,19,23,29,41",2^1 * 5^1 * 7^2 * 19^1 * 23^2 * 29^2 * 41^1,0,"3,11,13,17,31,37,43,47,53,59",
416024,2,"2,3,5,7,17,19,23,43",2^3 * 3^2 * 5^2 * 7^1 * 17^1 * 19^1 * 23^1 * 43^2,0,"11,13,29,31,37,41,47,53,59",
418760,2,"2,3,5,7,17,19,23,29",2^3 * 3^2 * 5^1 * 7^1 * 17^2 * 19^2 * 23^1 * 29^1,0,"11,13,31,37,41,43,47,53,59",
419120,2,"2,3,5,13,19,31,43",2^4 * 3^3 * 5^1 * 13^2 * 19^2 * 31^1 * 43^1,0,"7,11,17,23,29,37,41,47,53,59",
421200,2,"2,3,5,11,13,59",2^4 * 3^4 * 5^2 * 11^2 * 13^1 * 59^2,0,"7,17,19,23,29,31,37,41,43,47,53",
422499,2,"2,3,5,7,11,13,31,59",2^2 * 3^1 * 5^4 * 7^1 * 11^1 * 13^2 * 31^1 * 59^1,0,"17,19,23,29,37,41,43,47,53",
422576,2,"2,3,7,11,37,47",2^4 * 3^5 * 7^4 * 11^1 * 37^1 * 47^1,0,"5,13,17,19,23,29,31,41,43,53,59",
424269,2,"2,3,5,7,11,17,19,29,47,59",2^1 * 3^2 * 5^1 * 7^1 * 11^1 * 17^1 * 19^1 * 29^1 * 47^1 * 59^1,0,"13,23,31,37,41,43,53",
427720,2,"2,5,7,17,29,37,43",2^3 * 5^1 * 7^3 * 17^2 * 29^1 * 37^1 * 43^1,0,"3,11,13,19,23,31,41,47,53,59",
427868,2,"2,3,7,13,23,37,53,59",2^2 * 3^3 * 7^2 * 13^1 * 23^1 * 37^1 * 53^1 * 59^1,0,"5,11,17,19,29,31,41,43,47",
430559,2,"2,3,5,13,17,19,23,31,43",2^5 * 3^2 * 5^1 * 13^1 * 17^1 * 19^1 * 23^1 * 31^1 * 43^1,0,"7,11,29,37,41,47,53,59",
431375,2,"2,3,5,7,11,17,19,29,43",2^4 * 3^1 * 5^3 * 7^1 * 11^1 * 17^1 * 19^1 * 29^1 * 43^1,0,"13,23,31,37,41,47,53,59",
432344,2,"2,3,5,11,17,19,37,41",2^3 * 3^1 * 5^1 * 11^1 * 17^3 * 19^1 * 37^1 * 41^1,0,"7,13,23,29,31,43,47,53,59",
436449,2,"2,3,5,7,13,19,29,31,43",2^1 * 3^1 * 5^2 * 7^1 * 13^1 * 19^2 * 29^1 * 31^1 * 43^1,0,"11,17,23,37,41,47,53,59",
439263,2,"2,3,7,11,17,29,37,53",2^5 * 3^4 * 7^1 * 11^1 * 17^1 * 29^1 * 37^1 * 53^1,0,"5,13,19,23,31,41,43,47,59",
443555,2,"2,3,5,7,19,23,29,37",2^2 * 3^4 * 5^1 * 7^1 * 19^1 * 23^1 * 29^1 * 37^2,0,"11,13,17,31,41,43,47,53,59",
444447,2,"2,3,17,19,31,43,59",2^5 * 3^5 * 17^1 * 19^1 * 31^1 * 43^1 * 59^1,0,"5,7,11,13,23,29,37,41,47,53",
446039,2,"2,3,5,7,11,23,41,43,59",2^3 * 3^3 * 5^1 * 7^1 * 11^1 * 23^1 * 41^1 * 43^1 * 59^1,0,"13,17,19,29,31,37,47,53",
446368,2,"2,7,11,13,17,29,31,37",2^5 * 7^1 * 11^2 * 13^1 * 17^1 * 29^1 * 31^1 * 37^1,0,"3,5,19,23,41,43,47,53,59",
447810,2,"2,3,5,7,11,13,19,23,37,59",2^1 * 3^1 * 5^1 * 7^2 * 11^1 * 13^1 * 19^1 * 23^1 * 37^1 * 59^1,0,"17,29,31,41,43,47,53",
452352,2,"2,3,11,17,19,31,41,59",2^8 * 3^1 * 11^1 * 17^1 * 19^1 * 31^1 * 41^1 * 59^1,0,"5,7,13,23,29,37,43,47,53",
453375,2,"2,3,5,7,11,13,23,31",2^8 * 3^2 * 5^3 * 7^1 * 11^1 * 13^1 * 23^1 * 31^1,0,"17,19,29,37,41,43,47,53,59",
453870,2,"2,3,5,11,31,41",2^1 * 3^3 * 5^1 * 11^4 * 31^1 * 41^2,0,"7,13,17,19,23,29,37,43,47,53,59",
456875,2,"2,3,5,7,17,37,43",2^2 * 3^2 * 5^4 * 7^3 * 17^1 * 37^1 * 43^1,0,"11,13,19,23,29,31,41,47,53,59",
459172,2,"2,7,11,13,19,23,31",2^2 * 7^1 * 11^1 * 13^3 * 19^1 * 23^2 * 31^1,0,"3,5,17,29,37,41,43,47,53,59",
459799,2,"2,5,11,17,19,37,43",2^3 * 5^2 * 11^2 * 17^2 * 19^1 * 37^1 * 43^1,0,"3,7,13,23,29,31,41,47,53,59",
461824,2,"2,5,7,11,13,29,41",2^10 * 5^2 * 7^2 * 11^1 * 13^1 * 29^1 * 41^1,0,"3,17,19,23,31,37,43,47,53,59",
463749,2,"2,3,5,7,11,13,23,47,53",2^1 * 3^1 * 5^4 * 7^1 * 11^1 * 13^1 * 23^1 * 47^1 * 53^1,0,"17,19,29,31,37,41,43,59",
466088,2,"2,3,7,13,17,19,29,37,41",2^3 * 3^1 * 7^2 * 13^1 * 17^1 * 19^1 * 29^1 * 37^1 * 41^1,0,"5,11,23,31,43,47,53,59",
466829,2,"2,3,5,7,11,13,19,31,37",2^1 * 3^3 * 5^1 * 7^1 * 11^1 * 13^1 * 19^1 * 31^1 * 37^2,0,"17,23,29,41,43,47,53,59",
469567,2,"2,7,11,23,29,37",2^6 * 7^3 * 11^1 * 23^1 * 29^1 * 37^2,0,"3,5,13,17,19,31,41,43,47,53,59",
474720,2,"2,3,5,13,23,43,53",2^5 * 3^1 * 5^1 * 13^2 * 23^1 * 43^1 * 53^2,0,"7,11,17,19,29,31,37,41,47,59",
476748,2,"2,3,7,13,17,19,31,41",2^2 * 3^2 * 7^1 * 13^3 * 17^1 * 19^1 * 31^1 * 41^1,0,"5,11,23,29,37,43,47,53,59",
478224,2,"2,3,5,11,37,41,47",2^4 * 3^6 * 5^2 * 11^1 * 37^1 * 41^1 * 47^1,0,"7,13,17,19,23,29,31,43,53,59",
482447,2,"2,3,7,19,23,41",2^4 * 3^1 * 7^1 * 19^1 * 23^2 * 41^3,0,"5,11,13,17,29,31,37,43,47,53,59",
483327,2,"2,3,13,17,59",2^13 * 3^7 * 13^1 * 17^1 * 59^1,0,"5,7,11,19,23,29,31,37,41,43,47,53",
487577,2,"2,3,7,13,17,19,23,29,43,47",2^1 * 3^1 * 7^1 * 13^1 * 17^1 * 19^1 * 23^1 * 29^1 * 43^1 * 47^1,0,"5,11,31,37,41,53,59",
488565,2,"2,3,5,7,11,13,19,23,43,47",2^1 * 3^3 * 5^1 * 7^1 * 11^1 * 13^1 * 19^1 * 23^1 * 43^1 * 47^1,0,"17,29,31,37,41,53,59",
489984,2,"2,3,5,11,29,43,53",2^9 * 3^1 * 5^1 * 11^1 * 29^1 * 43^2 * 53^1,0,"7,13,17,19,23,31,37,41,47,59",
491877,2,"2,3,17,23,31,37,41,43",2^1 * 3^2 * 17^2 * 23^1 * 31^1 * 37^1 * 41^1 * 43^1,0,"5,7,11,13,19,29,47,53,59",
493695,2,"2,3,5,7,19,23,29,53",2^7 * 3^4 * 5^1 * 7^1 * 19^1 * 23^1 * 29^1 * 53^1,0,"11,13,17,31,37,41,43,47,59",
494208,2,"2,3,11,13,19,37",2^7 * 3^3 * 11^1 * 13^1 * 19^2 * 37^2,0,"5,7,17,23,29,31,41,43,47,53,59",
495144,2,"2,3,5,7,13,23,43,47",2^3 * 3^2 * 5^1 * 7^2 * 13^1 * 23^2 * 43^1 * 47^1,0,"11,17,19,29,31,37,41,53,59",
495615,2,"2,3,5,11,19,37,47",2^12 * 3^1 * 5^1 * 11^2 * 19^1 * 37^1 * 47^1,0,"7,13,17,23,29,31,41,43,53,59",
496132,2,"2,7,11,13,23,29,37,47,53",2^2 * 7^1 * 11^1 * 13^1 * 23^1 * 29^1 * 37^1 * 47^1 * 53^1,0,"3,5,17,19,31,41,43,59",
498575,2,"2,3,5,7,11,13,17,37,47",2^4 * 3^1 * 5^2 * 7^2 * 11^1 * 13^1 * 17^1 * 37^1 * 47^1,0,"19,23,29,31,41,43,53,59",
499375,2,"2,5,17,23,47,59",2^4 * 5^4 * 17^1 * 23^2 * 47^1 * 59^1,0,"3,7,11,13,19,29,31,37,41,43,53",
501423,2,"2,3,7,11,13,23,37,43",2^4 * 3^1 * 7^1 * 11^2 * 13^2 * 23^1 * 37^1 * 43^1,0,"5,17,19,29,31,41,47,53,59",
507528,2,"2,3,7,11,19,29,37,43,53",2^3 * 3^2 * 7^1 * 11^1 * 19^1 * 29^1 * 37^1 * 43^1 * 53^1,0,"5,13,17,23,31,41,47,59",
509795,2,"2,3,5,7,11,13,17,23,31",2^2 * 3^2 * 5^1 * 7^2 * 11^1 * 13^1 * 17^2 * 23^1 * 31^1,0,"19,29,37,41,43,47,53,59",
512000,2,"2,3,5,7,43",2^12 * 3^5 * 5^3 * 7^2 * 43^1,0,"11,13,17,19,23,29,31,37,41,47,53,59",
512487,2,"2,3,19,29,37,47",2^3 * 3^6 * 19^1 * 29^1 * 37^1 * 47^2,0,"5,7,11,13,17,23,31,41,43,53,59",
515871,2,"2,3,7,31,43,47",2^5 * 3^2 * 7^3 * 31^1 * 43^2 * 47^1,0,"5,11,13,17,19,23,29,37,41,53,59",
518075,2,"2,3,5,13,17,23,41,53",2^2 * 3^5 * 5^2 * 13^1 * 17^1 * 23^1 * 41^1 * 53^1,0,"7,11,19,29,31,37,43,47,59",
524799,2,"2,3,5,11,19,31,41",2^9 * 3^4 * 5^2 * 11^1 * 19^1 * 31^1 * 41^1,0,"7,13,17,23,29,37,43,47,53,59",
527136,2,"2,3,13,17,19,23,41,43",2^5 * 3^1 * 13^1 * 17^2 * 19^1 * 23^1 * 41^1 * 43^1,0,"5,7,11,29,31,37,47,53,59",
534599,2,"2,3,5,11,13,17,41,59",2^3 * 3^5 * 5^2 * 11^1 * 13^1 * 17^1 * 41^1 * 59^1,0,"7,19,23,29,31,37,43,47,53",
536238,2,"2,3,11,29,31,41",2^1 * 3^2 * 11^1 * 29^1 * 31^3 * 41^2,0,"5,7,13,17,19,23,37,43,47,53,59",
540175,2,"2,5,7,13,17,31,41,53",2^4 * 5^2 * 7^2 * 13^1 * 17^1 * 31^1 * 41^1 * 53^1,0,"3,11,19,23,29,37,43,47,59",
544824,2,"2,3,5,7,19,23,31,37,47",2^3 * 3^2 * 5^2 * 7^1 * 19^1 * 23^1 * 31^1 * 37^1 * 47^1,0,"11,13,17,29,41,43,53,59",
545454,2,"2,3,5,7,13,37,43,59",2^1 * 3^4 * 5^1 * 7^1 * 13^1 * 37^1 * 43^2 * 59^1,0,"11,17,19,23,29,31,41,47,53",
545750,2,"2,3,5,17,29,37,41,59",2^1 * 3^3 * 5^3 * 17^1 * 29^1 * 37^1 * 41^1 * 59^1,0,"7,11,13,19,23,31,43,47,53",
547637,2,"2,3,7,13,17,19,37,41,59",2^1 * 3^1 * 7^1 * 13^1 * 17^1 * 19^2 * 37^1 * 41^1 * 59^1,0,"5,11,23,29,31,43,47,53",
549080,2,"2,3,5,7,13,19,37,53",2^3 * 3^2 * 5^1 * 7^1 * 13^2 * 19^2 * 37^1 * 53^1,0,"11,17,23,29,31,41,43,47,59",
549289,2,"2,5,7,13,19,29,31,47,59",2^1 * 5^1 * 7^2 * 13^1 * 19^1 * 29^1 * 31^1 * 47^1 * 59^1,0,"3,11,17,23,37,41,43,53",
550528,2,"2,7,11,17,23,31,43,59",2^7 * 7^1 * 11^1 * 17^1 * 23^1 * 31^1 * 43^1 * 59^1,0,"3,5,13,19,29,37,41,47,53",
558656,2,"2,3,7,11,19,29,43",2^6 * 3^5 * 7^1 * 11^2 * 19^1 * 29^1 * 43^1,0,"5,13,17,23,31,37,41,47,53,59",
561924,2,"2,3,5,7,11,13,19,43",2^2 * 3^3 * 5^2 * 7^1 * 11^2 * 13^2 * 19^1 * 43^1,0,"17,23,29,31,37,41,47,53,59",
563549,2,"2,3,5,7,13,17,31,53",2^1 * 3^1 * 5^2 * 7^3 * 13^1 * 17^2 * 31^1 * 53^1,0,"11,19,23,29,37,41,43,47,59",
568700,2,"2,3,5,7,11,17,47,59",2^2 * 3^4 * 5^2 * 7^1 * 11^2 * 17^1 * 47^1 * 59^1,0,"13,19,23,29,31,37,41,43,53",
586872,2,"2,3,7,11,13,19,29,59",2^3 * 3^3 * 7^3 * 11^1 * 13^1 * 19^1 * 29^1 * 59^1,0,"5,17,23,31,37,41,43,47,53",
587264,2,"2,3,5,7,17,31,37,47",2^9 * 3^1 * 5^1 * 7^2 * 17^1 * 31^1 * 37^1 * 47^1,0,"11,13,19,23,29,41,43,53,59",
589743,2,"2,3,7,11,23,29,31,37,41",2^4 * 3^2 * 7^1 * 11^1 * 23^1 * 29^1 * 31^1 * 37^1 * 41^1,0,"5,13,17,19,43,47,53,59",
589874,2,"2,3,5,11,13,19,43",2^1 * 3^1 * 5^3 * 11^2 * 13^1 * 19^3 * 43^1,0,"7,17,23,29,31,37,41,47,53,59",
591260,2,"2,3,5,11,17,19,23,37,41,47",2^2 * 3^1 * 5^1 * 11^1 * 17^1 * 19^1 * 23^1 * 37^1 * 41^1 * 47^1,0,"7,13,29,31,43,53,59",
593775,2,"2,3,5,7,13,17,29,37,59",2^4 * 3^2 * 5^2 * 7^1 * 13^1 * 17^1 * 29^1 * 37^1 * 59^1,0,"11,19,23,31,41,43,47,53",
601425,2,"2,3,5,7,11,17,19",2^1 * 3^7 * 5^2 * 7^2 * 11^1 * 17^1 * 19^2,0,"13,23,29,31,37,41,43,47,53,59",
602822,2,"2,3,11,13,29,41,47,53",2^1 * 3^1 * 11^2 * 13^2 * 29^1 * 41^1 * 47^1 * 53^1,0,"5,7,17,19,23,31,37,43,59",
606815,2,"2,3,5,7,11,17,43,59",2^5 * 3^2 * 5^1 * 7^2 * 11^2 * 17^1 * 43^1 * 59^1,0,"13,19,23,29,31,37,41,47,53",
609500,2,"2,3,5,17,19,23,37,53",2^2 * 3^1 * 5^3 * 17^2 * 19^1 * 23^1 * 37^1 * 53^1,0,"7,11,13,29,31,41,43,47,59",
610203,2,"2,3,7,11,19,31,37,41",2^2 * 3^1 * 7^1 * 11^2 * 19^1 * 31^1 * 37^1 * 41^2,0,"5,13,17,23,29,43,47,53,59",
611610,2,"2,3,5,7,11,13,19,29,37,47",2^1 * 3^1 * 5^1 * 7^1 * 11^1 * 13^2 * 19^1 * 29^1 * 37^1 * 47^1,0,"17,23,31,41,43,53,59",
612255,2,"2,3,5,7,17,19,53",2^5 * 3^1 * 5^1 * 7^4 * 17^1 * 19^2 * 53^1,0,"11,13,23,29,31,37,41,43,47,59",
613088,2,"2,3,7,17,23,29",2^5 * 3^6 * 7^2 * 17^1 * 23^1 * 29^2,0,"5,11,13,19,31,37,41,43,47,53,59",
614384,2,"2,3,5,19,37,41,43,47",2^4 * 3^4 * 5^1 * 19^1 * 37^1 * 41^1 * 43^1 * 47^1,0,"7,11,13,17,23,29,31,53,59",
621859,2,"2,5,7,17,31,37,59",2^2 * 5^1 * 7^5 * 17^1 * 31^1 * 37^1 * 59^1,0,"3,11,13,19,23,29,41,43,47,53",
622080,2,"2,3,5,17,23,37,43",2^9 * 3^5 * 5^1 * 17^1 * 23^1 * 37^1 * 43^1,0,"7,11,13,19,29,31,41,47,53,59",
627095,2,"2,3,5,7,17,19,23,29,41,53",2^3 * 3^1 * 5^1 * 7^1 * 17^1 * 19^1 * 23^1 * 29^1 * 41^1 * 53^1,0,"11,13,31,37,43,47,59",
631071,2,"2,3,7,13,37,41,53",2^5 * 3^5 * 7^2 * 13^1 * 37^1 * 41^1 * 53^1,0,"5,11,17,19,23,29,31,43,47,59",
633555,2,"2,3,5,7,11,13,17,19",2^2 * 3^3 * 5^1 * 7^1 * 11^3 * 13^1 * 17^1 * 19^2,0,"23,29,31,37,41,43,47,53,59",
638000,2,"2,3,5,7,11,13,19,29,41",2^4 * 3^2 * 5^3 * 7^1 * 11^1 * 13^1 * 19^1 * 29^1 * 41^1,0,"17,23,31,37,43,47,53,59",
638400,2,"2,3,5,7,17,19,47",2^6 * 3^1 * 5^2 * 7^1 * 17^2 * 19^1 * 47^2,0,"11,13,23,29,31,37,41,43,53,59",
640871,2,"2,3,7,11,23,29,41,43",2^3 * 3^4 * 7^2 * 11^1 * 23^1 * 29^1 * 41^1 * 43^1,0,"5,13,17,19,31,37,47,53,59",
643125,2,"2,3,5,7,11,23,31,41",2^1 * 3^1 * 5^4 * 7^3 * 11^1 * 23^1 * 31^1 * 41^1,0,"13,17,19,29,37,43,47,53,59",
645047,2,"2,3,13,17,29,31,59",2^3 * 3^2 * 13^1 * 17^2 * 29^2 * 31^1 * 59^1,0,"5,7,11,19,23,37,41,43,47,53",
648999,2,"2,3,5,11,13,43,59",2^3 * 3^3 * 5^3 * 11^1 * 13^1 * 43^2 * 59^1,0,"7,17,19,23,29,31,37,41,47,53",
649727,2,"2,3,13,23,41,47,53",2^9 * 3^3 * 13^1 * 23^1 * 41^1 * 47^1 * 53^1,0,"5,7,11,17,19,29,31,37,43,59",
657305,2,"2,3,5,11,13,17,19,37,53",2^1 * 3^2 * 5^1 * 11^1 * 13^1 * 17^1 * 19^1 * 37^1 * 53^2,0,"7,23,29,31,41,43,47,59",
658502,2,"2,3,13,19,29,31,43",2^1 * 3^3 * 13^1 * 19^1 * 29^3 * 31^1 * 43^1,0,"5,7,11,17,23,37,41,47,53,59",
660114,2,"2,3,5,7,13,31,47,53",2^1 * 3^2 * 5^1 * 7^1 * 13^2 * 31^1 * 47^1 * 53^2,0,"11,17,19,23,29,37,41,43,59",
660960,2,"2,3,5,7,17,41,47",2^5 * 3^5 * 5^1 * 7^3 * 17^1 * 41^1 * 47^1,0,"11,13,19,23,29,31,37,43,53,59",
675583,2,"2,7,13,19,29,31,37",2^8 * 7^1 * 13^1 * 19^1 * 29^1 * 31^2 * 37^1,0,"3,5,11,17,23,41,43,47,53,59",
676544,2,"2,3,5,11,23,31,37,53",2^6 * 3^1 * 5^1 * 11^1 * 23^1 * 31^2 * 37^1 * 53^1,0,"7,13,17,19,29,41,43,47,59",
679041,2,"2,3,7,11,13,19,41",2^1 * 3^2 * 7^2 * 11^1 * 13^2 * 19^3 * 41^1,0,"5,17,23,29,31,37,43,47,53,59",
687939,2,"2,3,5,7,11,17,41,47,53,59",2^2 * 3^1 * 5^1 * 7^1 * 11^1 * 17^1 * 41^1 * 47^1 * 53^1 * 59^1,0,"13,19,23,29,31,37,43",
687999,2,"2,3,5,13,23,43,59",2^7 * 3^1 * 5^3 * 13^2 * 23^1 * 43^1 * 59^1,0,"7,11,17,19,29,31,37,41,47,53",
688127,2,"2,3,7,11,47",2^15 * 3^1 * 7^1 * 11^4 * 47^1,0,"5,13,17,19,23,29,31,37,41,43,53,59",
695266,2,"2,11,13,17,19,23,37,43",2^1 * 11^2 * 13^2 * 17^1 * 19^1 * 23^1 * 37^1 * 43^1,0,"3,5,7,29,31,41,47,53,59",
701568,2,"2,3,7,11,23,29,47,59",2^7 * 3^3 * 7^1 * 11^1 * 23^1 * 29^1 * 47^1 * 59^1,0,"5,13,17,19,31,37,41,43,53",
709136,2,"2,3,11,13,19,23,29,41,47",2^4 * 3^2 * 11^1 * 13^1 * 19^1 * 23^1 * 29^1 * 41^1 * 47^1,0,"5,7,17,31,37,43,53,59",
709631,2,"2,3,7,11,13,17,19",2^10 * 3^2 * 7^1 * 11^1 * 13^3 * 17^1 * 19^1,0,"5,23,29,31,37,41,43,47,53,59",
710124,2,"2,3,5,13,17,19,23,59",2^2 * 3^1 * 5^3 * 13^1 * 17^1 * 19^1 * 23^1 * 59^2,0,"7,11,29,31,37,41,43,47,53",
712425,2,"2,3,5,7,11,13,23,47,53,59",2^1 * 3^1 * 5^2 * 7^1 * 11^1 * 13^1 * 23^1 * 47^1 * 53^1 * 59^1,0,"17,19,29,31,37,41,43",
715715,2,"2,3,5,7,11,13,47",2^2 * 3^4 * 5^1 * 7^1 * 11^2 * 13^2 * 47^2,0,"17,19,23,29,31,37,41,43,53,59",
717408,2,"2,3,7,11,47,53",2^5 * 3^2 * 7^2 * 11^4 * 47^1 * 53^1,0,"5,13,17,19,23,29,31,37,41,43,59",
720980,2,"2,3,5,13,23,43,47,59",2^2 * 3^6 * 5^1 * 13^1 * 23^1 * 43^1 * 47^1 * 59^1,0,"7,11,17,19,29,31,37,41,53",
723044,2,"2,3,5,7,17,19,31,43,59",2^2 * 3^1 * 5^1 * 7^3 * 17^1 * 19^1 * 31^1 * 43^1 * 59^1,0,"11,13,23,29,37,41,47,53",
728364,2,"2,3,5,7,11,13,17,19,23,29,41",2^2 * 3^1 * 5^1 * 7^1 * 11^1 * 13^1 * 17^1 * 19^1 * 23^1 * 29^1 * 41^1,0,"31,37,43,47,53,59",
731600,2,"2,3,5,13,31,37,59",2^4 * 3^2 * 5^2 * 13^3 * 31^1 * 37^1 * 59^1,0,"7,11,17,19,23,29,41,43,47,53",
733149,2,"2,3,5,11,29,31,43,53",2^1 * 3^2 * 5^2 * 11^1 * 29^1 * 31^1 * 43^1 * 53^2,0,"7,13,17,19,23,37,41,47,59",
733193,2,"2,3,7,11,17,23,43,59",2^1 * 3^2 * 7^1 * 11^1 * 17^2 * 23^2 * 43^1 * 59^1,0,"5,13,19,29,31,37,41,47,53",
735375,2,"2,3,5,19,37,41,53,59",2^4 * 3^1 * 5^3 * 19^1 * 37^1 * 41^1 * 53^1 * 59^1,0,"7,11,13,17,23,29,31,43,47",
763994,2,"2,3,5,7,11,31,41,53",2^1 * 3^1 * 5^1 * 7^1 * 11^3 * 31^2 * 41^1 * 53^1,0,"13,17,19,23,29,37,43,47,59",
769119,2,"2,3,5,11,13,19,23,37,41",2^5 * 3^1 * 5^1 * 11^1 * 13^2 * 19^1 * 23^1 * 37^1 * 41^1,0,"7,17,29,31,43,47,53,59",
773604,2,"2,3,5,7,13,19,23,29,31",2^2 * 3^3 * 5^1 * 7^1 * 13^1 * 19^1 * 23^1 * 29^1 * 31^2,0,"11,17,37,41,43,47,53,59",
775124,2,"2,3,5,7,13,19,31,47,53",2^2 * 3^2 * 5^3 * 7^1 * 13^1 * 19^1 * 31^1 * 47^1 * 53^1,0,"11,17,23,29,37,41,43,59",
776580,2,"2,3,5,7,13,31,41,43,47",2^2 * 3^1 * 5^1 * 7^1 * 13^1 * 31^1 * 41^1 * 43^2 * 47^1,0,"11,17,19,23,29,37,53,59",
777924,2,"2,3,5,7,29,37",2^2 * 3^4 * 5^2 * 7^4 * 29^2 * 37^1,0,"11,13,17,19,23,31,41,43,47,53,59",
779246,2,"2,3,7,13,17,19,31,41,43",2^1 * 3^3 * 7^2 * 13^1 * 17^1 * 19^1 * 31^1 * 41^1 * 43^1,0,"5,11,23,29,37,47,53,59",
787059,2,"2,3,5,7,13,23,29,31,59",2^2 * 3^2 * 5^1 * 7^1 * 13^1 * 23^1 * 29^1 * 31^2 * 59^1,0,"11,17,19,37,41,43,47,53",
787175,2,"2,3,5,13,23,29,37",2^3 * 3^2 * 5^2 * 13^1 * 23^1 * 29^2 * 37^2,0,"7,11,17,19,31,41,43,47,53,59",
788480,2,"2,3,5,7,11,19,29,53",2^11 * 3^3 * 5^1 * 7^1 * 11^1 * 19^1 * 29^1 * 53^1,0,"13,17,23,31,37,41,43,47,59",
788799,2,"2,3,5,11,17,29,41,53",2^6 * 3^1 * 5^2 * 11^2 * 17^1 * 29^1 * 41^1 * 53^1,0,"7,13,19,23,31,37,43,47,59",
790855,2,"2,5,11,13,19,23,43",2^3 * 5^1 * 11^2 * 13^1 * 19^1 * 23^3 * 43^1,0,"3,7,17,29,31,37,41,47,53,59",
794375,2,"2,3,5,11,17,31,41,59",2^3 * 3^2 * 5^4 * 11^1 * 17^1 * 31^1 * 41^1 * 59^1,0,"7,13,19,23,29,37,43,47,53",
795615,2,"2,3,5,23,29,31,47,59",2^5 * 3^1 * 5^1 * 23^2 * 29^1 * 31^1 * 47^1 * 59^1,0,"7,11,13,17,19,37,41,43,53",
798720,2,"2,3,5,7,11,13,23,41",2^12 * 3^1 * 5^1 * 7^1 * 11^2 * 13^1 * 23^1 * 41^1,0,"17,19,29,31,37,43,47,53,59",
799799,2,"2,3,5,7,11,13,17,31,43,47",2^3 * 3^1 * 5^2 * 7^1 * 11^1 * 13^1 * 17^1 * 31^1 * 43^1 * 47^1,0,"19,23,29,37,41,53,59",
800512,2,"2,7,17,31,53,59",2^8 * 7^2 * 17^1 * 31^2 * 53^1 * 59^1,0,"3,5,11,13,19,23,29,37,41,43,47",
809999,2,"2,3,5,17,29,31,53",2^4 * 3^4 * 5^4 * 17^1 * 29^1 * 31^1 * 53^1,0,"7,11,13,19,23,37,41,43,47,59",
811800,2,"2,3,5,11,17,41,53",2^3 * 3^2 * 5^2 * 11^1 * 17^2 * 41^1 * 53^2,0,"7,13,19,23,29,31,37,43,47,59",
812889,2,"2,3,5,7,11,13,17,23,37",2^1 * 3^3 * 5^1 * 7^1 * 11^1 * 13^3 * 17^1 * 23^1 * 37^1,0,"19,29,31,41,43,47,53,59",
813603,2,"2,3,7,11,17,41,43,53",2^2 * 3^1 * 7^1 * 11^2 * 17^1 * 41^2 * 43^1 * 53^1,0,"5,13,19,23,29,31,37,47,59",
814554,2,"2,3,5,7,13,17,37,59",2^1 * 3^2 * 5^1 * 7^1 * 13^1 * 17^1 * 37^2 * 59^2,0,"11,19,23,29,31,41,43,47,53",
814928,2,"2,3,17,19,29,31,53",2^4 * 3^1 * 17^1 * 19^1 * 29^2 * 31^2 * 53^1,0,"5,7,11,13,23,37,41,43,47,59",
828124,2,"2,5,11,29,53,59",2^2 * 5^6 * 11^2 * 29^1 * 53^1 * 59^1,0,"3,7,13,17,19,23,31,37,41,43,47",
833000,2,"2,3,5,7,13,17,31,53",2^3 * 3^1 * 5^3 * 7^2 * 13^2 * 17^1 * 31^1 * 53^1,0,"11,19,23,29,37,41,43,47,59",
834272,2,"2,3,11,29,31,53",2^5 * 3^3 * 11^1 * 29^2 * 31^1 * 53^2,0,"5,7,13,17,19,23,37,41,43,47,59",
837199,2,"2,5,7,11,13,17,23,37",2^4 * 5^2 * 7^1 * 11^3 * 13^1 * 17^1 * 23^1 * 37^1,0,"3,19,29,31,41,43,47,53,59",
850135,2,"2,5,7,11,13,17,19,29,41,47",2^3 * 5^1 * 7^1 * 11^1 * 13^1 * 17^1 * 19^1 * 29^1 * 41^1 * 47^1,0,"3,23,31,37,43,53,59",
852345,2,"2,3,5,11,13,17,31,43,47,53",2^1 * 3^2 * 5^1 * 11^1 * 13^1 * 17^1 * 31^1 * 43^1 * 47^1 * 53^1,0,"7,19,23,29,37,41,59",
852929,2,"2,3,5,7,11,13,19,53",2^1 * 3^8 * 5^1 * 7^1 * 11^2 * 13^1 * 19^1 * 53^1,0,"17,23,29,31,37,41,43,47,59",
862575,2,"2,3,5,7,11,13,29,31,53",2^4 * 3^1 * 5^2 * 7^1 * 11^1 * 13^2 * 29^1 * 31^1 * 53^1,0,"17,19,23,37,41,43,47,59",
863939,2,"2,3,5,7,11,17,29,31",2^2 * 3^1 * 5^1 * 7^1 * 11^2 * 17^1 * 29^1 * 31^3,0,"13,19,23,37,41,43,47,53,59",
864800,2,"2,3,5,7,23,37,47,53",2^5 * 3^2 * 5^2 * 7^2 * 23^1 * 37^1 * 47^1 * 53^1,0,"11,13,17,19,29,31,41,43,59",
866761,2,"2,7,13,17,19,37,53",2^1 * 7^4 * 13^1 * 17^1 * 19^2 * 37^1 * 53^1,0,"3,5,11,23,29,31,41,43,47,59",
867008,2,"2,3,11,13,19,23,31,43,47",2^6 * 3^1 * 11^1 * 13^1 * 19^1 * 23^1 * 31^1 * 43^1 * 47^1,0,"5,7,17,29,37,41,53,59",
879749,2,"2,3,5,13,17,23,31,37,59",2^1 * 3^2 * 5^3 * 13^1 * 17^1 * 23^1 * 31^1 * 37^1 * 59^1,0,"7,11,19,29,41,43,47,53",
886445,2,"2,3,5,7,11,19,31,37,43",2^1 * 3^2 * 5^1 * 7^1 * 11^3 * 19^1 * 31^1 * 37^1 * 43^1,0,"13,17,23,29,41,47,53,59",
887777,2,"2,3,11,23,29,31,37,43",2^1 * 3^2 * 11^3 * 23^1 * 29^1 * 31^1 * 37^1 * 43^1,0,"5,7,13,17,19,41,47,53,59",
891135,2,"2,3,5,7,23,41,59",2^8 * 3^3 * 5^1 * 7^1 * 23^1 * 41^1 * 59^2,0,"11,13,17,19,29,31,37,43,47,53",
893024,2,"2,3,5,7,11,43,59",2^5 * 3^6 * 5^2 * 7^2 * 11^1 * 43^1 * 59^1,0,"13,17,19,23,29,31,37,41,47,53",
912950,2,"2,3,5,13,17,19,31",2^1 * 3^5 * 5^2 * 13^1 * 17^2 * 19^1 * 31^2,0,"7,11,23,29,37,41,43,47,53,59",
919125,2,"2,3,5,13,19,23,29,43,53",2^1 * 3^2 * 5^3 * 13^1 * 19^1 * 23^1 * 29^1 * 43^1 * 53^1,0,"7,11,17,31,37,41,47,59",
923520,2,"2,3,5,13,31,37",2^7 * 3^1 * 5^1 * 13^1 * 31^4 * 37^1,0,"7,11,17,19,23,29,41,43,47,53,59",
924160,2,"2,5,7,19,47,53",2^9 * 5^1 * 7^1 * 19^2 * 47^1 * 53^2,0,"3,11,13,17,23,29,31,37,41,43,59",
925100,2,"2,3,5,11,29,47",2^2 * 3^9 * 5^2 * 11^1 * 29^2 * 47^1,0,"7,13,17,19,23,31,37,41,43,53,59",
928719,2,"2,3,5,11,13,19,47,53,59",2^4 * 3^3 * 5^1 * 11^1 * 13^1 * 19^1 * 47^1 * 53^1 * 59^1,0,"7,17,23,29,31,37,41,43",
942760,2,"2,5,7,13,19,29,37,59",2^3 * 5^1 * 7^2 * 13^1 * 19^1 * 29^2 * 37^1 * 59^1,0,"3,11,17,23,31,41,43,47,53",
945828,2,"2,3,13,17,23,41,43,47,59",2^2 * 3^2 * 13^1 * 17^1 * 23^1 * 41^1 * 43^1 * 47^1 * 59^1,0,"5,7,11,19,29,31,37,53",
947375,2,"2,3,5,11,13,17,43,53",2^4 * 3^4 * 5^3 * 11^1 * 13^1 * 17^1 * 43^1 * 53^1,0,"7,19,23,29,31,37,41,47,59",
949025,2,"2,3,5,7,11,13,17,23,29",2^1 * 3^1 * 5^2 * 7^1 * 11^1 * 13^1 * 17^1 * 23^3 * 29^1,0,"19,31,37,41,43,47,53,59",
955695,2,"2,3,5,7,13,23,29,53",2^4 * 3^1 * 5^1 * 7^2 * 13^3 * 23^1 * 29^1 * 53^1,0,"11,17,19,31,37,41,43,47,59",
956448,2,"2,3,13,29,41,43,59",2^5 * 3^6 * 13^1 * 29^1 * 41^1 * 43^1 * 59^1,0,"5,7,11,17,19,23,31,37,47,53",
956449,2,"2,5,11,13,29,37,43,47,59",2^1 * 5^2 * 11^1 * 13^1 * 29^1 * 37^1 * 43^1 * 47^1 * 59^1,0,"3,7,17,19,23,31,41,53",
968575,2,"2,5,7,17,23,43,47,53",2^7 * 5^2 * 7^1 * 17^1 * 23^1 * 43^1 * 47^1 * 53^1,0,"3,11,13,19,29,31,37,41,59",
974168,2,"2,3,7,13,17,19,29,47",2^3 * 3^2 * 7^2 * 13^1 * 17^1 * 19^1 * 29^1 * 47^2,0,"5,11,23,31,37,41,43,53,59",
976096,2,"2,11,23,31,37,47,59",2^5 * 11^1 * 23^1 * 31^1 * 37^2 * 47^1 * 59^1,0,"3,5,7,13,17,19,29,41,43,53",
976143,2,"2,3,7,13,19,23,43,47",2^4 * 3^1 * 7^1 * 13^2 * 19^2 * 23^1 * 43^1 * 47^1,0,"5,11,17,29,31,37,41,53,59",
978120,2,"2,3,5,11,13,19,23,43",2^3 * 3^2 * 5^1 * 11^1 * 13^1 * 19^1 * 23^2 * 43^2,0,"7,17,29,31,37,41,47,53,59",
979754,2,"2,3,5,7,19,23,31,43,59",2^1 * 3^1 * 5^1 * 7^2 * 19^2 * 23^1 * 31^1 * 43^1 * 59^1,0,"11,13,17,29,37,41,47,53",
981824,2,"2,3,5,13,19,23,29,53",2^6 * 3^1 * 5^2 * 13^1 * 19^1 * 23^2 * 29^1 * 53^1,0,"7,11,17,31,37,41,43,47,59",
986271,2,"2,3,7,11,13,17,19,37",2^5 * 3^1 * 7^2 * 11^3 * 13^1 * 17^1 * 19^1 * 37^1,0,"5,23,29,31,41,43,47,53,59",
994014,2,"2,3,5,7,11,23,31,53",2^1 * 3^2 * 5^1 * 7^4 * 11^2 * 23^1 * 31^1 * 53^1,0,"13,17,19,29,37,41,43,47,59",
997100,2,"2,3,5,7,13,17,19,59",2^2 * 3^2 * 5^2 * 7^3 * 13^2 * 17^1 * 19^1 * 59^1,0,"11,23,29,31,37,41,43,47,53",
999999,2,"2,3,5,7,11,13,37",2^6 * 3^3 * 5^6 * 7^1 * 11^1 * 13^1 * 37^1,0,"17,19,23,29,31,41,43,47,53,59",
1001052,2,"2,3,13,19,23,31,47,59",2^2 * 3^3 * 13^1 * 19^2 * 23^1 * 31^1 * 47^1 * 59^1,0,"5,7,11,17,29,37,41,43,53",
1008272,2,"2,3,7,19,29,41,53",2^4 * 3^1 * 7^2 * 19^3 * 29^1 * 41^1 * 53^1,0,"5,11,13,17,23,31,37,43,47,59",
1011839,2,"2,3,5,17,23,29,31,37,41",2^7 * 3^1 * 5^1 * 17^1 * 23^1 * 29^1 * 31^1 * 37^1 * 41^1,0,"7,11,13,19,43,47,53,59",
1031744,2,"2,3,5,7,11,13,37,47",2^6 * 3^1 * 5^1 * 7^3 * 11^1 * 13^2 * 37^1 * 47^1,0,"17,19,23,29,31,41,43,53,59",
1043119,2,"2,5,7,11,13,17,19,23,31,59",2^4 * 5^1 * 7^1 * 11^1 * 13^1 * 17^1 * 19^1 * 23^1 * 31^1 * 59^1,0,"3,29,37,41,43,47,53",
1048575,2,"2,3,5,11,31,41",2^20 * 3^1 * 5^2 * 11^1 * 31^1 * 41^1,0,"7,13,17,19,23,29,37,43,47,53,59",
1050624,2,"2,3,5,19,41",2^11 * 3^3 * 5^4 * 19^1 * 41^2,0,"7,11,13,17,23,29,31,37,43,47,53,59",
1053975,2,"2,3,5,7,11,13,23,29,47,59",2^3 * 3^1 * 5^2 * 7^1 * 11^1 * 13^1 * 23^1 * 29^1 * 47^1 * 59^1,0,"17,19,31,37,41,43,53",
1055240,2,"2,3,5,11,17,19,23,31,37",2^3 * 3^3 * 5^1 * 11^2 * 17^1 * 19^1 * 23^1 * 31^1 * 37^1,0,"7,13,29,41,43,47,53,59",
1056159,2,"2,3,5,7,13,17,23,41,59",2^5 * 3^4 * 5^1 * 7^1 * 13^1 * 17^1 * 23^1 * 41^1 * 59^1,0,"11,19,29,31,37,43,47,53",
1057349,2,"2,3,5,7,17,19,37,41,53",2^1 * 3^1 * 5^2 * 7^1 * 17^1 * 19^1 * 37^1 * 41^2 * 53^1,0,"11,13,23,29,31,43,47,59",
1069375,2,"2,5,7,11,29,31,59",2^6 * 5^4 * 7^2 * 11^1 * 29^1 * 31^1 * 59^1,0,"3,13,17,19,23,37,41,43,47,53",
1071224,2,"2,3,5,7,11,23,37,47",2^3 * 3^4 * 5^2 * 7^1 * 11^1 * 23^2 * 37^1 * 47^1,0,"13,17,19,29,31,41,43,53,59",
1082564,2,"2,3,5,7,11,23,41",2^2 * 3^9 * 5^1 * 7^1 * 11^1 * 23^1 * 41^2,0,"13,17,19,29,31,37,43,47,53,59",
1096199,2,"2,3,5,7,13,29,37,43,53",2^3 * 3^3 * 5^2 * 7^1 * 13^1 * 29^1 * 37^1 * 43^1 * 53^1,0,"11,17,19,23,31,41,47,59",
1103724,2,"2,3,5,7,17,23,31,43,53",2^2 * 3^2 * 5^2 * 7^2 * 17^1 * 23^1 * 31^1 * 43^1 * 53^1,0,"11,13,19,29,37,41,47,59",
1104375,2,"2,3,5,7,13,19,31,37,41",2^3 * 3^1 * 5^4 * 7^1 * 13^1 * 19^1 * 31^1 * 37^1 * 41^1,0,"11,17,23,29,43,47,53,59",
1106958,2,"2,3,7,19,29,41,53,59",2^1 * 3^1 * 7^2 * 19^1 * 29^1 * 41^1 * 53^1 * 59^2,0,"5,11,13,17,23,31,37,43,47",
1114112,2,"2,3,7,11,13,17,53",2^16 * 3^1 * 7^2 * 11^1 * 13^1 * 17^1 * 53^1,0,"5,19,23,29,31,37,41,43,47,59",
1114749,2,"2,3,5,7,13,19,41,53",2^1 * 3^3 * 5^3 * 7^3 * 13^1 * 19^1 * 41^1 * 53^1,0,"11,17,23,29,31,37,43,47,59",
1143284,2,"2,3,5,11,13,17,23,41,43",2^2 * 3^1 * 5^1 * 11^1 * 13^2 * 17^2 * 23^1 * 41^1 * 43^1,0,"7,19,29,31,37,47,53,59",
1147124,2,"2,3,5,7,11,19,23,29,31",2^2 * 3^1 * 5^3 * 7^1 * 11^1 * 19^1 * 23^1 * 29^2 * 31^1,0,"13,17,37,41,43,47,53,59",
1152920,2,"2,3,5,7,11,19,23,31,37,41",2^3 * 3^1 * 5^1 * 7^2 * 11^1 * 19^1 * 23^1 * 31^1 * 37^1 * 41^1,0,"13,17,29,43,47,53,59",
1154439,2,"2,3,5,7,11,13,19,23,31",2^3 * 3^3 * 5^1 * 7^2 * 11^1 * 13^2 * 19^1 * 23^1 * 31^1,0,"17,29,37,41,43,47,53,59",
1163799,2,"2,3,5,7,11,13,23,29",2^3 * 3^2 * 5^2 * 7^3 * 11^1 * 13^1 * 23^2 * 29^1,0,"17,19,31,37,41,43,47,53,59",
1187144,2,"2,3,5,7,17,23,29,31,37,43",2^3 * 3^2 * 5^1 * 7^1 * 17^1 * 23^1 * 29^1 * 31^1 * 37^1 * 43^1,0,"11,13,19,41,47,53,59",
1193983,2,"2,7,11,53,59",2^11 * 7^3 * 11^1 * 53^1 * 59^2,0,"3,5,13,17,19,23,29,31,37,41,43,47",
1200000,2,"2,3,5,11,43,59",2^7 * 3^1 * 5^5 * 11^1 * 43^2 * 59^1,0,"7,13,17,19,23,29,31,37,41,47,53",
1205644,2,"2,5,7,11,19,37,47,53",2^2 * 5^1 * 7^3 * 11^2 * 19^1 * 37^1 * 47^1 * 53^1,0,"3,13,17,23,29,31,41,43,59",
1205645,2,"2,3,5,7,13,19,29,37,41",2^1 * 3^1 * 5^1 * 7^3 * 13^2 * 19^1 * 29^1 * 37^1 * 41^1,0,"11,17,23,31,43,47,53,59",
1212083,2,"2,3,17,29,37,41,43,47",2^2 * 3^5 * 17^1 * 29^1 * 37^1 * 41^1 * 43^1 * 47^1,0,"5,7,11,13,19,23,31,53,59",
1213681,2,"2,7,17,19,31,41,47",2^1 * 7^2 * 17^1 * 19^2 * 31^1 * 41^2 * 47^1,0,"3,5,11,13,23,29,37,43,53,59",
1217159,2,"2,3,5,7,19,23,29,47",2^3 * 3^3 * 5^1 * 7^2 * 19^1 * 23^1 * 29^1 * 47^2,0,"11,13,17,31,37,41,43,53,59",
1225784,2,"2,3,5,7,11,17,19,23,53,59",2^3 * 3^1 * 5^1 * 7^2 * 11^1 * 17^1 * 19^1 * 23^1 * 53^1 * 59^1,0,"13,29,31,37,41,43,47",
1228122,2,"2,3,7,13,19,43",2^1 * 3^5 * 7^1 * 13^4 * 19^2 * 43^1,0,"5,11,17,23,29,31,37,41,47,53,59",
1233024,2,"2,3,5,13,19,31,37,43",2^7 * 3^1 * 5^2 * 13^2 * 19^1 * 31^1 * 37^1 * 43^1,0,"7,11,17,23,29,41,47,53,59",
1233099,2,"2,3,5,7,11,19,23,37,59",2^2 * 3^2 * 5^2 * 7^1 * 11^1 * 19^1 * 23^2 * 37^1 * 59^1,0,"13,17,29,31,41,43,47,53",
1233468,2,"2,3,17,37,47,53",2^2 * 3^8 * 17^1 * 37^2 * 47^1 * 53^1,0,"5,7,11,13,19,23,29,31,41,43,59",
1235168,2,"2,3,11,13,17,23,29",2^5 * 3^5 * 11^3 * 13^1 * 17^1 * 23^1 * 29^1,0,"5,7,19,31,37,41,43,47,53,59",
1235535,2,"2,3,5,7,31,41,47,53",2^4 * 3^1 * 5^1 * 7^2 * 31^1 * 41^2 * 47^1 * 53^1,0,"11,13,17,19,23,29,37,43,59",
1241316,2,"2,3,7,11,29,41,47",2^2 * 3^2 * 7^4 * 11^1 * 29^2 * 41^1 * 47^1,0,"5,13,17,19,23,31,37,43,53,59",
1243839,2,"2,3,5,13,17,23,29",2^6 * 3^1 * 5^1 * 13^2 * 17^1 * 23^1 * 29^3,0,"7,11,19,31,37,41,43,47,53,59",
1255040,2,"2,3,5,23,37,43,47,53",2^7 * 3^3 * 5^1 * 23^1 * 37^1 * 43^1 * 47^1 * 53^1,0,"7,11,13,17,19,29,31,41,59",
1255500,2,"2,3,5,13,17,19,23,31",2^2 * 3^4 * 5^3 * 13^2 * 17^1 * 19^1 * 23^1 * 31^1,0,"7,11,29,37,41,43,47,53,59",
1256640,2,"2,3,5,7,11,17,19,59",2^6 * 3^1 * 5^1 * 7^1 * 11^1 * 17^1 * 19^2 * 59^2,0,"13,23,29,31,37,41,43,47,53",
1269359,2,"2,3,5,7,13,29,37,41,43",2^4 * 3^2 * 5^1 * 7^1 * 13^2 * 29^1 * 37^1 * 41^1 * 43^1,0,"11,17,19,23,31,47,53,59",
1273418,2,"2,3,7,17,19,23,29,31,41,47",2^1 * 3^2 * 7^1 * 17^1 * 19^1 * 23^1 * 29^1 * 31^1 * 41^1 * 47^1,0,"5,11,13,37,43,53,59",
1294299,2,"2,3,5,7,19,29,43",2^2 * 3^4 * 5^2 * 7^1 * 19^1 * 29^2 * 43^2,0,"11,13,17,23,31,37,41,47,53,59",
1294370,2,"2,3,5,7,11,13,23,37,41",2^1 * 3^2 * 5^1 * 7^1 * 11^1 * 13^2 * 23^1 * 37^1 * 41^2,0,"17,19,29,31,43,47,53,59",
1302651,2,"2,3,7,13,23,29,31,41,47",2^2 * 3^2 * 7^1 * 13^2 * 23^1 * 29^1 * 31^1 * 41^1 * 47^1,0,"5,11,17,19,37,43,53,59",
1319625,2,"2,3,5,7,11,17,19,23,41",2^1 * 3^3 * 5^3 * 7^1 * 11^2 * 17^1 * 19^1 * 23^1 * 41^1,0,"13,29,31,37,43,47,53,59",
1324224,2,"2,3,5,7,11,19,23,47",2^6 * 3^2 * 5^2 * 7^2 * 11^2 * 19^1 * 23^1 * 47^1,0,"13,17,29,31,37,41,43,53,59",
1331967,2,"2,3,7,11,13,17,41,43",2^8 * 3^1 * 7^2 * 11^2 * 13^1 * 17^1 * 41^1 * 43^1,0,"5,19,23,29,31,37,47,53,59",
1341249,2,"2,3,5,7,13,17,29,37",2^1 * 3^1 * 5^4 * 7^1 * 13^1 * 17^3 * 29^1 * 37^1,0,"11,19,23,31,41,43,47,53,59",
1344717,2,"2,3,11,17,23,31,41,47",2^1 * 3^2 * 11^1 * 17^2 * 23^2 * 31^1 * 41^1 * 47^1,0,"5,7,13,19,29,37,43,53,59",
1359897,2,"2,3,7,11,17,23,29,37,47",2^1 * 3^1 * 7^2 * 11^1 * 17^1 * 23^1 * 29^2 * 37^1 * 47^1,0,"5,13,19,31,41,43,53,59",
1362635,2,"2,3,5,11,17,23,31,37,41",2^2 * 3^3 * 5^1 * 11^1 * 17^2 * 23^1 * 31^1 * 37^1 * 41^1,0,"7,13,19,29,43,47,53,59",
1370109,2,"2,3,5,7,13,19,23,37,43",2^1 * 3^1 * 5^1 * 7^1 * 13^1 * 19^1 * 23^2 * 37^1 * 43^2,0,"11,17,29,31,41,47,53,59",
1402874,2,"2,3,5,11,17,29,31,43",2^1 * 3^2 * 5^3 * 11^3 * 17^1 * 29^1 * 31^1 * 43^1,0,"7,13,19,23,37,41,47,53,59",
1413720,2,"2,3,5,7,11,17,29,41",2^3 * 3^3 * 5^1 * 7^1 * 11^1 * 17^1 * 29^2 * 41^2,0,"13,19,23,31,37,43,47,53,59",
1422784,2,"2,5,7,11,13,43,47,53,59",2^6 * 5^1 * 7^1 * 11^1 * 13^1 * 43^1 * 47^1 * 53^1 * 59^1,0,"3,17,19,23,29,31,37,41",
1437500,2,"2,3,5,13,23,29,31,41",2^2 * 3^1 * 5^6 * 13^1 * 23^1 * 29^1 * 31^1 * 41^1,0,"7,11,17,19,37,43,47,53,59",
1442925,2,"2,3,5,11,17,31,37,53",2^1 * 3^2 * 5^2 * 11^2 * 17^1 * 31^1 * 37^2 * 53^1,0,"7,13,19,23,29,41,43,47,59",
1449216,2,"2,3,7,11,17,29,37,59",2^8 * 3^2 * 7^1 * 11^2 * 17^1 * 29^1 * 37^1 * 59^1,0,"5,13,19,23,31,41,43,47,53",
1459161,2,"2,3,11,17,19,43,47",2^1 * 3^3 * 11^1 * 17^3 * 19^2 * 43^1 * 47^1,0,"5,7,13,23,29,31,37,41,53,59",
1460150,2,"2,3,5,7,11,19,29,43,53",2^1 * 3^2 * 5^2 * 7^3 * 11^1 * 19^1 * 29^1 * 43^1 * 53^1,0,"13,17,23,31,37,41,47,59",
1462499,2,"2,3,5,13,29,37,47",2^2 * 3^2 * 5^5 * 13^1 * 29^2 * 37^1 * 47^1,0,"7,11,17,19,23,31,41,43,53,59",
1472499,2,"2,3,5,7,19,31,53",2^2 * 3^4 * 5^4 * 7^3 * 19^1 * 31^1 * 53^1,0,"11,13,17,23,29,37,41,43,47,59",
1492050,2,"2,3,5,7,11,19,29,59",2^1 * 3^1 * 5^2 * 7^3 * 11^3 * 19^1 * 29^1 * 59^1,0,"13,17,23,31,37,41,43,47,53",
1502199,2,"2,3,5,7,23,29,37,41,59",2^3 * 3^3 * 5^2 * 7^1 * 23^1 * 29^1 * 37^1 * 41^1 * 59^1,0,"11,13,17,19,31,43,47,53",
1510784,2,"2,3,5,11,19,29,31,37",2^7 * 3^3 * 5^1 * 11^1 * 19^2 * 29^1 * 31^1 * 37^1,0,"7,13,17,23,41,43,47,53,59",
1515482,2,"2,3,17,29,37,41,53",2^1 * 3^3 * 17^1 * 29^2 * 37^2 * 41^1 * 53^1,0,"5,7,11,13,19,23,31,43,47,59",
1515591,2,"2,3,7,11,13,19,59",2^3 * 3^9 * 7^1 * 11^1 * 13^2 * 19^1 * 59^1,0,"5,17,23,29,31,37,41,43,47,53",
1518803,2,"2,3,7,11,13,19,41,43",2^2 * 3^3 * 7^3 * 11^1 * 13^2 * 19^1 * 41^1 * 43^1,0,"5,17,23,29,31,37,47,53,59",
1536639,2,"2,3,5,7,13,31,41",2^7 * 3^1 * 5^1 * 7^4 * 13^1 * 31^2 * 41^1,0,"11,17,19,23,29,37,43,47,53,59",
1556479,2,"2,5,19,23,31,37,59",2^14 * 5^1 * 19^1 * 23^1 * 31^1 * 37^1 * 59^1,0,"3,7,11,13,17,29,41,43,47,53",
1572350,2,"2,3,5,11,13,29,31,41,53,59",2^1 * 3^1 * 5^2 * 11^1 * 13^1 * 29^1 * 31^1 * 41^1 * 53^1 * 59^1,0,"7,17,19,23,37,43,47",
1594175,2,"2,3,5,11,17,19,23,31",2^6 * 3^1 * 5^2 * 11^2 * 17^1 * 19^2 * 23^1 * 31^1,0,"7,13,29,37,41,43,47,53,59",
1600312,2,"2,7,11,13,17,19,31,41",2^3 * 7^1 * 11^1 * 13^1 * 17^1 * 19^2 * 31^1 * 41^2,0,"3,5,23,29,37,43,47,53,59",
1608574,2,"2,5,11,17,23,37,47",2^1 * 5^2 * 11^2 * 17^2 * 23^1 * 37^2 * 47^1,0,"3,7,13,19,29,31,41,43,53,59",
1613472,2,"2,3,7,23,29,41,59",2^5 * 3^1 * 7^5 * 23^1 * 29^1 * 41^1 * 59^1,0,"5,11,13,17,19,31,37,43,47,53",
1625624,2,"2,3,5,7,11,13,17,29",2^3 * 3^2 * 5^4 * 7^2 * 11^1 * 13^1 * 17^2 * 29^1,0,"19,23,31,37,41,43,47,53,59",
1634660,2,"2,3,5,7,31,37,47",2^2 * 3^5 * 5^1 * 7^1 * 31^2 * 37^1 * 47^2,0,"11,13,17,19,23,29,41,43,53,59",
1643355,2,"2,3,5,7,11,13,17,37,47",2^2 * 3^3 * 5^1 * 7^1 * 11^1 * 13^3 * 17^1 * 37^1 * 47^1,0,"19,23,29,31,41,43,53,59",
1649200,2,"2,5,7,19,29,31,37,53",2^4 * 5^2 * 7^1 * 19^1 * 29^2 * 31^1 * 37^1 * 53^1,0,"3,11,13,17,23,41,43,47,59",
1652144,2,"2,3,5,11,13,17,19,31,47",2^4 * 3^1 * 5^1 * 11^1 * 13^3 * 17^1 * 19^1 * 31^1 * 47^1,0,"7,23,29,37,41,43,53,59",
1660967,2,"2,3,7,11,17,23,37,53,59",2^3 * 3^2 * 7^1 * 11^2 * 17^1 * 23^1 * 37^1 * 53^1 * 59^1,0,"5,13,19,29,31,41,43,47",
1682680,2,"2,5,7,11,13,23,31,41,59",2^3 * 5^1 * 7^1 * 11^1 * 13^1 * 23^1 * 31^1 * 41^2 * 59^1,0,"3,17,19,29,37,43,47,53",
1688049,2,"2,3,5,7,11,13,17,53,59",2^1 * 3^2 * 5^2 * 7^2 * 11^1 * 13^1 * 17^2 * 53^1 * 59^1,0,"19,23,29,31,37,41,43,47",
1691018,2,"2,3,7,11,19,29,31,43,53",2^1 * 3^2 * 7^1 * 11^1 * 19^1 * 29^1 * 31^1 * 43^1 * 53^2,0,"5,13,17,23,37,41,47,59",
1694303,2,"2,3,13,37,47,53,59",2^5 * 3^3 * 13^1 * 37^1 * 47^2 * 53^1 * 59^1,0,"5,7,11,17,19,23,29,31,41,43",
1702799,2,"2,3,5,7,11,19,31,43,59",2^4 * 3^2 * 5^2 * 7^2 * 11^1 * 19^1 * 31^1 * 43^1 * 59^1,0,"13,17,23,29,37,41,47,53",
1708992,2,"2,3,11,13,17,19,23,37,43",2^6 * 3^3 * 11^1 * 13^1 * 17^1 * 19^1 * 23^1 * 37^1 * 43^1,0,"5,7,29,31,41,47,53,59",
1729749,2,"2,3,5,7,11,17,37,41",2^1 * 3^1 * 5^3 * 7^3 * 11^1 * 17^1 * 37^1 * 41^2,0,"13,19,23,29,31,43,47,53,59",
1739999,2,"2,3,5,29,31,37,41",2^5 * 3^1 * 5^4 * 29^1 * 31^1 * 37^2 * 41^1,0,"7,11,13,17,19,23,43,47,53,59",
1753244,2,"2,3,5,13,17,19,23,37,59",2^2 * 3^6 * 5^1 * 13^1 * 17^1 * 19^1 * 23^1 * 37^1 * 59^1,0,"7,11,29,31,41,43,47,53",
1763124,2,"2,3,5,7,11,13,19,31,37",2^2 * 3^1 * 5^4 * 7^1 * 11^1 * 13^1 * 19^2 * 31^1 * 37^1,0,"17,23,29,41,43,47,53,59",
1766400,2,"2,3,5,7,13,23,47,59",2^10 * 3^1 * 5^2 * 7^2 * 13^1 * 23^1 * 47^1 * 59^1,0,"11,17,19,29,31,37,41,43,53",
1770782,2,"2,3,7,13,31,37,43,53",2^1 * 3^1 * 7^1 * 13^4 * 31^1 * 37^1 * 43^1 * 53^1,0,"5,11,17,19,23,29,41,47,59",
1771560,2,"2,3,5,7,11,19,37",2^3 * 3^2 * 5^1 * 7^1 * 11^6 * 19^1 * 37^1,0,"13,17,23,29,31,41,43,47,53,59",
1774223,2,"2,3,11,31,37,43",2^4 * 3^4 * 11^3 * 31^1 * 37^2 * 43^1,0,"5,7,13,17,19,23,29,41,47,53,59",
1776888,2,"2,3,23,29,31,37,43",2^3 * 3^2 * 23^1 * 29^1 * 31^2 * 37^1 * 43^2,0,"5,7,11,13,17,19,41,47,53,59",
1779440,2,"2,3,5,13,17,23,29,37,41,59",2^4 * 3^1 * 5^1 * 13^1 * 17^1 * 23^1 * 29^1 * 37^1 * 41^1 * 59^1,0,"7,11,19,31,43,47,53",
1788584,2,"2,3,5,7,19,41,43,47,59",2^3 * 3^1 * 5^1 * 7^1 * 19^1 * 41^2 * 43^1 * 47^1 * 59^1,0,"11,13,17,23,29,31,37,53",
1794897,2,"2,3,7,13,23,29,41,53,59",2^1 * 3^2 * 7^1 * 13^1 * 23^2 * 29^1 * 41^1 * 53^1 * 59^1,0,"5,11,17,19,31,37,43,47",
1815515,2,"2,3,5,13,17,29,31,37,47,53",2^2 * 3^2 * 5^1 * 13^1 * 17^1 * 29^1 * 31^1 * 37^1 * 47^1 * 53^1,0,"7,11,19,23,41,43,59",
1818242,2,"2,3,7,19,23,29,31,47",2^1 * 3^2 * 7^3 * 19^1 * 23^1 * 29^2 * 31^1 * 47^1,0,"5,11,13,17,37,41,43,53,59",
1820104,2,"2,5,7,11,13,17,19,23,37,43",2^3 * 5^1 * 7^2 * 11^1 * 13^1 * 17^1 * 19^1 * 23^1 * 37^1 * 43^1,0,"3,29,31,41,47,53,59",
1821875,2,"2,3,5,7,11,23,41,53",2^2 * 3^1 * 5^5 * 7^1 * 11^1 * 23^2 * 41^1 * 53^1,0,"13,17,19,29,31,37,43,47,59",
1849000,2,"2,5,7,11,37,43,59",2^3 * 5^3 * 7^1 * 11^2 * 37^1 * 43^2 * 59^1,0,"3,13,17,19,23,29,31,41,47,53",
1852200,2,"2,3,5,7,13,17,29",2^3 * 3^3 * 5^2 * 7^3 * 13^1 * 17^3 * 29^1,0,"11,19,23,31,37,41,43,47,53,59",
1860495,2,"2,3,5,7,11,13,29,31,47",2^4 * 3^1 * 5^1 * 7^1 * 11^2 * 13^1 * 29^1 * 31^2 * 47^1,0,"17,19,23,37,41,43,53,59",
1893375,2,"2,3,5,11,17,43",2^10 * 3^4 * 5^3 * 11^1 * 17^1 * 43^2,0,"7,13,19,23,29,31,37,41,47,53,59",
1896128,2,"2,3,13,17,43,53",2^6 * 3^8 * 13^1 * 17^2 * 43^1 * 53^1,0,"5,7,11,19,23,29,31,37,41,47,59",
1916639,2,"2,3,5,11,29,43,53",2^5 * 3^2 * 5^1 * 11^3 * 29^2 * 43^1 * 53^1,0,"7,13,17,19,23,31,37,41,47,59",
1922960,2,"2,3,5,13,23,29,31,43",2^4 * 3^1 * 5^1 * 13^1 * 23^1 * 29^1 * 31^2 * 43^2,0,"7,11,17,19,37,41,47,53,59",
1938209,2,"2,3,5,7,13,19,23,53,59",2^1 * 3^1 * 5^1 * 7^1 * 13^1 * 19^2 * 23^1 * 53^2 * 59^1,0,"11,17,29,31,37,41,43,47",
1946720,2,"2,3,5,7,17,19,23,41",2^5 * 3^1 * 5^1 * 7^2 * 17^1 * 19^1 * 23^3 * 41^1,0,"11,13,29,31,37,43,47,53,59",
1951641,2,"2,3,7,11,19,23,29,41,43",2^1 * 3^3 * 7^1 * 11^1 * 19^1 * 23^1 * 29^1 * 41^2 * 43^1,0,"5,13,17,31,37,47,53,59",
1969065,2,"2,3,5,7,11,19,37,41,47,59",2^1 * 3^2 * 5^1 * 7^2 * 11^1 * 19^1 * 37^1 * 41^1 * 47^1 * 59^1,0,"13,17,23,29,31,43,53",
1973699,2,"2,3,5,7,13,17,23,41,43",2^2 * 3^3 * 5^2 * 7^1 * 13^1 * 17^1 * 23^2 * 41^1 * 43^1,0,"11,19,29,31,37,47,53,59",
1980874,2,"2,5,7,13,17,23,29,41,53",2^1 * 5^3 * 7^2 * 13^1 * 17^1 * 23^1 * 29^1 * 41^1 * 53^1,0,"3,11,19,31,37,43,47,59",
2001824,2,"2,3,5,7,11,31,41,47",2^5 * 3^2 * 5^2 * 7^1 * 11^3 * 31^1 * 41^1 * 47^1,0,"13,17,19,23,29,37,43,53,59",
2018979,2,"2,3,5,29,37,43,47,59",2^2 * 3^3 * 5^1 * 29^1 * 37^1 * 43^1 * 47^1 * 59^2,0,"7,11,13,17,19,23,31,41,53",
2023424,2,"2,3,5,13,17,19,23",2^13 * 3^2 * 5^2 * 13^1 * 17^1 * 19^1 * 23^2,0,"7,11,29,31,37,41,43,47,53,59",
2044055,2,"2,3,5,7,13,23,41,59",2^3 * 3^1 * 5^1 * 7^1 * 13^2 * 23^3 * 41^1 * 59^1,0,"11,17,19,29,31,37,43,47,53",
2055780,2,"2,3,5,7,13,19,29,41,47",2^2 * 3^7 * 5^1 * 7^1 * 13^1 * 19^1 * 29^1 * 41^1 * 47^1,0,"11,17,23,31,37,43,53,59",
2064615,2,"2,3,5,7,17,19,47,53",2^3 * 3^1 * 5^1 * 7^2 * 17^2 * 19^1 * 47^1 * 53^2,0,"11,13,23,29,31,37,41,43,59",
2067999,2,"2,3,5,11,17,23,41,43,47",2^5 * 3^1 * 5^3 * 11^1 * 17^1 * 23^1 * 41^1 * 43^1 * 47^1,0,"7,13,19,29,31,37,53,59",
2076255,2,"2,3,5,7,13,23,29,31,37,43",2^5 * 3^2 * 5^1 * 7^1 * 13^1 * 23^1 * 29^1 * 31^1 * 37^1 * 43^1,0,"11,17,19,41,47,53,59",
2085135,2,"2,3,5,13,17,19,37",2^4 * 3^1 * 5^1 * 13^1 * 17^2 * 19^4 * 37^1,0,"7,11,23,29,31,41,43,47,53,59",
2116448,2,"2,3,17,19,29,53,59",2^5 * 3^4 * 17^1 * 19^1 * 29^1 * 53^1 * 59^2,0,"5,7,11,13,23,31,37,41,43,47",
2121749,2,"2,3,5,7,19,23,41,43,53",2^1 * 3^2 * 5^3 * 7^2 * 19^1 * 23^1 * 41^1 * 43^1 * 53^1,0,"11,13,17,29,31,37,47,59",
2122848,2,"2,3,7,13,31,47",2^5 * 3^6 * 7^1 * 13^1 * 31^2 * 47^2,0,"5,11,17,19,23,29,37,41,43,53,59",
2162094,2,"2,3,5,11,13,17,29,31,37,41,47",2^1 * 3^1 * 5^1 * 11^1 * 13^1 * 17^1 * 29^1 * 31^1 * 37^1 * 41^1 * 47^1,0,"7,19,23,43,53,59",
2167424,2,"2,3,5,7,13,19,41,59",2^7 * 3^3 * 5^2 * 7^1 * 13^2 * 19^1 * 41^1 * 59^1,0,"11,17,23,29,31,37,43,47,53",
2185299,2,"2,3,5,13,17,23,41",2^2 * 3^5 * 5^2 * 13^1 * 17^1 * 23^2 * 41^2,0,"7,11,19,29,31,37,43,47,53,59",
2204534,2,"2,3,5,31,37,47,53,59",2^1 * 3^1 * 5^1 * 31^3 * 37^1 * 47^1 * 53^1 * 59^1,0,"7,11,13,17,19,23,29,41,43",
2205125,2,"2,3,5,7,11,13,23,37,43,59",2^1 * 3^2 * 5^3 * 7^1 * 11^1 * 13^1 * 23^1 * 37^1 * 43^1 * 59^1,0,"17,19,29,31,41,47,53",
2220777,2,"2,3,7,13,17,19,31,37,43",2^1 * 3^5 * 7^2 * 13^1 * 17^1 * 19^1 * 31^1 * 37^1 * 43^1,0,"5,11,23,29,41,47,53,59",
2267915,2,"2,3,5,7,13,19,23,29,37,41",2^2 * 3^1 * 5^1 * 7^3 * 13^1 * 19^1 * 23^1 * 29^1 * 37^1 * 41^1,0,"11,17,31,43,47,53,59",
2276351,2,"2,3,7,11,13,17,19,37,47",2^10 * 3^2 * 7^1 * 11^1 * 13^1 * 17^1 * 19^1 * 37^1 * 47^1,0,"5,23,29,31,41,43,53,59",
2285751,2,"2,3,7,13,17,29,43,47",2^3 * 3^1 * 7^5 * 13^1 * 17^1 * 29^1 * 43^1 * 47^1,0,"5,11,19,23,31,37,41,53,59",
2304323,2,"2,3,7,11,23,31,37,41",2^2 * 3^2 * 7^2 * 11^2 * 23^2 * 31^1 * 37^1 * 41^1,0,"5,13,17,19,29,43,47,53,59",
2307360,2,"2,3,5,7,11,19,23,31",2^5 * 3^1 * 5^1 * 7^4 * 11^1 * 19^1 * 23^1 * 31^2,0,"13,17,29,37,41,43,47,53,59",
2310399,2,"2,3,5,7,13,19,31",2^8 * 3^2 * 5^2 * 7^2 * 13^2 * 19^2 * 31^1,0,"11,17,23,29,37,41,43,47,53,59",
2345056,2,"2,7,11,13,19,23,29,31",2^5 * 7^1 * 11^1 * 13^1 * 19^2 * 23^2 * 29^1 * 31^1,0,"3,5,17,37,41,43,47,53,59",
2350079,2,"2,3,5,17,31,41,43",2^10 * 3^3 * 5^1 * 17^1 * 31^1 * 41^1 * 43^2,0,"7,11,13,19,23,29,37,47,53,59",
2351349,2,"2,3,5,7,11,13,29,31,37,41",2^1 * 3^4 * 5^2 * 7^1 * 11^1 * 13^1 * 29^1 * 31^1 * 37^1 * 41^1,0,"17,19,23,43,47,53,59",
2397680,2,"2,3,5,11,13,17,23,41,43",2^4 * 3^6 * 5^1 * 11^1 * 13^1 * 17^1 * 23^1 * 41^1 * 43^1,0,"7,19,29,31,37,47,53,59",
2398409,2,"2,3,5,7,13,47,53,59",2^1 * 3^6 * 5^1 * 7^1 * 13^1 * 47^1 * 53^1 * 59^2,0,"11,17,19,23,29,31,37,41,43",
2404259,2,"2,3,5,11,13,17,19,23,37,43",2^2 * 3^2 * 5^1 * 11^1 * 13^1 * 17^1 * 19^2 * 23^1 * 37^1 * 43^1,0,"7,29,31,41,47,53,59",
2417875,2,"2,5,17,23,29,31,37",2^2 * 5^3 * 17^1 * 23^1 * 29^2 * 31^2 * 37^1,0,"3,7,11,13,19,41,43,47,53,59",
2431330,2,"2,5,7,11,23,29,31,59",2^1 * 5^1 * 7^2 * 11^1 * 23^1 * 29^2 * 31^2 * 59^1,0,"3,13,17,19,37,41,43,47,53",
2468157,2,"2,3,7,11,19,31,43,47,53",2^1 * 3^1 * 7^1 * 11^2 * 19^2 * 31^1 * 43^1 * 47^1 * 53^1,0,"5,13,17,23,29,37,41,59",
2514875,2,"2,3,5,7,11,13,31,47,59",2^2 * 3^1 * 5^3 * 7^3 * 11^1 * 13^1 * 31^1 * 47^1 * 59^1,0,"17,19,23,29,37,41,43,53",
2547534,2,"2,3,5,11,17,29,41,43",2^1 * 3^1 * 5^1 * 11^4 * 17^2 * 29^1 * 41^1 * 43^1,0,"7,13,19,23,31,37,47,53,59",
2553275,2,"2,3,5,11,23,29,41,47,53",2^2 * 3^1 * 5^2 * 11^1 * 23^1 * 29^2 * 41^1 * 47^1 * 53^1,0,"7,13,17,19,31,37,43,59",
2554759,2,"2,5,13,17,19,43,53,59",2^3 * 5^1 * 13^1 * 17^3 * 19^1 * 43^1 * 53^1 * 59^1,0,"3,7,11,23,29,31,37,41,47",
2556800,2,"2,3,5,13,17,41,47",2^7 * 3^2 * 5^2 * 13^2 * 17^1 * 41^2 * 47^1,0,"7,11,19,23,29,31,37,43,53,59",
2560844,2,"2,3,5,7,11,13,29,37",2^2 * 3^1 * 5^1 * 7^1 * 11^3 * 13^1 * 29^3 * 37^1,0,"17,19,23,31,41,43,47,53,59",
2592512,2,"2,3,7,11,13,19,29,41,43",2^8 * 3^3 * 7^1 * 11^1 * 13^1 * 19^1 * 29^1 * 41^1 * 43^1,0,"5,17,23,31,37,47,53,59",
2598399,2,"2,3,5,7,17,29,37",2^9 * 3^5 * 5^2 * 7^1 * 17^2 * 29^1 * 37^1,0,"11,13,19,23,31,41,43,47,53,59",
2613247,2,"2,7,11,13,29,47",2^13 * 7^1 * 11^1 * 13^2 * 29^1 * 47^2,0,"3,5,17,19,23,31,37,41,43,53,59",
2697695,2,"2,3,5,7,11,13,17,19,29",2^5 * 3^2 * 5^1 * 7^3 * 11^2 * 13^1 * 17^1 * 19^1 * 29^1,0,"23,31,37,41,43,47,53,59",
2742497,2,"2,3,11,19,23,43,47,59",2^1 * 3^8 * 11^1 * 19^1 * 23^1 * 43^1 * 47^1 * 59^1,0,"5,7,13,17,29,31,37,41,53",
2756159,2,"2,3,5,7,11,17,19,23,29,53",2^6 * 3^3 * 5^1 * 7^1 * 11^1 * 17^1 * 19^1 * 23^1 * 29^1 * 53^1,0,"13,31,37,41,43,47,59",
2758535,2,"2,3,5,11,13,31,37,43",2^3 * 3^6 * 5^1 * 11^1 * 13^1 * 31^1 * 37^2 * 43^1,0,"7,17,19,23,29,41,47,53,59",
2766749,2,"2,3,5,7,17,31,37,43,47",2^1 * 3^1 * 5^3 * 7^1 * 17^1 * 31^1 * 37^2 * 43^1 * 47^1,0,"11,13,19,23,29,41,53,59",
2772224,2,"2,3,5,7,13,17,37",2^8 * 3^4 * 5^2 * 7^2 * 13^1 * 17^1 * 37^2,0,"11,19,23,29,31,41,43,47,53,59",
2804229,2,"2,3,5,11,13,19,23,31,37,53",2^1 * 3^2 * 5^1 * 11^1 * 13^1 * 19^1 * 23^2 * 31^1 * 37^1 * 53^1,0,"7,17,29,41,43,47,59",
2812887,2,"2,3,7,11,13,17,37,41,43",2^3 * 3^4 * 7^1 * 11^2 * 13^1 * 17^1 * 37^1 * 41^1 * 43^1,0,"5,19,23,29,31,47,53,59",
2821455,2,"2,3,5,7,11,13,17,23,41,53",2^4 * 3^2 * 5^1 * 7^1 * 11^1 * 13^2 * 17^1 * 23^1 * 41^1 * 53^1,0,"19,29,31,37,43,47,59",
2825760,2,"2,3,5,7,29,41",2^5 * 3^1 * 5^1 * 7^1 * 29^2 * 41^4,0,"11,13,17,19,23,31,37,43,47,53,59",
2829123,2,"2,3,11,17,29,41",2^2 * 3^2 * 11^1 * 17^1 * 29^4 * 41^2,0,"5,7,13,19,23,31,37,43,47,53,59",
2891648,2,"2,3,17,19,29,31,41,59",2^7 * 3^1 * 17^1 * 19^1 * 29^1 * 31^2 * 41^1 * 59^1,0,"5,7,11,13,23,37,43,47,53",
2893400,2,"2,3,5,7,17,23,37",2^3 * 3^10 * 5^2 * 7^2 * 17^1 * 23^1 * 37^1,0,"11,13,19,29,31,41,43,47,53,59",
2902800,2,"2,3,5,11,17,19,41,43,59",2^4 * 3^1 * 5^2 * 11^1 * 17^1 * 19^2 * 41^1 * 43^1 * 59^1,0,"7,13,23,29,31,37,47,53",
2926924,2,"2,5,7,11,13,17,43,47,53",2^2 * 5^2 * 7^1 * 11^1 * 13^1 * 17^1 * 43^1 * 47^2 * 53^1,0,"3,19,23,29,31,37,41,59",
2962700,2,"2,3,5,7,13,31,37,41,43,53",2^2 * 3^2 * 5^2 * 7^1 * 13^1 * 31^1 * 37^1 * 41^1 * 43^1 * 53^1,0,"11,17,19,23,29,47,59",
2988776,2,"2,3,7,11,19,41,47,53",2^3 * 3^1 * 7^1 * 11^1 * 19^1 * 41^1 * 47^2 * 53^2,0,"5,13,17,23,29,31,37,43,59",
3017024,2,"2,3,5,11,17,23,47,53,59",2^6 * 3^2 * 5^2 * 11^1 * 17^1 * 23^1 * 47^1 * 53^1 * 59^1,0,"7,13,19,29,31,37,41,43",
3031335,2,"2,3,5,7,11,19,31,37,41,53",2^3 * 3^2 * 5^1 * 7^2 * 11^1 * 19^1 * 31^1 * 37^1 * 41^1 * 53^1,0,"13,17,23,29,43,47,59",
3059000,2,"2,3,5,7,11,19,23,53",2^3 * 3^2 * 5^3 * 7^1 * 11^2 * 19^1 * 23^1 * 53^2,0,"13,17,29,31,37,41,43,47,59",
3063807,2,"2,3,11,17,19,23,41",2^14 * 3^2 * 11^1 * 17^1 * 19^2 * 23^1 * 41^1,0,"5,7,13,29,31,37,43,47,53,59",
3102449,2,"2,3,5,7,13,17,29,31,37,43",2^1 * 3^1 * 5^2 * 7^1 * 13^1 * 17^1 * 29^2 * 31^1 * 37^1 * 43^1,0,"11,19,23,41,47,53,59",
3107874,2,"2,3,5,7,11,23,31,47",2^1 * 3^1 * 5^3 * 7^2 * 11^1 * 23^2 * 31^2 * 47^1,0,"13,17,19,29,37,41,43,53,59",
3116399,2,"2,3,5,7,11,13,19,31,37,53",2^4 * 3^1 * 5^2 * 7^2 * 11^1 * 13^1 * 19^1 * 31^1 * 37^1 * 53^1,0,"17,23,29,41,43,47,59",
3156543,2,"2,3,13,17,23,31,37,43",2^6 * 3^3 * 13^1 * 17^1 * 23^2 * 31^1 * 37^1 * 43^1,0,"5,7,11,19,29,41,47,53,59",
3162159,2,"2,3,5,7,11,13,29,47",2^4 * 3^5 * 5^1 * 7^1 * 11^1 * 13^2 * 29^2 * 47^1,0,"17,19,23,31,37,41,43,53,59",
3188536,2,"2,11,13,17,23,31,43,59",2^3 * 11^1 * 13^1 * 17^3 * 23^1 * 31^1 * 43^1 * 59^1,0,"3,5,7,19,29,37,41,47,53",
3206268,2,"2,3,11,13,17,19,23,29,31",2^2 * 3^2 * 11^1 * 13^2 * 17^1 * 19^1 * 23^2 * 29^1 * 31^1,0,"5,7,37,41,43,47,53,59",
3213375,2,"2,3,5,11,19,23,37,41,59",2^6 * 3^1 * 5^3 * 11^1 * 19^1 * 23^1 * 37^1 * 41^1 * 59^1,0,"7,13,17,29,31,43,47,53",
3258024,2,"2,3,5,7,11,19,41,43",2^3 * 3^1 * 5^2 * 7^1 * 11^1 * 19^4 * 41^1 * 43^1,0,"13,17,23,29,31,37,47,53,59",
3276800,2,"2,3,5,11,17,59",2^17 * 3^3 * 5^2 * 11^2 * 17^1 * 59^1,0,"7,13,19,23,29,31,37,41,43,47,53",
3301375,2,"2,5,7,11,13,31",2^13 * 5^3 * 7^4 * 11^1 * 13^1 * 31^1,0,"3,17,19,23,29,37,41,43,47,53,59",
3331250,2,"2,3,5,7,11,13,19,23,41",2^1 * 3^2 * 5^5 * 7^1 * 11^2 * 13^1 * 19^1 * 23^1 * 41^1,0,"17,29,31,37,43,47,53,59",
3342975,2,"2,3,5,7,13,29,41,53",2^7 * 3^1 * 5^2 * 7^2 * 13^1 * 29^2 * 41^1 * 53^1,0,"11,17,19,23,31,37,43,47,59",
3346109,2,"2,3,5,13,17,19,23,31",2^1 * 3^9 * 5^1 * 13^1 * 17^1 * 19^2 * 23^1 * 31^1,0,"7,11,29,37,41,43,47,53,59",
3418800,2,"2,3,5,7,11,37,43",2^4 * 3^1 * 5^2 * 7^1 * 11^1 * 37^1 * 43^4,0,"13,17,19,23,29,31,41,47,53,59",
3430583,2,"2,3,13,17,19,29,31,43,53",2^3 * 3^2 * 13^1 * 17^1 * 19^2 * 29^1 * 31^1 * 43^1 * 53^1,0,"5,7,11,23,37,41,47,59",
3453839,2,"2,3,5,13,17,19,37,41",2^4 * 3^4 * 5^1 * 13^1 * 17^3 * 19^1 * 37^1 * 41^1,0,"7,11,23,29,31,43,47,53,59",
3520495,2,"2,5,7,11,17,23,43",2^4 * 5^1 * 7^1 * 11^3 * 17^1 * 23^2 * 43^2,0,"3,13,19,29,31,37,41,47,53,59",
3556995,2,"2,3,5,13,17,23,29,37,41",2^2 * 3^1 * 5^1 * 13^1 * 17^1 * 23^2 * 29^1 * 37^1 * 41^2,0,"7,11,19,31,43,47,53,59",
3560768,2,"2,3,17,23,37,41,59",2^6 * 3^2 * 17^2 * 23^1 * 37^2 * 41^1 * 59^1,0,"5,7,11,13,19,29,31,43,47,53",
3566549,2,"2,3,5,7,13,17,31,41,43,59",2^1 * 3^1 * 5^2 * 7^1 * 13^1 * 17^2 * 31^1 * 41^1 * 43^1 * 59^1,0,"11,19,23,29,37,47,53",
3578454,2,"2,3,5,11,23,29,31,37,53",2^1 * 3^2 * 5^1 * 11^2 * 23^1 * 29^2 * 31^1 * 37^1 * 53^1,0,"7,13,17,19,41,43,47,59",
3681839,2,"2,3,5,7,19,23,29,31,47",2^4 * 3^1 * 5^1 * 7^1 * 19^2 * 23^2 * 29^1 * 31^1 * 47^1,0,"11,13,17,37,41,43,53,59",
3683016,2,"2,3,13,17,19,31,37,59",2^3 * 3^3 * 13^2 * 17^2 * 19^1 * 31^1 * 37^1 * 59^1,0,"5,7,11,23,29,41,43,47,53",
3685175,2,"2,3,5,11,13,17,23,29,47",2^3 * 3^4 * 5^2 * 11^2 * 13^1 * 17^1 * 23^1 * 29^1 * 47^1,0,"7,19,31,37,41,43,53,59",
3699849,2,"2,3,5,7,11,23,29,31,43",2^1 * 3^1 * 5^2 * 7^1 * 11^1 * 23^1 * 29^1 * 31^2 * 43^2,0,"13,17,19,37,41,47,53,59",
3742375,2,"2,5,7,11,13,23,43,47",2^3 * 5^3 * 7^2 * 11^1 * 13^1 * 23^1 * 43^2 * 47^1,0,"3,17,19,29,31,37,41,53,59",
3757509,2,"2,3,5,7,17,23,31,47",2^1 * 3^5 * 5^1 * 7^1 * 17^1 * 23^1 * 31^2 * 47^2,0,"11,13,19,29,37,41,43,53,59",
3774407,2,"2,3,7,11,13,17,19,29,37,59",2^3 * 3^1 * 7^1 * 11^1 * 13^1 * 17^1 * 19^1 * 29^2 * 37^1 * 59^1,0,"5,23,31,41,43,47,53",
3832191,2,"2,3,7,11,13,17,23,47",2^7 * 3^4 * 7^2 * 11^2 * 13^1 * 17^1 * 23^1 * 47^1,0,"5,19,29,31,37,41,43,53,59",
3864575,2,"2,3,5,11,13,17,23,37,47",2^11 * 3^1 * 5^2 * 11^1 * 13^1 * 17^1 * 23^1 * 37^1 * 47^1,0,"7,19,29,31,41,43,53,59",
3894467,2,"2,3,19,29,31,41,43,47",2^2 * 3^1 * 19^2 * 29^1 * 31^1 * 41^1 * 43^1 * 47^2,0,"5,7,11,13,17,23,37,53,59",
3897165,2,"2,3,5,7,13,17,19,23,29,31",2^1 * 3^1 * 5^1 * 7^3 * 13^1 * 17^2 * 19^1 * 23^1 * 29^1 * 31^1,0,"11,37,41,43,47,53,59",
3912138,2,"2,3,7,11,19,23,31,41,47",2^1 * 3^4 * 7^1 * 11^1 * 19^1 * 23^1 * 31^1 * 41^1 * 47^2,0,"5,13,17,29,37,43,53,59",
3930399,2,"2,3,5,11,17,29,37",2^5 * 3^2 * 5^2 * 11^1 * 17^3 * 29^1 * 37^2,0,"7,13,19,23,31,41,43,47,53,59",
3939649,2,"2,5,7,11,13,19,29,37,41,53",2^1 * 5^2 * 7^2 * 11^1 * 13^1 * 19^1 * 29^1 * 37^1 * 41^1 * 53^1,0,"3,17,23,31,43,47,59",
3995000,2,"2,3,5,17,31,37,43,47",2^3 * 3^4 * 5^4 * 17^1 * 31^1 * 37^1 * 43^1 * 47^1,0,"7,11,13,19,23,29,41,53,59",
3995775,2,"2,3,5,7,19,31,43,53,59",2^7 * 3^2 * 5^2 * 7^1 * 19^1 * 31^1 * 43^1 * 53^1 * 59^1,0,"11,13,17,23,29,37,41,47",
4004000,2,"2,3,5,7,11,13,23,29",2^5 * 3^2 * 5^3 * 7^1 * 11^1 * 13^1 * 23^2 * 29^2,0,"17,19,31,37,41,43,47,53,59",
4020951,2,"2,3,11,13,19,23,41,53",2^3 * 3^1 * 11^3 * 13^1 * 19^1 * 23^1 * 41^2 * 53^1,0,"5,7,17,29,31,37,43,47,59",
4038254,2,"2,3,5,11,13,37,41,59",2^1 * 3^4 * 5^1 * 11^3 * 13^2 * 37^1 * 41^1 * 59^1,0,"7,17,19,23,29,31,43,47,53",
4060224,2,"2,3,5,7,13,19,31,53",2^6 * 3^2 * 5^2 * 7^1 * 13^2 * 19^1 * 31^2 * 53^1,0,"11,17,23,29,37,41,43,47,59",
4090624,2,"2,5,7,11,17,19,29",2^8 * 5^5 * 7^1 * 11^1 * 17^1 * 19^1 * 29^2,0,"3,13,23,31,37,41,43,47,53,59",
4092712,2,"2,13,23,29,31,47,53,59",2^3 * 13^1 * 23^1 * 29^1 * 31^1 * 47^1 * 53^2 * 59^1,0,"3,5,7,11,17,19,37,41,43",
4096575,2,"2,3,5,7,11,17,23",2^6 * 3^4 * 5^2 * 7^1 * 11^2 * 17^2 * 23^2,0,"13,19,29,31,37,41,43,47,53,59",
4243455,2,"2,3,5,7,17,37,43",2^14 * 3^3 * 5^1 * 7^1 * 17^1 * 37^1 * 43^2,0,"11,13,19,23,29,31,41,47,53,59",
4322044,2,"2,5,7,13,19,23,29,37,53,59",2^2 * 5^1 * 7^2 * 13^1 * 19^1 * 23^1 * 29^1 * 37^1 * 53^1 * 59^1,0,"3,11,17,31,41,43,47",
4323696,2,"2,3,7,13,19,29,41,59",2^4 * 3^1 * 7^1 * 13^3 * 19^2 * 29^1 * 41^1 * 59^1,0,"5,11,17,23,31,37,43,47,53",
4324375,2,"2,5,7,11,17,31,37,47,53",2^3 * 5^4 * 7^1 * 11^1 * 17^1 * 31^1 * 37^1 * 47^1 * 53^1,0,"3,13,19,23,29,41,43,59",
4375680,2,"2,3,5,17,19,23,31,43,53",2^7 * 3^1 * 5^1 * 17^1 * 19^2 * 23^1 * 31^1 * 43^1 * 53^1,0,"7,11,13,29,37,41,47,59",
4439448,2,"2,3,7,13,17,31,43",2^3 * 3^4 * 7^4 * 13^1 * 17^1 * 31^1 * 43^2,0,"5,11,19,23,29,37,41,47,53,59",
4443663,2,"2,3,7,17,19,31,37,43",2^4 * 3^1 * 7^2 * 17^2 * 19^1 * 31^2 * 37^1 * 43^1,0,"5,11,13,23,29,41,47,53,59",
4448925,2,"2,3,5,13,19,47,53",2^1 * 3^4 * 5^2 * 13^3 * 19^1 * 47^2 * 53^1,0,"7,11,17,23,29,31,37,41,43,59",
4449249,2,"2,3,5,7,13,19,37,59",2^1 * 3^4 * 5^3 * 7^2 * 13^1 * 19^1 * 37^2 * 59^1,0,"11,17,23,29,31,41,43,47,53",
4455444,2,"2,3,5,7,17,23,29,31,43,53,59",2^2 * 3^1 * 5^1 * 7^1 * 17^1 * 23^1 * 29^1 * 31^1 * 43^1 * 53^1 * 59^1,0,"11,13,19,37,41,47",
4492124,2,"2,3,5,7,11,13,41,43",2^2 * 3^3 * 5^3 * 7^2 * 11^3 * 13^1 * 41^1 * 43^1,0,"17,19,23,29,31,37,47,53,59",
4526522,2,"2,3,7,11,13,17,19,29,41,47",2^1 * 3^4 * 7^2 * 11^1 * 13^1 * 17^1 * 19^1 * 29^1 * 41^1 * 47^1,0,"5,23,31,37,43,53,59",
4588310,2,"2,3,5,7,13,19,31,41",2^1 * 3^1 * 5^1 * 7^6 * 13^1 * 19^2 * 31^1 * 41^1,0,"11,17,23,29,37,43,47,53,59",
4649318,2,"2,3,19,31,41,53,59",2^1 * 3^5 * 19^2 * 31^2 * 41^1 * 53^1 * 59^1,0,"5,7,11,13,17,23,29,37,43,47",
4677992,2,"2,3,11,17,23,31,53,59",2^3 * 3^8 * 11^1 * 17^1 * 23^1 * 31^1 * 53^1 * 59^1,0,"5,7,13,19,29,37,41,43,47",
4678464,2,"2,3,5,7,11,19,37,59",2^6 * 3^1 * 5^1 * 7^1 * 11^3 * 19^1 * 37^1 * 59^2,0,"13,17,23,29,31,41,43,47,53",
4688719,2,"2,5,7,17,29,31,41,43,47",2^4 * 5^1 * 7^1 * 17^1 * 29^1 * 31^2 * 41^1 * 43^1 * 47^1,0,"3,11,13,19,23,37,53,59",
4712499,2,"2,3,5,11,13,29,41,43",2^2 * 3^5 * 5^5 * 11^1 * 13^1 * 29^1 * 41^1 * 43^1,0,"7,17,19,23,31,37,47,53,59",
4731375,2,"2,3,5,11,13,23,31,37,43",2^4 * 3^1 * 5^3 * 11^1 * 13^1 * 23^2 * 31^1 * 37^1 * 43^1,0,"7,17,19,29,41,47,53,59",
4749913,2,"2,7,13,23,31,47,53,59",2^1 * 7^2 * 13^3 * 23^1 * 31^1 * 47^1 * 53^1 * 59^1,0,"3,5,11,17,19,29,37,41,43",
4765599,2,"2,3,5,7,19,23,29,31,37",2^5 * 3^2 * 5^2 * 7^1 * 19^1 * 23^1 * 29^1 * 31^2 * 37^1,0,"11,13,17,41,43,47,53,59",
4769855,2,"2,3,5,7,13,19,23,37,59",2^6 * 3^2 * 5^1 * 7^2 * 13^2 * 19^1 * 23^1 * 37^1 * 59^1,0,"11,17,29,31,41,43,47,53",
4812129,2,"2,3,5,7,19,23,31,41,43",2^1 * 3^6 * 5^1 * 7^1 * 19^2 * 23^1 * 31^1 * 41^1 * 43^1,0,"11,13,17,29,37,47,53,59",
4818176,2,"2,3,7,11,13,29,37,53,59",2^8 * 3^3 * 7^1 * 11^1 * 13^1 * 29^1 * 37^1 * 53^1 * 59^1,0,"5,17,19,23,31,41,43,47",
4860504,2,"2,3,5,11,13,17,19,37,43,47",2^3 * 3^2 * 5^1 * 11^1 * 13^1 * 17^1 * 19^2 * 37^1 * 43^1 * 47^1,0,"7,23,29,31,41,53,59",
4879680,2,"2,3,5,13,17,23,47",2^6 * 3^1 * 5^1 * 13^1 * 17^1 * 23^1 * 47^4,0,"7,11,19,29,31,37,41,43,53,59",
4918770,2,"2,3,5,11,13,31,41,43,53,59",2^1 * 3^2 * 5^1 * 11^2 * 13^1 * 31^1 * 41^1 * 43^1 * 53^1 * 59^1,0,"7,17,19,23,29,37,47",
4921839,2,"2,3,5,7,11,13,17,23,31,47,59",2^4 * 3^2 * 5^1 * 7^1 * 11^1 * 13^1 * 17^1 * 23^1 * 31^1 * 47^1 * 59^1,0,"19,29,37,41,43,53",
4987527,2,"2,3,7,13,17,23,31,41,43",2^3 * 3^1 * 7^1 * 13^2 * 17^1 * 23^1 * 31^1 * 41^2 * 43^1,0,"5,11,19,29,37,47,53,59",
5085024,2,"2,3,5,7,11,23,41,47",2^5 * 3^1 * 5^2 * 7^2 * 11^2 * 23^1 * 41^2 * 47^1,0,"13,17,19,29,31,37,43,53,59",
5134374,2,"2,3,5,7,17,31,47,53",2^1 * 3^3 * 5^5 * 7^1 * 17^2 * 31^1 * 47^1 * 53^1,0,"11,13,19,23,29,37,41,43,59",
5135360,2,"2,3,5,7,11,17,43,47,59",2^10 * 3^1 * 5^1 * 7^1 * 11^2 * 17^1 * 43^1 * 47^1 * 59^1,0,"13,19,23,29,31,37,41,53",
5142500,2,"2,3,5,7,11,13,17,23",2^2 * 3^3 * 5^4 * 7^2 * 11^2 * 13^2 * 17^1 * 23^1,0,"19,29,31,37,41,43,47,53,59",
5235659,2,"2,3,5,11,13,17,19,29,41,47,59",2^2 * 3^2 * 5^1 * 11^1 * 13^1 * 17^1 * 19^1 * 29^1 * 41^1 * 47^1 * 59^1,0,"7,23,31,37,43,53",
5267024,2,"2,3,5,7,17,31,37,41",2^4 * 3^6 * 5^2 * 7^1 * 17^2 * 31^1 * 37^1 * 41^1,0,"11,13,19,23,29,43,47,53,59",
5289999,2,"2,3,5,11,13,19,23,59",2^4 * 3^1 * 5^4 * 11^2 * 13^1 * 19^1 * 23^2 * 59^1,0,"7,17,29,31,37,41,43,47,53",
5319600,2,"2,3,5,7,11,13,19,23,31,37,47",2^4 * 3^1 * 5^2 * 7^1 * 11^1 * 13^1 * 19^1 * 23^1 * 31^1 * 37^1 * 47^1,0,"17,29,41,43,53,59",
5344625,2,"2,3,5,7,11,13,23,53",2^1 * 3^1 * 5^3 * 7^5 * 11^1 * 13^2 * 23^1 * 53^1,0,"17,19,29,31,37,41,43,47,59",
5368292,2,"2,3,7,23,37,43,47,59",2^2 * 3^2 * 7^3 * 23^2 * 37^1 * 43^1 * 47^1 * 59^1,0,"5,11,13,17,19,29,31,41,53",
5370596,2,"2,3,7,11,19,29,47,53",2^2 * 3^3 * 7^2 * 11^1 * 19^3 * 29^1 * 47^1 * 53^1,0,"5,13,17,23,31,37,41,43,59",
5420415,2,"2,3,5,7,11,13,17,19,47,53",2^7 * 3^1 * 5^1 * 7^1 * 11^1 * 13^1 * 17^1 * 19^2 * 47^1 * 53^1,0,"23,29,31,37,41,43,59",
5479404,2,"2,3,5,7,23,29,31,37,41,43,53",2^2 * 3^1 * 5^1 * 7^1 * 23^1 * 29^1 * 31^1 * 37^1 * 41^1 * 43^1 * 53^1,0,"11,13,17,19,47,59",
5490540,2,"2,3,5,7,11,17,29,37,43,47,59",2^2 * 3^2 * 5^1 * 7^1 * 11^1 * 17^1 * 29^1 * 37^1 * 43^1 * 47^1 * 59^1,0,"13,19,23,31,41,53",
5538974,2,"2,3,5,7,13,17,19,23,37",2^1 * 3^1 * 5^2 * 7^1 * 13^2 * 17^2 * 19^1 * 23^1 * 37^2,0,"11,29,31,41,43,47,53,59",
5541711,2,"2,3,7,11,17,19,23,37,43",2^4 * 3^1 * 7^1 * 11^1 * 17^1 * 19^2 * 23^1 * 37^2 * 43^1,0,"5,13,29,31,41,47,53,59",
5551325,2,"2,3,5,11,13,19,23,29,31,53",2^1 * 3^2 * 5^2 * 11^1 * 13^1 * 19^1 * 23^2 * 29^1 * 31^1 * 53^1,0,"7,17,37,41,43,47,59",
5565175,2,"2,5,7,11,19,41,47,59",2^3 * 5^2 * 7^3 * 11^1 * 19^2 * 41^1 * 47^1 * 59^1,0,"3,13,17,23,29,31,37,43,53",
5767839,2,"2,3,5,7,11,13,29,41,47,59",2^5 * 3^2 * 5^1 * 7^2 * 11^1 * 13^1 * 29^1 * 41^1 * 47^1 * 59^1,0,"17,19,23,31,37,43,53",
5851560,2,"2,3,5,11,13,31,41,59",2^3 * 3^1 * 5^1 * 11^2 * 13^1 * 31^1 * 41^2 * 59^2,0,"7,17,19,23,29,37,43,47,53",
5909760,2,"2,3,5,11,13,17,19",2^8 * 3^5 * 5^1 * 11^2 * 13^2 * 17^2 * 19^1,0,"7,23,29,31,37,41,43,47,53,59",
5935104,2,"2,3,5,7,11,23,31,59",2^12 * 3^2 * 5^1 * 7^1 * 11^1 * 23^1 * 31^1 * 59^2,0,"13,17,19,29,37,41,43,47,53",
6010094,2,"2,3,5,7,13,17,31,37,53,59",2^1 * 3^1 * 5^1 * 7^2 * 13^1 * 17^1 * 31^2 * 37^1 * 53^1 * 59^1,0,"11,19,23,29,41,43,47",
6116175,2,"2,3,5,11,13,17,19,31,41,59",2^4 * 3^3 * 5^2 * 11^1 * 13^1 * 17^1 * 19^1 * 31^1 * 41^1 * 59^1,0,"7,23,29,37,43,47,53",
6159020,2,"2,3,5,7,11,19,29,37,41,47",2^2 * 3^1 * 5^1 * 7^1 * 11^2 * 19^2 * 29^1 * 37^1 * 41^1 * 47^1,0,"13,17,23,31,43,53,59",
6292362,2,"2,3,7,11,17,19,23,29,43",2^1 * 3^1 * 7^1 * 11^2 * 17^1 * 19^1 * 23^1 * 29^3 * 43^1,0,"5,13,31,37,41,47,53,59",
6362624,2,"2,3,5,17,19,43,47",2^9 * 3^1 * 5^3 * 17^2 * 19^2 * 43^1 * 47^1,0,"7,11,13,23,29,31,37,41,53,59",
6458880,2,"2,3,5,11,13,29,31,47",2^9 * 3^1 * 5^1 * 11^1 * 13^1 * 29^2 * 31^2 * 47^1,0,"7,17,19,23,37,41,43,53,59",
6474896,2,"2,3,11,13,19,43,59",2^4 * 3^4 * 11^1 * 13^2 * 19^3 * 43^1 * 59^1,0,"5,7,17,23,29,31,37,41,47,53",
6523099,2,"2,5,11,19,23,37,41,43,59",2^2 * 5^2 * 11^1 * 19^1 * 23^2 * 37^1 * 41^1 * 43^1 * 59^1,0,"3,7,13,17,29,31,47,53",
6615674,2,"2,3,5,11,13,23,37",2^1 * 3^7 * 5^2 * 11^2 * 13^2 * 23^2 * 37^1,0,"7,17,19,29,31,41,43,47,53,59",
6677055,2,"2,3,5,7,11,17,19,41,47",2^6 * 3^2 * 5^1 * 7^1 * 11^1 * 17^2 * 19^2 * 41^1 * 47^1,0,"13,23,29,31,37,43,53,59",
6702624,2,"2,3,5,17,29,37,43",2^5 * 3^2 * 5^3 * 17^1 * 29^1 * 37^2 * 43^2,0,"7,11,13,19,23,31,41,47,53,59",
6770555,2,"2,3,5,11,13,17,19,23,31,37",2^2 * 3^2 * 5^1 * 11^2 * 13^1 * 17^1 * 19^2 * 23^1 * 31^1 * 37^1,0,"7,29,41,43,47,53,59",
6813520,2,"2,5,7,11,13,23,29,31,53",2^4 * 5^1 * 7^1 * 11^1 * 13^1 * 23^3 * 29^1 * 31^1 * 53^1,0,"3,17,19,37,41,43,47,59",
6910551,2,"2,3,11,17,31,47,59",2^3 * 3^2 * 11^4 * 17^1 * 31^2 * 47^1 * 59^1,0,"5,7,13,19,23,29,37,41,43,53",
6978125,2,"2,3,5,7,11,17,29,37,43",2^1 * 3^1 * 5^5 * 7^1 * 11^1 * 17^1 * 29^1 * 37^1 * 43^2,0,"13,19,23,31,41,47,53,59",
6999642,2,"2,3,7,13,29,41,59",2^1 * 3^3 * 7^1 * 13^3 * 29^3 * 41^1 * 59^1,0,"5,11,17,19,23,31,37,43,47,53",
7047039,2,"2,3,5,7,11,13,23,41,47,53",2^7 * 3^1 * 5^1 * 7^1 * 11^2 * 13^1 * 23^1 * 41^1 * 47^1 * 53^1,0,"17,19,29,31,37,43,59",
7090325,2,"2,3,5,11,17,19,23,29,47,59",2^1 * 3^2 * 5^2 * 11^1 * 17^2 * 19^1 * 23^1 * 29^1 * 47^1 * 59^1,0,"7,13,31,37,41,43,53",
7102224,2,"2,3,5,13,31,37,41,43",2^4 * 3^2 * 5^2 * 13^2 * 31^1 * 37^1 * 41^2 * 43^1,0,"7,11,17,19,23,29,47,53,59",
7104999,2,"2,3,5,7,11,23,29,37",2^3 * 3^1 * 5^4 * 7^2 * 11^2 * 23^2 * 29^1 * 37^1,0,"13,17,19,31,41,43,47,53,59",
7153024,2,"2,5,11,19,29,37,41,47",2^7 * 5^2 * 11^1 * 19^1 * 29^1 * 37^2 * 41^1 * 47^1,0,"3,7,13,17,23,31,43,53,59",
7240640,2,"2,3,5,11,17,37,41,43",2^6 * 3^1 * 5^1 * 11^3 * 17^1 * 37^2 * 41^1 * 43^1,0,"7,13,19,23,29,31,47,53,59",
7255625,2,"2,3,5,7,13,19,23,29,37,47",2^1 * 3^1 * 5^4 * 7^2 * 13^1 * 19^1 * 23^1 * 29^1 * 37^1 * 47^1,0,"11,17,31,41,43,53,59",
7313999,2,"2,3,5,7,11,23,43,47,53",2^4 * 3^1 * 5^3 * 7^1 * 11^1 * 23^1 * 43^1 * 47^2 * 53^1,0,"13,17,19,29,31,37,41,59",
7316000,2,"2,3,5,7,11,17,23,31,59",2^5 * 3^5 * 5^3 * 7^1 * 11^1 * 17^1 * 23^1 * 31^1 * 59^1,0,"13,19,29,37,41,43,47,53",
7331624,2,"2,3,5,7,17,19,31,37,47",2^3 * 3^2 * 5^3 * 7^3 * 17^1 * 19^1 * 31^1 * 37^1 * 47^1,0,"11,13,23,29,41,43,53,59",
7354880,2,"2,3,5,13,17,19,59",2^9 * 3^8 * 5^1 * 13^2 * 17^1 * 19^1 * 59^1,0,"7,11,23,29,31,37,41,43,47,53",
7470225,2,"2,3,5,7,17,29,31,37,59",2^1 * 3^4 * 5^2 * 7^1 * 17^1 * 29^1 * 31^1 * 37^1 * 59^2,0,"11,13,19,23,41,43,47,53",
7474999,2,"2,5,7,13,19,23,31,37",2^3 * 5^5 * 7^3 * 13^1 * 19^1 * 23^1 * 31^1 * 37^1,0,"3,11,17,29,41,43,47,53,59",
7491168,2,"2,3,7,17,19,23,37",2^5 * 3^2 * 7^2 * 17^2 * 19^1 * 23^2 * 37^2,0,"5,11,13,29,31,41,43,47,53,59",
7534240,2,"2,5,7,11,13,19,31,47,59",2^5 * 5^1 * 7^2 * 11^1 * 13^1 * 19^1 * 31^2 * 47^1 * 59^1,0,"3,17,23,29,37,41,43,53",
7590024,2,"2,3,5,13,17,19,29,53",2^3 * 3^4 * 5^2 * 13^1 * 17^1 * 19^2 * 29^2 * 53^1,0,"7,11,23,31,37,41,43,47,59",
7696766,2,"2,3,7,11,13,17,19,23,41,47,53",2^1 * 3^1 * 7^1 * 11^1 * 13^2 * 17^1 * 19^1 * 23^1 * 41^1 * 47^1 * 53^1,0,"5,29,31,37,43,59",
7727400,2,"2,3,5,11,17,31,43,53",2^3 * 3^6 * 5^2 * 11^1 * 17^1 * 31^2 * 43^1 * 53^1,0,"7,13,19,23,29,37,41,47,59",
7728819,2,"2,3,5,7,11,19,29,37,43",2^2 * 3^1 * 5^1 * 7^4 * 11^1 * 19^1 * 29^1 * 37^1 * 43^2,0,"13,17,23,31,41,47,53,59",
7964704,2,"2,5,7,11,17,19,29,59",2^5 * 5^1 * 7^2 * 11^4 * 17^1 * 19^1 * 29^1 * 59^1,0,"3,13,23,31,37,41,43,47,53",
8035754,2,"2,3,5,7,13,29,41,43,53",2^1 * 3^1 * 5^1 * 7^2 * 13^1 * 29^2 * 41^1 * 43^2 * 53^1,0,"11,17,19,23,31,37,47,59",
8070699,2,"2,3,5,7,11,13,17,23,29,37,47",2^2 * 3^1 * 5^2 * 7^1 * 11^2 * 13^1 * 17^1 * 23^1 * 29^1 * 37^1 * 47^1,0,"19,31,41,43,53,59",
8268799,2,"2,5,7,11,17,19,23,29",2^10 * 5^2 * 7^2 * 11^1 * 17^1 * 19^1 * 23^2 * 29^1,0,"3,13,31,37,41,43,47,53,59",
8282574,2,"2,3,5,7,19,29,41,43,47,53",2^1 * 3^4 * 5^2 * 7^1 * 19^1 * 29^1 * 41^1 * 43^1 * 47^1 * 53^1,0,"11,13,17,23,31,37,59",
8319375,2,"2,3,5,13,17,23,29,37,47",2^4 * 3^3 * 5^4 * 13^1 * 17^1 * 23^1 * 29^1 * 37^1 * 47^1,0,"7,11,19,31,41,43,53,59",
8497224,2,"2,3,5,11,31,47,53",2^3 * 3^6 * 5^2 * 11^2 * 31^1 * 47^1 * 53^2,0,"7,13,17,19,23,29,37,41,43,59",
8555624,2,"2,3,5,7,11,13,17,19,43",2^3 * 3^4 * 5^4 * 7^1 * 11^1 * 13^2 * 17^1 * 19^1 * 43^1,0,"23,29,31,37,41,47,53,59",
8577359,2,"2,3,5,7,11,19,29,31,47",2^4 * 3^3 * 5^1 * 7^1 * 11^1 * 19^2 * 29^2 * 31^1 * 47^1,0,"13,17,23,37,41,43,53,59",
8623735,2,"2,5,11,23,31,41,43,53,59",2^3 * 5^1 * 11^1 * 23^1 * 31^1 * 41^1 * 43^2 * 53^1 * 59^1,0,"3,7,13,17,19,29,37,47",
8797788,2,"2,3,7,11,13,17,29,47,53",2^2 * 3^3 * 7^1 * 11^2 * 13^1 * 17^1 * 29^1 * 47^1 * 53^2,0,"5,19,23,31,37,41,43,59",
8889776,2,"2,3,7,13,17,19,23,29,31,43",2^4 * 3^3 * 7^2 * 13^1 * 17^1 * 19^1 * 23^1 * 29^1 * 31^1 * 43^1,0,"5,11,37,41,47,53,59",
8912375,2,"2,3,5,11,31,37,41,47",2^3 * 3^3 * 5^3 * 11^3 * 31^1 * 37^1 * 41^1 * 47^1,0,"7,13,17,19,23,29,43,53,59",
8934464,2,"2,3,5,7,11,19,23,29,37,47",2^6 * 3^1 * 5^1 * 7^3 * 11^1 * 19^1 * 23^1 * 29^1 * 37^1 * 47^1,0,"13,17,31,41,43,53,59",
8990124,2,"2,3,5,11,13,23,31,53,59",2^2 * 3^1 * 5^3 * 11^1 * 13^3 * 23^1 * 31^1 * 53^1 * 59^1,0,"7,17,19,29,37,41,43,47",
9005282,2,"2,3,7,11,13,23,29,31,37,53",2^1 * 3^3 * 7^1 * 11^1 * 13^1 * 23^1 * 29^1 * 31^1 * 37^2 * 53^1,0,"5,17,19,41,43,47,59",
9054080,2,"2,3,5,7,17,43,47,59",2^7 * 3^2 * 5^1 * 7^1 * 17^2 * 43^1 * 47^1 * 59^2,0,"11,13,19,23,29,31,37,41,53",
9064484,2,"2,3,5,11,13,17,23,41,53",2^2 * 3^2 * 5^1 * 11^1 * 13^2 * 17^3 * 23^1 * 41^1 * 53^1,0,"7,19,29,31,37,43,47,59",
9170264,2,"2,3,5,13,29,31,37,41,47",2^3 * 3^1 * 5^1 * 13^1 * 29^3 * 31^1 * 37^1 * 41^1 * 47^1,0,"7,11,17,19,23,43,53,59",
9174815,2,"2,3,5,7,13,17,19,23,37,41",2^5 * 3^3 * 5^1 * 7^1 * 13^1 * 17^1 * 19^2 * 23^1 * 37^1 * 41^1,0,"11,29,31,43,47,53,59",
9217824,2,"2,3,5,7,11,17,23,29,41,43",2^5 * 3^1 * 5^2 * 7^1 * 11^1 * 17^1 * 23^2 * 29^1 * 41^1 * 43^1,0,"13,19,31,37,47,53,59",
9222499,2,"2,5,7,11,13,17,31,41",2^2 * 5^4 * 7^1 * 11^3 * 13^2 * 17^1 * 31^1 * 41^1,0,"3,19,23,29,37,43,47,53,59",
9345104,2,"2,3,5,7,11,17,29,31,43,47",2^4 * 3^3 * 5^1 * 7^1 * 11^1 * 17^2 * 29^1 * 31^1 * 43^1 * 47^1,0,"13,19,23,37,41,53,59",
9456755,2,"2,3,5,7,11,19,29,37,59",2^2 * 3^1 * 5^1 * 7^2 * 11^3 * 19^2 * 29^1 * 37^1 * 59^1,0,"13,17,23,31,41,43,47,53",
9458085,2,"2,3,5,7,11,13,17,19,41",2^1 * 3^1 * 5^1 * 7^1 * 11^4 * 13^3 * 17^1 * 19^1 * 41^1,0,"23,29,31,37,43,47,53,59",
9611875,2,"2,5,7,13,29,41,43,47",2^2 * 5^4 * 7^1 * 13^3 * 29^1 * 41^1 * 43^1 * 47^1,0,"3,11,17,19,23,31,37,53,59",
9865625,2,"2,3,5,7,11,29,31,41,59",2^1 * 3^1 * 5^5 * 7^1 * 11^1 * 29^1 * 31^2 * 41^1 * 59^1,0,"13,17,19,23,37,43,47,53",
9901089,2,"2,3,5,11,17,19,31,37,41,53",2^1 * 3^3 * 5^1 * 11^1 * 17^1 * 19^1 * 31^1 * 37^1 * 41^2 * 53^1,0,"7,13,23,29,43,47,59",
9934833,2,"2,3,7,13,17,19,37,41,59",2^1 * 3^1 * 7^1 * 13^3 * 17^1 * 19^1 * 37^2 * 41^1 * 59^1,0,"5,11,23,29,31,43,47,53",
10000165,2,"2,5,7,11,17,31,43",2^1 * 5^1 * 7^6 * 11^2 * 17^1 * 31^2 * 43^1,0,"3,13,19,23,29,37,41,47,53,59",
10015603,2,"2,13,19,23,31,37,41,43,59",2^2 * 13^1 * 19^1 * 23^1 * 31^1 * 37^2 * 41^1 * 43^1 * 59^1,0,"3,5,7,11,17,29,47,53",
10047050,2,"2,3,5,7,13,17,29,41,53,59",2^1 * 3^3 * 5^2 * 7^1 * 13^2 * 17^1 * 29^1 * 41^1 * 53^1 * 59^1,0,"11,19,23,31,37,43,47",
10088144,2,"2,3,5,11,19,23,31,43",2^4 * 3^5 * 5^1 * 11^1 * 19^2 * 23^1 * 31^1 * 43^2,0,"7,13,17,29,37,41,47,53,59",
10216439,2,"2,3,5,13,17,23,29,37,53,59",2^3 * 3^2 * 5^1 * 13^1 * 17^2 * 23^1 * 29^1 * 37^1 * 53^1 * 59^1,0,"7,11,19,31,41,43,47",
10451672,2,"2,3,7,11,19,47,59",2^3 * 3^11 * 7^1 * 11^1 * 19^2 * 47^1 * 59^1,0,"5,13,17,23,29,31,37,41,43,53",
10491039,2,"2,3,5,7,13,17,19,29,41",2^5 * 3^9 * 5^1 * 7^1 * 13^1 * 17^1 * 19^1 * 29^1 * 41^1,0,"11,23,31,37,43,47,53,59",
10556000,2,"2,3,5,7,13,19,29",2^5 * 3^4 * 5^3 * 7^1 * 13^1 * 19^4 * 29^1,0,"11,17,23,31,37,41,43,47,53,59",
10575376,2,"2,7,17,23,37,41,43,47",2^4 * 7^3 * 17^2 * 23^1 * 37^1 * 41^1 * 43^1 * 47^1,0,"3,5,11,13,19,29,31,53,59",
10932999,2,"2,3,5,7,11,13,19,29,47,53",2^3 * 3^1 * 5^3 * 7^1 * 11^1 * 13^1 * 19^1 * 29^2 * 47^1 * 53^1,0,"17,23,31,37,41,43,59",
10962467,2,"2,3,11,17,19,23,31,47,53",2^2 * 3^2 * 11^1 * 17^1 * 19^1 * 23^3 * 31^1 * 47^1 * 53^1,0,"5,7,13,29,37,41,43,59",
10991700,2,"2,3,5,7,23,31,37,59",2^2 * 3^4 * 5^2 * 7^1 * 23^1 * 31^1 * 37^3 * 59^1,0,"11,13,17,19,29,41,43,47,53",
11156249,2,"2,3,5,7,13,17,19,31,47",2^1 * 3^1 * 5^6 * 7^1 * 13^1 * 17^1 * 19^1 * 31^2 * 47^1,0,"11,23,29,37,41,43,53,59",
11309768,2,"2,3,19,29,41,59",2^3 * 3^2 * 19^2 * 29^2 * 41^2 * 59^2,0,"5,7,11,13,17,23,31,37,43,47,53",
11394999,2,"2,3,5,7,11,29,43,53",2^3 * 3^6 * 5^4 * 7^2 * 11^1 * 29^1 * 43^1 * 53^1,0,"13,17,19,23,31,37,41,47,59",
11419155,2,"2,3,5,7,11,17,23,29,41,59",2^2 * 3^2 * 5^1 * 7^4 * 11^1 * 17^1 * 23^1 * 29^1 * 41^1 * 59^1,0,"13,19,31,37,43,47,53",
11449008,2,"2,3,11,13,23,43,59",2^4 * 3^2 * 11^1 * 13^1 * 23^1 * 43^3 * 59^2,0,"5,7,17,19,29,31,37,41,47,53",
11465649,2,"2,3,5,7,13,17,41,43,47,53",2^1 * 3^2 * 5^2 * 7^1 * 13^1 * 17^1 * 41^1 * 43^2 * 47^1 * 53^1,0,"11,19,23,29,31,37,59",
11525591,2,"2,3,7,11,13,17,41,43,53,59",2^3 * 3^1 * 7^1 * 11^1 * 13^1 * 17^1 * 41^1 * 43^1 * 53^1 * 59^2,0,"5,19,23,29,31,37,47",
11679875,2,"2,3,5,13,41,43,47,53,59",2^2 * 3^4 * 5^3 * 13^1 * 41^1 * 43^1 * 47^1 * 53^1 * 59^1,0,"7,11,17,19,23,29,31,37",
11690624,2,"2,3,5,11,19,23,29,43",2^7 * 3^1 * 5^5 * 11^1 * 19^2 * 23^1 * 29^1 * 43^1,0,"7,13,17,31,37,41,47,53,59",
11859210,2,"2,3,5,7,11,13,19",2^1 * 3^4 * 5^1 * 7^1 * 11^4 * 13^1 * 19^4,0,"17,23,29,31,37,41,43,47,53,59",
12323584,2,"2,5,7,13,23,31,43",2^8 * 5^1 * 7^1 * 13^1 * 23^2 * 31^1 * 43^3,0,"3,11,17,19,29,37,41,47,53,59",
12406107,2,"2,3,7,11,13,17,19,23,31,41,59",2^2 * 3^1 * 7^1 * 11^1 * 13^1 * 17^1 * 19^1 * 23^2 * 31^1 * 41^1 * 59^1,0,"5,29,37,43,47,53",
12518324,2,"2,3,5,7,13,17,23,41,59",2^2 * 3^2 * 5^2 * 7^2 * 13^1 * 17^3 * 23^1 * 41^1 * 59^1,0,"11,19,29,31,37,43,47,53",
12662972,2,"2,3,7,23,31,41,53",2^2 * 3^5 * 7^2 * 23^1 * 31^1 * 41^2 * 53^2,0,"5,11,13,17,19,29,37,43,47,59",
12890625,2,"2,3,5,7,11,19,23,43",2^1 * 3^1 * 5^8 * 7^3 * 11^1 * 19^1 * 23^1 * 43^1,0,"13,17,29,31,37,41,47,53,59",
12973499,2,"2,3,5,7,11,17,31,53",2^2 * 3^3 * 5^3 * 7^1 * 11^2 * 17^2 * 31^2 * 53^1,0,"13,19,23,29,37,41,43,47,59",
13049855,2,"2,3,5,7,13,23,29,43,59",2^13 * 3^3 * 5^1 * 7^1 * 13^1 * 23^1 * 29^1 * 43^1 * 59^1,0,"11,17,19,31,37,41,47,53",
13147875,2,"2,3,5,7,13,29,31,37",2^2 * 3^2 * 5^3 * 7^4 * 13^1 * 29^1 * 31^1 * 37^2,0,"11,17,19,23,41,43,47,53,59",
13463855,2,"2,3,5,7,19,23,37,47,53",2^4 * 3^2 * 5^1 * 7^1 * 19^2 * 23^1 * 37^1 * 47^2 * 53^1,0,"11,13,17,29,31,41,43,59",
13466816,2,"2,3,7,11,13,29,37,47",2^6 * 3^6 * 7^2 * 11^2 * 13^1 * 29^1 * 37^1 * 47^1,0,"5,17,19,23,31,41,43,53,59",
13523685,2,"2,3,5,7,11,29,37,41,47,59",2^1 * 3^1 * 5^1 * 7^1 * 11^2 * 29^1 * 37^1 * 41^1 * 47^1 * 59^2,0,"13,17,19,23,31,43,53",
13644267,2,"2,3,7,11,13,17,23,29,37,41,53",2^2 * 3^1 * 7^1 * 11^1 * 13^1 * 17^2 * 23^1 * 29^1 * 37^1 * 41^1 * 53^1,0,"5,19,31,43,47,59",
13745536,2,"2,7,13,17,23,29,37,41",2^7 * 7^1 * 13^1 * 17^1 * 23^2 * 29^1 * 37^1 * 41^2,0,"3,5,11,19,31,43,47,53,59",
13994694,2,"2,3,5,7,11,13,23,37,41,43",2^1 * 3^4 * 5^1 * 7^2 * 11^1 * 13^1 * 23^2 * 37^1 * 41^1 * 43^1,0,"17,19,29,31,47,53,59",
14011875,2,"2,3,5,17,23,31,47,53",2^2 * 3^2 * 5^4 * 17^3 * 23^1 * 31^1 * 47^1 * 53^1,0,"7,11,13,19,29,37,41,43,59",
14019719,2,"2,3,5,7,11,13,19,23,31,43,53",2^3 * 3^1 * 5^1 * 7^1 * 11^1 * 13^1 * 19^1 * 23^1 * 31^1 * 43^1 * 53^2,0,"17,29,37,41,47,59",
14080572,2,"2,3,11,13,17,29,31,37",2^2 * 3^2 * 11^1 * 13^4 * 17^1 * 29^1 * 31^2 * 37^1,0,"5,7,19,23,41,43,47,53,59",
14169231,2,"2,3,7,11,19,31,41,43,47,53",2^4 * 3^2 * 7^2 * 11^1 * 19^1 * 31^1 * 41^1 * 43^1 * 47^1 * 53^1,0,"5,13,17,23,29,37,59",
14235528,2,"2,3,7,11,17,23,37,41",2^3 * 3^1 * 7^6 * 11^2 * 17^1 * 23^1 * 37^1 * 41^1,0,"5,13,19,29,31,43,47,53,59",
14330524,2,"2,5,11,13,17,29,31,41,43",2^2 * 5^2 * 11^1 * 13^2 * 17^1 * 29^1 * 31^1 * 41^2 * 43^1,0,"3,7,19,23,37,47,53,59",
14365120,2,"2,5,7,11,19,29,31,53",2^6 * 5^1 * 7^1 * 11^2 * 19^1 * 29^3 * 31^1 * 53^1,0,"3,13,17,23,37,41,43,47,59",
14574559,2,"2,5,7,11,13,17,29,37,47",2^5 * 5^1 * 7^2 * 11^1 * 13^2 * 17^2 * 29^1 * 37^1 * 47^1,0,"3,19,23,31,41,43,53,59",
14666750,2,"2,3,5,7,11,17,29,31,59",2^1 * 3^6 * 5^3 * 7^1 * 11^1 * 17^2 * 29^1 * 31^1 * 59^1,0,"13,19,23,37,41,43,47,53",
14753024,2,"2,3,5,7,11,13,17,19,29,31",2^8 * 3^2 * 5^2 * 7^1 * 11^1 * 13^2 * 17^1 * 19^1 * 29^1 * 31^1,0,"23,37,41,43,47,53,59",
14757375,2,"2,3,5,19,23,29,37,41,59",2^9 * 3^1 * 5^3 * 19^1 * 23^1 * 29^1 * 37^1 * 41^1 * 59^1,0,"7,11,13,17,31,43,47,53",
14786199,2,"2,3,5,11,13,19,37,41,47",2^3 * 3^3 * 5^2 * 11^2 * 13^1 * 19^2 * 37^1 * 41^1 * 47^1,0,"7,17,23,29,31,43,53,59",
15039999,2,"2,3,5,13,23,47",2^9 * 3^7 * 5^4 * 13^1 * 23^2 * 47^1,0,"7,11,17,19,29,31,37,41,43,53,59",
15054335,2,"2,3,5,11,29,47",2^9 * 3^5 * 5^1 * 11^2 * 29^1 * 47^3,0,"7,13,17,19,23,31,37,41,43,53,59",
15709275,2,"2,3,5,11,17,19,23,37,43",2^2 * 3^3 * 5^2 * 11^1 * 17^1 * 19^2 * 23^1 * 37^2 * 43^1,0,"7,13,29,31,41,47,53,59",
16092999,2,"2,3,5,7,11,13,17,19,29,31",2^3 * 3^4 * 5^3 * 7^1 * 11^2 * 13^1 * 17^1 * 19^1 * 29^1 * 31^1,0,"23,37,41,43,47,53,59",
16190090,2,"2,3,5,7,19,23,29,31,37,47",2^1 * 3^3 * 5^1 * 7^2 * 19^1 * 23^1 * 29^2 * 31^1 * 37^1 * 47^1,0,"11,13,17,41,43,53,59",
16761250,2,"2,5,11,13,23,41,53,59",2^1 * 5^4 * 11^1 * 13^2 * 23^1 * 41^2 * 53^1 * 59^1,0,"3,7,17,19,29,31,37,43,47",
17065840,2,"2,5,11,13,17,31,41,43,47,53",2^4 * 5^1 * 11^2 * 13^1 * 17^1 * 31^1 * 41^1 * 43^1 * 47^1 * 53^1,0,"3,7,19,23,29,37,59",
17229024,2,"2,3,5,11,17,23,31,43,47",2^5 * 3^4 * 5^2 * 11^1 * 17^2 * 23^1 * 31^1 * 43^1 * 47^1,0,"7,13,19,29,37,41,53,59",
17309655,2,"2,3,5,7,11,13,17,31,59",2^3 * 3^2 * 5^1 * 7^1 * 11^3 * 13^2 * 17^2 * 31^1 * 59^1,0,"19,23,29,37,41,43,47,53",
17657288,2,"2,3,11,13,17,19,29,37,47",2^3 * 3^2 * 11^2 * 13^3 * 17^1 * 19^1 * 29^1 * 37^1 * 47^1,0,"5,7,23,31,41,43,53,59",
17903522,2,"2,3,7,11,13,23,31,37,43,47",2^1 * 3^1 * 7^2 * 11^2 * 13^2 * 23^1 * 31^1 * 37^1 * 43^1 * 47^1,0,"5,17,19,29,41,53,59",
18002880,2,"2,3,5,7,13,17,19,29,47,53",2^6 * 3^2 * 5^1 * 7^1 * 13^1 * 17^1 * 19^1 * 29^1 * 47^1 * 53^2,0,"11,23,31,37,41,43,59",
18085704,2,"2,3,5,7,11,13,17,23,29",2^3 * 3^1 * 5^1 * 7^3 * 11^1 * 13^3 * 17^1 * 23^1 * 29^2,0,"19,31,37,41,43,47,53,59",
18097365,2,"2,3,5,7,11,13,23,31,37,59",2^1 * 3^1 * 5^1 * 7^3 * 11^2 * 13^2 * 23^1 * 31^1 * 37^1 * 59^1,0,"17,19,29,41,43,47,53",
18113535,2,"2,3,5,7,11,19,23,37,43",2^10 * 3^2 * 5^1 * 7^2 * 11^1 * 19^2 * 23^1 * 37^1 * 43^1,0,"13,17,29,31,41,47,53,59",
18264064,2,"2,5,7,13,41,53",2^12 * 5^1 * 7^3 * 13^1 * 41^3 * 53^1,0,"3,11,17,19,23,29,31,37,43,47,59",
18366425,2,"2,3,5,7,11,13,17,19,29,47",2^1 * 3^7 * 5^2 * 7^2 * 11^1 * 13^1 * 17^1 * 19^1 * 29^1 * 47^1,0,"23,31,37,41,43,53,59",
18703790,2,"2,3,5,7,17,19,41,47",2^1 * 3^4 * 5^1 * 7^4 * 17^3 * 19^1 * 41^1 * 47^1,0,"11,13,23,29,31,37,43,53,59",
18806249,2,"2,3,5,7,11,17,23,37,41,59",2^1 * 3^1 * 5^5 * 7^2 * 11^1 * 17^1 * 23^1 * 37^1 * 41^1 * 59^1,0,"13,19,29,31,43,47,53",
18997055,2,"2,3,5,7,11,13,19,43,53,59",2^6 * 3^2 * 5^1 * 7^3 * 11^1 * 13^1 * 19^1 * 43^1 * 53^1 * 59^1,0,"17,23,29,31,37,41,47",
19069920,2,"2,3,5,13,17,19,23,41,47,59",2^5 * 3^2 * 5^1 * 13^1 * 17^1 * 19^1 * 23^2 * 41^1 * 47^1 * 59^1,0,"7,11,29,31,37,43,53",
19494189,2,"2,3,5,11,13,17,19,37,47,59",2^1 * 3^6 * 5^1 * 11^2 * 13^1 * 17^1 * 19^1 * 37^1 * 47^1 * 59^1,0,"7,23,29,31,41,43,53",
19826575,2,"2,5,7,11,19,23,29,41",2^4 * 5^2 * 7^2 * 11^3 * 19^1 * 23^1 * 29^2 * 41^1,0,"3,13,17,31,37,43,47,53,59",
19936224,2,"2,3,5,7,11,19,29,31,47",2^5 * 3^2 * 5^2 * 7^1 * 11^1 * 19^2 * 29^1 * 31^1 * 47^2,0,"13,17,23,37,41,43,53,59",
20015749,2,"2,5,13,17,23,41,47,59",2^1 * 5^3 * 13^1 * 17^1 * 23^1 * 41^1 * 47^2 * 59^2,0,"3,7,11,19,29,31,37,43,53",
20422205,2,"2,3,5,7,23,29,43,47",2^1 * 3^7 * 5^1 * 7^1 * 23^1 * 29^1 * 43^2 * 47^2,0,"11,13,17,19,31,37,41,53,59",
20708233,2,"2,7,13,19,23,29,37,59",2^1 * 7^2 * 13^1 * 19^1 * 23^4 * 29^1 * 37^1 * 59^1,0,"3,5,11,17,31,41,43,47,53",
21386000,2,"2,3,5,7,13,17,19,31,37",2^4 * 3^1 * 5^3 * 7^2 * 13^1 * 17^2 * 19^2 * 31^1 * 37^1,0,"11,23,29,41,43,47,53,59",
21844800,2,"2,3,5,11,29,31,37,41,47",2^6 * 3^2 * 5^2 * 11^1 * 29^1 * 31^1 * 37^1 * 41^1 * 47^2,0,"7,13,17,19,23,43,53,59",
22082047,2,"2,13,17,19,23,43,59",2^9 * 13^3 * 17^1 * 19^1 * 23^2 * 43^1 * 59^1,0,"3,5,7,11,29,31,37,41,47,53",
22095593,2,"2,3,13,19,23,29,43,47,53",2^1 * 3^2 * 13^1 * 19^1 * 23^1 * 29^2 * 43^1 * 47^1 * 53^2,0,"5,7,11,17,31,37,41,59",
22569624,2,"2,3,5,7,11,13,17,19,23,43,59",2^3 * 3^3 * 5^3 * 7^1 * 11^1 * 13^1 * 17^1 * 19^1 * 23^1 * 43^1 * 59^1,0,"29,31,37,41,47,53",
22653435,2,"2,3,5,7,13,17,23,31,37,47",2^2 * 3^1 * 5^1 * 7^4 * 13^2 * 17^1 * 23^1 * 31^1 * 37^1 * 47^1,0,"11,19,29,41,43,53,59",
22708191,2,"2,3,11,13,17,19,47",2^5 * 3^1 * 11^5 * 13^3 * 17^1 * 19^1 * 47^1,0,"5,7,23,29,31,37,41,43,53,59",
23014719,2,"2,3,5,7,13,17,19,23,29,53,59",2^6 * 3^3 * 5^1 * 7^1 * 13^1 * 17^1 * 19^1 * 23^1 * 29^1 * 53^1 * 59^1,0,"11,31,37,41,43,47",
23508415,2,"2,5,7,17,19,23,29,31,41,53",2^6 * 5^1 * 7^1 * 17^2 * 19^1 * 23^1 * 29^1 * 31^1 * 41^1 * 53^1,0,"3,11,13,37,43,47,59",
24019800,2,"2,3,5,7,13,19,29,43",2^3 * 3^1 * 5^2 * 7^2 * 13^4 * 19^1 * 29^2 * 43^1,0,"11,17,23,31,37,41,47,53,59",
24022250,2,"2,3,5,7,11,19,37,43,53",2^1 * 3^5 * 5^3 * 7^2 * 11^2 * 19^1 * 37^1 * 43^1 * 53^1,0,"13,17,23,29,31,41,47,59",
24253424,2,"2,3,5,7,13,17,19,29,59",2^4 * 3^4 * 5^2 * 7^1 * 13^1 * 17^1 * 19^3 * 29^1 * 59^1,0,"11,23,31,37,41,43,47,53",
24295040,2,"2,3,5,7,11,17,29,31,53",2^7 * 3^2 * 5^1 * 7^1 * 11^1 * 17^1 * 29^1 * 31^2 * 53^2,0,"13,19,23,37,41,43,47,59",
24334344,2,"2,3,5,7,17,19,23,37,43,47",2^3 * 3^4 * 5^1 * 7^1 * 17^1 * 19^1 * 23^1 * 37^1 * 43^1 * 47^2,0,"11,13,29,31,41,53,59",
24601599,2,"2,3,5,11,19,29,31,41",2^10 * 3^2 * 5^2 * 11^2 * 19^1 * 29^1 * 31^2 * 41^1,0,"7,13,17,23,37,43,47,53,59",
24822720,2,"2,3,5,7,11,13,17,19,47",2^6 * 3^3 * 5^1 * 7^1 * 11^1 * 13^2 * 17^1 * 19^3 * 47^1,0,"23,29,31,37,41,43,53,59",
25060958,2,"2,3,7,11,13,17,29,31,43,59",2^1 * 3^2 * 7^1 * 11^1 * 13^1 * 17^1 * 29^2 * 31^2 * 43^1 * 59^1,0,"5,19,23,37,41,47,53",
25124384,2,"2,3,5,11,13,17,19,31,43,53",2^5 * 3^1 * 5^1 * 11^1 * 13^2 * 17^1 * 19^1 * 31^2 * 43^1 * 53^1,0,"7,23,29,37,41,47,59",
25755624,2,"2,3,5,7,29,43,47,59",2^3 * 3^3 * 5^4 * 7^2 * 29^2 * 43^1 * 47^1 * 59^1,0,"11,13,17,19,23,31,37,41,53",
25836888,2,"2,3,7,11,13,17,23,31,41",2^3 * 3^1 * 7^1 * 11^2 * 13^2 * 17^2 * 23^2 * 31^1 * 41^1,0,"5,19,29,37,43,47,53,59",
25872147,2,"2,3,7,17,19,23,29,41",2^2 * 3^2 * 7^3 * 17^2 * 19^3 * 23^1 * 29^1 * 41^1,0,"5,11,13,31,37,43,47,53,59",
26044928,2,"2,3,7,13,29,31,37,43",2^9 * 3^3 * 7^1 * 13^2 * 29^2 * 31^1 * 37^1 * 43^1,0,"5,11,17,19,23,41,47,53,59",
26623750,2,"2,5,7,11,17,19,43,59",2^1 * 5^4 * 7^1 * 11^2 * 17^1 * 19^2 * 43^2 * 59^1,0,"3,13,23,29,31,37,41,47,53",
26862380,2,"2,3,5,7,13,17,29,41,47",2^2 * 3^3 * 5^1 * 7^1 * 13^2 * 17^1 * 29^2 * 41^2 * 47^1,0,"11,19,23,31,37,43,53,59",
27005264,2,"2,3,5,7,11,13,17,29,37,41",2^4 * 3^3 * 5^1 * 7^1 * 11^2 * 13^1 * 17^1 * 29^1 * 37^1 * 41^2,0,"19,23,31,43,47,53,59",
27181791,2,"2,3,7,11,13,23,31,37,47,53",2^5 * 3^3 * 7^1 * 11^1 * 13^2 * 23^1 * 31^1 * 37^1 * 47^1 * 53^1,0,"5,17,19,29,41,43,59",
27448064,2,"2,3,5,7,17,19,29,41,53",2^8 * 3^5 * 5^1 * 7^1 * 17^2 * 19^1 * 29^1 * 41^1 * 53^1,0,"11,13,23,31,37,43,47,59",
27550319,2,"2,3,5,7,17,23,29,31,41,47",2^4 * 3^1 * 5^1 * 7^1 * 17^1 * 23^2 * 29^2 * 31^1 * 41^1 * 47^1,0,"11,13,19,37,43,53,59",
27839999,2,"2,3,5,11,17,29,53",2^9 * 3^1 * 5^4 * 11^1 * 17^1 * 29^1 * 53^3,0,"7,13,19,23,31,37,41,43,47,59",
27984099,2,"2,3,5,11,13,23,37,41,43",2^2 * 3^1 * 5^2 * 11^1 * 13^1 * 23^4 * 37^1 * 41^1 * 43^1,0,"7,17,19,29,31,47,53,59",
27994680,2,"2,3,5,7,11,13,23,37",2^3 * 3^3 * 5^1 * 7^2 * 11^2 * 13^2 * 23^2 * 37^2,0,"17,19,29,31,41,43,47,53,59",
28800941,2,"2,3,13,17,19,41,47,53",2^1 * 3^1 * 13^1 * 17^1 * 19^4 * 41^1 * 47^2 * 53^1,0,"5,7,11,23,29,31,37,43,59",
29834388,2,"2,3,13,17,19,29,41,43,53",2^2 * 3^2 * 13^1 * 17^1 * 19^1 * 29^1 * 41^2 * 43^1 * 53^2,0,"5,7,11,23,31,37,47,59",
30138075,2,"2,3,5,11,17,29,31,41",2^2 * 3^5 * 5^2 * 11^2 * 17^2 * 29^2 * 31^1 * 41^1,0,"7,13,19,23,37,43,47,53,59",
30139775,2,"2,3,5,17,19,23,43,53",2^7 * 3^6 * 5^2 * 17^1 * 19^1 * 23^2 * 43^1 * 53^1,0,"7,11,13,29,31,37,41,47,59",
30323600,2,"2,3,5,7,11,19,41,43,47",2^4 * 3^2 * 5^2 * 7^3 * 11^1 * 19^1 * 41^1 * 43^2 * 47^1,0,"13,17,23,29,31,37,53,59",
30533139,2,"2,3,5,7,11,13,17,31,37,43",2^2 * 3^3 * 5^1 * 7^1 * 11^3 * 13^1 * 17^2 * 31^1 * 37^1 * 43^1,0,"19,23,29,41,47,53,59",
30827290,2,"2,5,11,13,17,19,23,29,37,53",2^1 * 5^1 * 11^3 * 13^2 * 17^1 * 19^1 * 23^1 * 29^1 * 37^1 * 53^1,0,"3,7,31,41,43,47,59",
30944913,2,"2,3,7,11,13,17,23,29,31,37,41",2^1 * 3^1 * 7^1 * 11^1 * 13^2 * 17^1 * 23^2 * 29^1 * 31^1 * 37^1 * 41^1,0,"5,19,43,47,53,59",
31904495,2,"2,3,5,7,13,17,19,23,29,43",2^4 * 3^3 * 5^1 * 7^1 * 13^2 * 17^1 * 19^1 * 23^1 * 29^1 * 43^2,0,"11,31,37,41,47,53,59",
32032935,2,"2,3,5,11,13,19,29,37,43,53",2^3 * 3^3 * 5^1 * 11^2 * 13^2 * 19^1 * 29^1 * 37^1 * 43^1 * 53^1,0,"7,17,23,31,41,47,59",
32517264,2,"2,3,5,11,13,19,29,31,37,41",2^4 * 3^1 * 5^1 * 11^1 * 13^1 * 19^1 * 29^2 * 31^1 * 37^1 * 41^2,0,"7,17,23,43,47,53,59",
33229625,2,"2,3,5,11,13,37,43,59",2^1 * 3^1 * 5^3 * 11^2 * 13^3 * 37^1 * 43^1 * 59^2,0,"7,17,19,23,29,31,41,47,53",
33419960,2,"2,3,5,7,17,41,47,59",2^3 * 3^2 * 5^1 * 7^2 * 17^2 * 41^2 * 47^2 * 59^1,0,"11,13,19,23,29,31,37,43,53",
33669999,2,"2,3,5,7,11,13,23,31,37,53",2^4 * 3^4 * 5^4 * 7^1 * 11^1 * 13^1 * 23^1 * 31^1 * 37^1 * 53^1,0,"17,19,29,41,43,47,59",
33742631,2,"2,3,7,11,13,19,29,31,37,41,59",2^3 * 3^1 * 7^1 * 11^1 * 13^1 * 19^1 * 29^1 * 31^2 * 37^1 * 41^1 * 59^1,0,"5,17,23,43,47,53",
34000560,2,"2,3,5,7,11,17,53",2^4 * 3^6 * 5^1 * 7^6 * 11^1 * 17^2 * 53^1,0,"13,19,23,29,31,37,41,43,47,59",
34028049,2,"2,3,5,7,11,17,19,29,31,37,43",2^1 * 3^1 * 5^2 * 7^2 * 11^1 * 17^1 * 19^1 * 29^1 * 31^2 * 37^1 * 43^1,0,"13,23,41,47,53,59",
34166132,2,"2,3,7,11,13,23,37,47,53,59",2^2 * 3^2 * 7^2 * 11^1 * 13^1 * 23^1 * 37^2 * 47^1 * 53^1 * 59^1,0,"5,17,19,29,31,41,43",
34686000,2,"2,3,5,7,17,19,23,29,41,47",2^4 * 3^2 * 5^3 * 7^1 * 17^1 * 19^1 * 23^2 * 29^1 * 41^1 * 47^1,0,"11,13,31,37,43,53,59",
35412479,2,"2,3,5,17,23,29,41,47,53",2^9 * 3^2 * 5^1 * 17^1 * 23^1 * 29^1 * 41^1 * 47^2 * 53^1,0,"7,11,13,19,31,37,43,59",
35502719,2,"2,3,5,7,11,31,41,47,59",2^7 * 3^1 * 5^1 * 7^1 * 11^1 * 31^1 * 41^2 * 47^1 * 59^2,0,"13,17,19,23,29,37,43,53",
36315135,2,"2,3,5,11,13,31,41",2^13 * 3^11 * 5^1 * 11^1 * 13^1 * 31^1 * 41^1,0,"7,17,19,23,29,37,43,47,53,59",
36695672,2,"2,3,7,13,17,23,29,47",2^3 * 3^8 * 7^1 * 13^1 * 17^1 * 23^3 * 29^1 * 47^1,0,"5,11,19,31,37,41,43,53,59",
37008575,2,"2,3,5,11,17,31,53,59",2^6 * 3^4 * 5^2 * 11^2 * 17^1 * 31^1 * 53^2 * 59^1,0,"7,13,19,23,29,37,41,43,47",
37218852,2,"2,3,7,11,19,23,59",2^2 * 3^5 * 7^1 * 11^1 * 19^1 * 23^4 * 59^2,0,"5,13,17,29,31,37,41,43,47,53",
37429924,2,"2,5,7,13,19,23,41,53",2^2 * 5^2 * 7^2 * 13^1 * 19^2 * 23^2 * 41^1 * 53^2,0,"3,11,17,29,31,37,43,47,59",
37662768,2,"2,3,11,13,17,19,31,59",2^4 * 3^2 * 11^1 * 13^1 * 17^2 * 19^4 * 31^1 * 59^1,0,"5,7,23,29,37,41,43,47,53",
37810200,2,"2,3,5,11,13,29,41,43,53",2^3 * 3^1 * 5^2 * 11^2 * 13^2 * 29^1 * 41^1 * 43^2 * 53^1,0,"7,17,19,23,31,37,47,59",
38526839,2,"2,3,5,11,13,23,41,43,47",2^3 * 3^4 * 5^1 * 11^1 * 13^1 * 23^1 * 41^3 * 43^1 * 47^1,0,"7,17,19,29,31,37,53,59",
39229631,2,"2,3,7,13,31,43,47,59",2^6 * 3^2 * 7^1 * 13^3 * 31^1 * 43^1 * 47^2 * 59^1,0,"5,11,17,19,23,29,37,41,53",
39345344,2,"2,3,5,13,17,29,43,47,53",2^6 * 3^5 * 5^1 * 13^1 * 17^1 * 29^2 * 43^1 * 47^1 * 53^1,0,"7,11,19,23,31,37,41,59",
39540864,2,"2,3,5,7,11,13,23,37,43,47",2^7 * 3^1 * 5^1 * 7^1 * 11^2 * 13^1 * 23^1 * 37^1 * 43^2 * 47^1,0,"17,19,29,31,41,53,59",
39643575,2,"2,3,5,7,17,19,31,37,53,59",2^3 * 3^1 * 5^2 * 7^1 * 17^2 * 19^2 * 31^1 * 37^1 * 53^1 * 59^1,0,"11,13,23,29,41,43,47",
40750801,2,"2,7,13,17,19,23,31,37,41",2^1 * 7^3 * 13^2 * 17^1 * 19^1 * 23^1 * 31^1 * 37^1 * 41^2,0,"3,5,11,29,43,47,53,59",
41808150,2,"2,3,5,7,11,17,19,31,37,41",2^1 * 3^6 * 5^2 * 7^1 * 11^1 * 17^1 * 19^1 * 31^1 * 37^1 * 41^2,0,"13,23,29,43,47,53,59",
42357574,2,"2,5,7,13,17,19,29,47,59",2^1 * 5^2 * 7^1 * 13^1 * 17^2 * 19^2 * 29^1 * 47^2 * 59^1,0,"3,11,23,31,37,41,43,53",
42788095,2,"2,5,7,13,19,23,37,43,47",2^8 * 5^1 * 7^1 * 13^2 * 19^1 * 23^1 * 37^2 * 43^1 * 47^1,0,"3,11,17,29,31,41,53,59",
43075584,2,"2,3,5,7,19,29,31,37,41",2^11 * 3^3 * 5^1 * 7^1 * 19^1 * 29^1 * 31^1 * 37^2 * 41^1,0,"11,13,17,23,43,47,53,59",
43283240,2,"2,3,5,7,11,13,17,23,43,47",2^3 * 3^4 * 5^1 * 7^1 * 11^1 * 13^1 * 17^2 * 23^1 * 43^2 * 47^1,0,"19,29,31,37,41,53,59",
43663360,2,"2,5,7,13,17,23,41,43,53",2^14 * 5^1 * 7^2 * 13^1 * 17^1 * 23^1 * 41^1 * 43^1 * 53^1,0,"3,11,19,29,31,37,47,59",
44321375,2,"2,3,5,7,11,19,37,47",2^5 * 3^1 * 5^3 * 7^1 * 11^1 * 19^1 * 37^3 * 47^2,0,"13,17,23,29,31,41,43,53,59",
44803125,2,"2,3,5,17,23,47,53,59",2^1 * 3^5 * 5^5 * 17^1 * 23^2 * 47^1 * 53^1 * 59^1,0,"7,11,13,19,29,31,37,41,43",
45252528,2,"2,3,7,19,29,31,59",2^4 * 3^1 * 7^2 * 19^1 * 29^2 * 31^4 * 59^1,0,"5,11,13,17,23,37,41,43,47,53",
45395559,2,"2,3,5,7,11,17,19,23,37,53",2^3 * 3^8 * 5^1 * 7^2 * 11^1 * 17^1 * 19^1 * 23^1 * 37^1 * 53^1,0,"13,29,31,41,43,47,59",
45759999,2,"2,3,5,11,13,19,29,31,47",2^9 * 3^1 * 5^4 * 11^1 * 13^1 * 19^2 * 29^1 * 31^1 * 47^1,0,"7,17,23,37,41,43,53,59",
46022655,2,"2,3,5,7,17,19,23,53,59",2^14 * 3^1 * 5^1 * 7^1 * 17^1 * 19^1 * 23^1 * 53^2 * 59^1,0,"11,13,29,31,37,41,43,47",
46036224,2,"2,3,5,13,23,29,53,59",2^8 * 3^2 * 5^2 * 13^1 * 23^2 * 29^1 * 53^1 * 59^2,0,"7,11,17,19,31,37,41,43,47",
46436480,2,"2,3,5,7,13,31,37,53,59",2^7 * 3^2 * 5^1 * 7^1 * 13^1 * 31^2 * 37^2 * 53^1 * 59^1,0,"11,17,19,23,29,41,43,47",
46681271,2,"2,3,7,11,13,19,29,37,59",2^3 * 3^5 * 7^3 * 11^1 * 13^1 * 19^2 * 29^1 * 37^1 * 59^1,0,"5,17,23,31,41,43,47,53",
47018048,2,"2,3,7,11,13,23,29,43,47,53",2^6 * 3^1 * 7^2 * 11^1 * 13^1 * 23^2 * 29^1 * 43^1 * 47^1 * 53^1,0,"5,17,19,31,37,41,59",
47053824,2,"2,3,5,7,13,17,37,43,53",2^10 * 3^1 * 5^2 * 7^1 * 13^2 * 17^2 * 37^1 * 43^1 * 53^1,0,"11,19,23,29,31,41,47,59",
48074025,2,"2,3,5,7,11,13,23,29,31,37,59",2^1 * 3^1 * 5^2 * 7^1 * 11^2 * 13^1 * 23^1 * 29^1 * 31^2 * 37^1 * 59^1,0,"17,19,41,43,47,53",
48140736,2,"2,3,7,17,19,31,37,43,47",2^6 * 3^1 * 7^3 * 17^1 * 19^1 * 31^1 * 37^1 * 43^1 * 47^2,0,"5,11,13,23,29,41,53,59",
49667579,2,"2,3,5,13,23,31,37,43,47",2^2 * 3^4 * 5^1 * 13^4 * 23^1 * 31^1 * 37^1 * 43^1 * 47^1,0,"7,11,17,19,29,41,53,59",
50270870,2,"2,3,5,7,13,17,23,31,43,47,53",2^1 * 3^1 * 5^1 * 7^1 * 13^1 * 17^1 * 23^2 * 31^2 * 43^1 * 47^1 * 53^1,0,"11,19,29,37,41,59",
50398335,2,"2,3,5,13,17,19,23,47,53",2^7 * 3^3 * 5^1 * 13^2 * 17^1 * 19^1 * 23^1 * 47^2 * 53^1,0,"7,11,29,31,37,41,43,59",
50481024,2,"2,3,5,7,11,17,19,29,37",2^7 * 3^1 * 5^2 * 7^4 * 11^1 * 17^1 * 19^1 * 29^2 * 37^1,0,"13,23,31,41,43,47,53,59",
51009945,2,"2,3,5,7,13,17,19,41,47",2^1 * 3^1 * 5^1 * 7^1 * 13^4 * 17^2 * 19^1 * 41^2 * 47^1,0,"11,23,29,31,37,43,53,59",
51789374,2,"2,3,5,7,11,13,31,53,59",2^1 * 3^5 * 5^4 * 7^2 * 11^1 * 13^2 * 31^1 * 53^1 * 59^1,0,"17,19,23,29,37,41,43,47",
52450496,2,"2,3,7,11,37,43,47,53",2^6 * 3^4 * 7^1 * 11^1 * 37^2 * 43^1 * 47^2 * 53^1,0,"5,13,17,19,23,29,31,41,59",
52584399,2,"2,3,5,7,11,17,19,37,43,47,59",2^4 * 3^2 * 5^2 * 7^2 * 11^1 * 17^1 * 19^1 * 37^1 * 43^1 * 47^1 * 59^1,0,"13,23,29,31,41,53",
53206725,2,"2,3,5,11,13,19,31,41,47",2^1 * 3^1 * 5^2 * 11^3 * 13^1 * 19^1 * 31^3 * 41^1 * 47^1,0,"7,17,23,29,37,43,53,59",
53509224,2,"2,3,5,7,11,19,23,31,53,59",2^3 * 3^1 * 5^2 * 7^2 * 11^2 * 19^2 * 23^1 * 31^1 * 53^1 * 59^1,0,"13,17,29,37,41,43,47",
56319249,2,"2,3,5,7,13,17,19,23,31,43",2^1 * 3^1 * 5^3 * 7^1 * 13^2 * 17^1 * 19^3 * 23^1 * 31^1 * 43^1,0,"11,29,37,41,47,53,59",
56744792,2,"2,3,7,13,17,19,29,47",2^3 * 3^4 * 7^2 * 13^2 * 17^1 * 19^1 * 29^2 * 47^2,0,"5,11,23,31,37,41,43,53,59",
57274623,2,"2,3,7,11,23,29,43,47",2^8 * 3^2 * 7^1 * 11^2 * 23^1 * 29^2 * 43^2 * 47^1,0,"5,13,17,19,31,37,41,53,59",
57328244,2,"2,3,5,13,19,29,37,43,53",2^2 * 3^2 * 5^1 * 13^1 * 19^2 * 29^1 * 37^2 * 43^2 * 53^1,0,"7,11,17,23,31,41,47,59",
57718815,2,"2,3,5,7,11,29,37,41,59",2^5 * 3^1 * 5^1 * 7^2 * 11^3 * 29^1 * 37^1 * 41^2 * 59^1,0,"13,17,19,23,31,43,47,53",
58515610,2,"2,5,7,11,19,23,37,41,47,59",2^1 * 5^1 * 7^1 * 11^1 * 19^1 * 23^1 * 37^1 * 41^2 * 47^1 * 59^2,0,"3,13,17,29,31,43,53",
59181759,2,"2,3,5,7,11,13,17,23,31,37,43",2^6 * 3^4 * 5^1 * 7^2 * 11^1 * 13^1 * 17^1 * 23^1 * 31^1 * 37^1 * 43^1,0,"19,29,41,47,53,59",
61501517,2,"2,3,7,11,13,19,23,29,41,53",2^1 * 3^4 * 7^2 * 11^3 * 13^1 * 19^1 * 23^1 * 29^1 * 41^1 * 53^1,0,"5,17,31,37,43,47,59",
62939960,2,"2,3,5,7,23,37,41,43,59",2^3 * 3^2 * 5^1 * 7^2 * 23^1 * 37^1 * 41^1 * 43^2 * 59^2,0,"11,13,17,19,29,31,47,53",
63513450,2,"2,3,5,7,11,13,29,31,43,47,53",2^1 * 3^3 * 5^2 * 7^1 * 11^1 * 13^1 * 29^1 * 31^2 * 43^1 * 47^1 * 53^1,0,"17,19,23,37,41,59",
65823999,2,"2,3,5,11,17,19,23,37,59",2^8 * 3^1 * 5^3 * 11^2 * 17^1 * 19^1 * 23^2 * 37^1 * 59^1,0,"7,13,29,31,41,43,47,53",
65875355,2,"2,3,5,7,13,19,29,37,41,43",2^2 * 3^6 * 5^1 * 7^2 * 13^2 * 19^1 * 29^1 * 37^1 * 41^1 * 43^1,0,"11,17,23,31,47,53,59",
67024944,2,"2,3,5,7,13,23,29,31,37,59",2^4 * 3^2 * 5^1 * 7^3 * 13^1 * 23^1 * 29^1 * 31^2 * 37^1 * 59^1,0,"11,17,19,41,43,47,53",
67709520,2,"2,3,5,11,17,19,43,59",2^4 * 3^9 * 5^1 * 11^1 * 17^2 * 19^2 * 43^1 * 59^1,0,"7,13,23,29,31,37,41,47,53",
68458880,2,"2,3,5,7,17,19,31,37,43,53,59",2^7 * 3^1 * 5^1 * 7^2 * 17^1 * 19^1 * 31^1 * 37^1 * 43^1 * 53^1 * 59^1,0,"11,13,23,29,41,47",
69512013,2,"2,3,11,13,17,19,29,31,47",2^1 * 3^4 * 11^1 * 13^1 * 17^2 * 19^1 * 29^2 * 31^2 * 47^1,0,"5,7,23,37,41,43,53,59",
71843750,2,"2,3,5,7,11,17,19,37",2^1 * 3^2 * 5^6 * 7^3 * 11^2 * 17^1 * 19^1 * 37^2,0,"13,23,29,31,41,43,47,53,59",
71868264,2,"2,3,5,7,13,17,29,43,47,53",2^3 * 3^1 * 5^1 * 7^1 * 13^3 * 17^1 * 29^1 * 43^1 * 47^1 * 53^2,0,"11,19,23,31,37,41,59",
72810660,2,"2,3,5,7,11,13,17,19,31,47,59",2^2 * 3^1 * 5^1 * 7^1 * 11^2 * 13^1 * 17^3 * 19^1 * 31^1 * 47^1 * 59^1,0,"23,29,37,41,43,53",
73188024,2,"2,3,5,7,13,23,29,31,47,59",2^3 * 3^1 * 5^2 * 7^1 * 13^1 * 23^1 * 29^2 * 31^1 * 47^1 * 59^2,0,"11,17,19,37,41,43,53",
73379361,2,"2,3,7,11,17,23,37,47,59",2^1 * 3^1 * 7^5 * 11^3 * 17^1 * 23^1 * 37^1 * 47^1 * 59^1,0,"5,13,19,29,31,41,43,53",
76271624,2,"2,3,5,11,13,19,29,31",2^3 * 3^9 * 5^3 * 11^3 * 13^1 * 19^1 * 29^1 * 31^1,0,"7,17,23,37,41,43,47,53,59",
78008579,2,"2,3,5,11,13,17,29,37,43,47,53",2^2 * 3^2 * 5^1 * 11^3 * 13^1 * 17^1 * 29^1 * 37^1 * 43^1 * 47^1 * 53^1,0,"7,19,23,31,41,59",
78125796,2,"2,3,7,19,29,31,37,43,47",2^2 * 3^4 * 7^3 * 19^1 * 29^1 * 31^1 * 37^1 * 43^2 * 47^1,0,"5,11,13,17,23,41,53,59",
79384832,2,"2,3,11,17,29,37,47",2^8 * 3^3 * 11^3 * 17^2 * 29^1 * 37^1 * 47^2,0,"5,7,13,19,23,31,41,43,53,59",
79647050,2,"2,3,5,7,11,19,29,37,41,43,59",2^1 * 3^1 * 5^2 * 7^2 * 11^1 * 19^1 * 29^1 * 37^2 * 41^1 * 43^1 * 59^1,0,"13,17,23,31,47,53",
80061344,2,"2,3,5,7,11,13,19,23,29,31",2^5 * 3^3 * 5^1 * 7^4 * 11^2 * 13^1 * 19^1 * 23^1 * 29^1 * 31^1,0,"17,37,41,43,47,53,59",
80314367,2,"2,3,7,19,23,41,43",2^15 * 3^1 * 7^1 * 19^1 * 23^4 * 41^1 * 43^1,0,"5,11,13,17,29,31,37,47,53,59",
81538749,2,"2,3,5,17,23,29,37,41,43,47",2^1 * 3^2 * 5^4 * 17^2 * 23^1 * 29^1 * 37^1 * 41^1 * 43^1 * 47^1,0,"7,11,13,19,31,53,59",
83480319,2,"2,3,5,7,11,13,17,19,47",2^8 * 3^2 * 5^1 * 7^2 * 11^3 * 13^1 * 17^1 * 19^1 * 47^2,0,"23,29,31,37,41,43,53,59",
85459374,2,"2,3,5,7,11,13,17,23,29,31,41",2^1 * 3^4 * 5^5 * 7^1 * 11^1 * 13^1 * 17^1 * 23^1 * 29^1 * 31^1 * 41^1,0,"19,37,43,47,53,59",
89988275,2,"2,3,5,7,13,17,19,29,41,53,59",2^2 * 3^1 * 5^2 * 7^1 * 13^2 * 17^1 * 19^2 * 29^1 * 41^1 * 53^1 * 59^1,0,"11,23,31,37,43,47",
90812799,2,"2,3,5,7,11,13,19,37,59",2^7 * 3^3 * 5^2 * 7^1 * 11^3 * 13^1 * 19^2 * 37^1 * 59^1,0,"17,23,29,31,41,43,47,53",
92238299,2,"2,3,5,7,11,29,31,37,47,59",2^2 * 3^2 * 5^2 * 7^1 * 11^4 * 29^1 * 31^1 * 37^1 * 47^1 * 59^1,0,"13,17,19,23,41,43,53",
96059600,2,"2,3,5,7,11,13,29",2^4 * 3^8 * 5^2 * 7^2 * 11^4 * 13^2 * 29^1,0,"17,19,23,31,37,41,43,47,53,59",
98008911,2,"2,3,7,11,13,23,43,47,59",2^4 * 3^2 * 7^1 * 11^2 * 13^1 * 23^1 * 43^1 * 47^3 * 59^1,0,"5,17,19,29,31,37,41,53",
101273249,2,"2,3,5,7,11,13,17,19,29,31,47",2^1 * 3^1 * 5^3 * 7^2 * 11^2 * 13^2 * 17^1 * 19^1 * 29^1 * 31^1 * 47^1,0,"23,37,41,43,53,59",
102263634,2,"2,3,5,11,23,37,41,47",2^1 * 3^5 * 5^1 * 11^2 * 23^3 * 37^1 * 41^2 * 47^1,0,"7,13,17,19,29,31,43,53,59",
106846614,2,"2,3,5,7,17,19,23,29,31,41,43",2^1 * 3^6 * 5^1 * 7^1 * 17^1 * 19^2 * 23^1 * 29^1 * 31^1 * 41^1 * 43^1,0,"11,13,37,47,53,59",
109291895,2,"2,3,5,7,17,19,31,37,41,43,59",2^3 * 3^3 * 5^1 * 7^1 * 17^1 * 19^1 * 31^1 * 37^1 * 41^2 * 43^1 * 59^1,0,"11,13,23,29,47,53",
111257600,2,"2,3,5,7,13,23,29,41,47,53",2^11 * 3^1 * 5^2 * 7^1 * 13^2 * 23^1 * 29^1 * 41^1 * 47^1 * 53^1,0,"11,17,19,31,37,43,59",
111598760,2,"2,3,5,7,13,17,19,23,31,41,43,53",2^3 * 3^1 * 5^1 * 7^1 * 13^1 * 17^1 * 19^1 * 23^1 * 31^1 * 41^1 * 43^1 * 53^2,0,"11,29,37,47,59",
112374999,2,"2,3,5,11,29,31,53,59",2^3 * 3^3 * 5^6 * 11^3 * 29^1 * 31^1 * 53^1 * 59^1,0,"7,13,17,19,23,37,41,43,47",
112784399,2,"2,3,5,7,13,19,37,41,43,59",2^4 * 3^4 * 5^2 * 7^1 * 13^1 * 19^1 * 37^1 * 41^1 * 43^1 * 59^2,0,"11,17,23,29,31,47,53",
118352640,2,"2,3,5,7,11,17,23,37,43",2^8 * 3^1 * 5^1 * 7^2 * 11^2 * 17^1 * 23^2 * 37^1 * 43^2,0,"13,19,29,31,41,47,53,59",
118374399,2,"2,3,5,11,13,17,23,31,43",2^14 * 3^3 * 5^2 * 11^1 * 13^1 * 17^2 * 23^1 * 31^1 * 43^1,0,"7,19,29,37,41,47,53,59",
118671875,2,"2,3,5,7,31,37,41,53",2^2 * 3^2 * 5^7 * 7^2 * 31^1 * 37^1 * 41^2 * 53^1,0,"11,13,17,19,23,29,43,47,59",
119094299,2,"2,3,5,13,17,19,23,29,41",2^2 * 3^5 * 5^2 * 13^2 * 17^2 * 19^1 * 23^2 * 29^1 * 41^1,0,"7,11,31,37,43,47,53,59",
120551808,2,"2,3,7,13,19,23,31,37,41,59",2^7 * 3^1 * 7^4 * 13^1 * 19^1 * 23^1 * 31^1 * 37^1 * 41^1 * 59^1,0,"5,11,17,29,43,47,53",
124091232,2,"2,3,7,23,29,31,47,53",2^5 * 3^1 * 7^1 * 23^3 * 29^3 * 31^1 * 47^1 * 53^1,0,"5,11,13,17,19,37,41,43,59",
127177050,2,"2,3,5,7,11,13,17,19,23,53",2^1 * 3^1 * 5^2 * 7^2 * 11^3 * 13^1 * 17^2 * 19^2 * 23^1 * 53^1,0,"29,31,37,41,43,47,59",
127439136,2,"2,3,7,11,19,23,29,37,47,53",2^5 * 3^3 * 7^1 * 11^2 * 19^2 * 23^1 * 29^1 * 37^1 * 47^1 * 53^1,0,"5,13,17,31,41,43,59",
130850720,2,"2,3,5,7,11,13,19,31,41,43",2^5 * 3^4 * 5^1 * 7^1 * 11^1 * 13^1 * 19^1 * 31^2 * 41^2 * 43^1,0,"17,23,29,37,47,53,59",
132663167,2,"2,3,7,11,13,19,29,31,37,41",2^7 * 3^2 * 7^1 * 11^1 * 13^1 * 19^2 * 29^1 * 31^2 * 37^1 * 41^1,0,"5,17,23,43,47,53,59",
133919999,2,"2,3,5,17,19,29,31",2^8 * 3^3 * 5^4 * 17^2 * 19^1 * 29^3 * 31^1,0,"7,11,13,23,37,41,43,47,53,59",
135889244,2,"2,3,5,17,23,29,31,43,53",2^2 * 3^7 * 5^1 * 17^2 * 23^1 * 29^1 * 31^2 * 43^1 * 53^1,0,"7,11,13,19,37,41,47,59",
135978920,2,"2,3,5,7,11,13,17,23,53",2^3 * 3^2 * 5^1 * 7^3 * 11^1 * 13^4 * 17^1 * 23^2 * 53^1,0,"19,29,31,37,41,43,47,59",
136835244,2,"2,3,5,7,13,17,19,41,43",2^2 * 3^5 * 5^1 * 7^2 * 13^2 * 17^1 * 19^2 * 41^1 * 43^2,0,"11,23,29,31,37,47,53,59",
141433149,2,"2,3,5,11,13,17,19,41,43,53",2^1 * 3^1 * 5^2 * 11^2 * 13^1 * 17^1 * 19^1 * 41^1 * 43^1 * 53^3,0,"7,23,29,31,37,47,59",
142416000,2,"2,3,5,7,13,19,23,41,43",2^7 * 3^2 * 5^3 * 7^3 * 13^1 * 19^1 * 23^1 * 41^2 * 43^1,0,"11,17,29,31,37,47,53,59",
150124909,2,"2,5,11,13,17,19,23,29,31,37,47,59",2^1 * 5^1 * 11^1 * 13^1 * 17^1 * 19^1 * 23^2 * 29^1 * 31^1 * 37^1 * 47^1 * 59^1,0,"3,7,41,43,53",
152989375,2,"2,5,7,11,17,23,37,53",2^6 * 5^4 * 7^1 * 11^2 * 17^2 * 23^1 * 37^1 * 53^2,0,"3,13,19,29,31,41,43,47,59",
153605024,2,"2,3,5,7,19,29,41,47,53,59",2^5 * 3^3 * 5^2 * 7^1 * 19^1 * 29^1 * 41^1 * 47^2 * 53^1 * 59^1,0,"11,13,17,23,31,37,43",
154466675,2,"2,3,5,7,11,13,17,19,31,37,47",2^2 * 3^4 * 5^2 * 7^1 * 11^1 * 13^3 * 17^1 * 19^1 * 31^1 * 37^1 * 47^1,0,"23,29,41,43,53,59",
154982970,2,"2,3,5,11,13,23,47,53,59",2^1 * 3^5 * 5^1 * 11^3 * 13^3 * 23^1 * 47^1 * 53^1 * 59^1,0,"7,17,19,29,31,37,41,43",
158385500,2,"2,3,5,7,13,19,29,41,59",2^2 * 3^2 * 5^3 * 7^1 * 13^1 * 19^2 * 29^1 * 41^2 * 59^2,0,"11,17,23,31,37,43,47,53",
160784351,2,"2,3,7,13,17,23,29,31,37,53",2^5 * 3^5 * 7^1 * 13^1 * 17^1 * 23^1 * 29^1 * 31^1 * 37^1 * 53^2,0,"5,11,19,41,43,47,59",
161343819,2,"2,3,5,7,11,13,19,29,53,59",2^2 * 3^4 * 5^1 * 7^2 * 11^4 * 13^1 * 19^1 * 29^1 * 53^1 * 59^1,0,"17,23,31,37,41,43,47",
162390833,2,"2,3,11,17,19,23,31,43,53,59",2^1 * 3^2 * 11^2 * 17^2 * 19^1 * 23^2 * 31^1 * 43^1 * 53^1 * 59^1,0,"5,7,13,29,37,41,47",
168702975,2,"2,3,5,7,13,19,23,29,43,47,53",2^10 * 3^2 * 5^2 * 7^1 * 13^1 * 19^1 * 23^1 * 29^1 * 43^1 * 47^1 * 53^1,0,"11,17,31,37,41,59",
170863940,2,"2,3,5,13,17,19,23,29,31,43,47,59",2^2 * 3^1 * 5^1 * 13^1 * 17^1 * 19^1 * 23^1 * 29^1 * 31^1 * 43^1 * 47^2 * 59^1,0,"7,11,37,41,53",
177182720,2,"2,3,5,11,13,17,29",2^11 * 3^6 * 5^1 * 11^3 * 13^1 * 17^2 * 29^2,0,"7,19,23,31,37,41,43,47,53,59",
181037024,2,"2,3,5,7,13,23,29,31",2^5 * 3^4 * 5^2 * 7^1 * 13^2 * 23^2 * 29^2 * 31^2,0,"11,17,19,37,41,43,47,53,59",
182827367,2,"2,3,17,19,23,29,31,47",2^3 * 3^6 * 17^1 * 19^2 * 23^1 * 29^1 * 31^3 * 47^1,0,"5,7,11,13,37,41,43,53,59",
182857499,2,"2,3,5,7,11,29,31,41,43",2^2 * 3^5 * 5^4 * 7^1 * 11^2 * 29^1 * 31^1 * 41^2 * 43^1,0,"13,17,19,23,37,47,53,59",
187388720,2,"2,3,5,13,29,37,59",2^4 * 3^8 * 5^1 * 13^4 * 29^1 * 37^2 * 59^1,0,"7,11,17,19,23,31,41,43,47,53",
192469375,2,"2,5,7,11,17,29,37,41,43",2^7 * 5^4 * 7^1 * 11^2 * 17^2 * 29^1 * 37^1 * 41^1 * 43^1,0,"3,13,19,23,31,47,53,59",
200474624,2,"2,3,5,7,13,17,19,23,41,59",2^16 * 3^1 * 5^3 * 7^1 * 13^1 * 17^1 * 19^1 * 23^1 * 41^1 * 59^1,0,"11,29,31,37,43,47,53",
206632160,2,"2,3,5,7,17,23,37,53,59",2^5 * 3^3 * 5^1 * 7^1 * 17^1 * 23^3 * 37^1 * 53^1 * 59^2,0,"11,13,19,29,31,41,43,47",
208383279,2,"2,3,5,7,13,17,19,41,53,59",2^4 * 3^1 * 5^1 * 7^2 * 13^1 * 17^1 * 19^4 * 41^1 * 53^1 * 59^1,0,"11,23,29,31,37,43,47",
209644479,2,"2,3,5,11,19,29,37,41,43",2^6 * 3^2 * 5^1 * 11^4 * 19^1 * 29^2 * 37^1 * 41^1 * 43^1,0,"7,13,17,23,31,47,53,59",
219865624,2,"2,5,7,11,17,19,23,47,53,59",2^3 * 5^5 * 7^1 * 11^1 * 17^1 * 19^1 * 23^2 * 47^1 * 53^1 * 59^1,0,"3,13,29,31,37,41,43",
226987110,2,"2,3,5,7,13,17,19,41,43,47",2^1 * 3^4 * 5^1 * 7^3 * 13^2 * 17^1 * 19^1 * 41^2 * 43^1 * 47^1,0,"11,23,29,31,37,53,59",
227613749,2,"2,3,5,7,11,13,19,23,29,31,43",2^1 * 3^1 * 5^4 * 7^1 * 11^1 * 13^1 * 19^2 * 23^1 * 29^1 * 31^1 * 43^2,0,"17,37,41,47,53,59",
229856319,2,"2,3,5,7,11,17,19,23,29,31,47",2^6 * 3^3 * 5^1 * 7^1 * 11^2 * 17^1 * 19^1 * 23^2 * 29^1 * 31^1 * 47^1,0,"13,37,41,43,53,59",
247645255,2,"2,5,11,13,17,23,37,43,47,53",2^3 * 5^1 * 11^2 * 13^1 * 17^2 * 23^1 * 37^2 * 43^1 * 47^1 * 53^1,0,"3,7,19,29,31,41,59",
261436560,2,"2,3,5,7,11,19,23,37,43,47",2^4 * 3^1 * 5^1 * 7^2 * 11^1 * 19^2 * 23^2 * 37^2 * 43^1 * 47^1,0,"13,17,29,31,41,53,59",
265298495,2,"2,3,5,7,11,29,31,41,53",2^6 * 3^1 * 5^1 * 7^6 * 11^1 * 29^2 * 31^1 * 41^1 * 53^1,0,"13,17,19,23,37,43,47,59",
286013440,2,"2,5,7,17,19,23,31,37,53",2^11 * 5^1 * 7^2 * 17^1 * 19^3 * 23^1 * 31^1 * 37^1 * 53^1,0,"3,11,13,29,41,43,47,59",
290642030,2,"2,3,5,7,17,19,23,29,37,41,43,47",2^1 * 3^2 * 5^1 * 7^2 * 17^1 * 19^1 * 23^1 * 29^2 * 37^1 * 41^1 * 43^1 * 47^1,0,"11,13,31,53,59",
290736600,2,"2,3,5,7,11,17,29,31,59",2^3 * 3^1 * 5^2 * 7^2 * 11^1 * 17^4 * 29^1 * 31^1 * 59^2,0,"13,19,23,37,41,43,47,53",
293635440,2,"2,3,5,7,11,17,29,31,37,41",2^4 * 3^2 * 5^1 * 7^3 * 11^1 * 17^1 * 29^1 * 31^1 * 37^3 * 41^1,0,"13,19,23,43,47,53,59",
301327047,2,"2,3,7,11,23,53",2^3 * 3^16 * 7^1 * 11^1 * 23^1 * 53^3,0,"5,13,17,19,29,31,37,41,43,47,59",
308915775,2,"2,3,5,7,13,19,31,37",2^6 * 3^4 * 5^2 * 7^1 * 13^6 * 19^1 * 31^1 * 37^1,0,"11,17,23,29,41,43,47,53,59",
308950928,2,"2,3,7,11,13,17,31,47",2^4 * 3^8 * 7^2 * 11^1 * 13^3 * 17^1 * 31^2 * 47^1,0,"5,19,23,29,37,41,43,53,59",
327877451,2,"2,3,7,11,19,29,31,41,43,47,53",2^2 * 3^2 * 7^1 * 11^2 * 19^1 * 29^1 * 31^1 * 41^1 * 43^1 * 47^2 * 53^1,0,"5,13,17,23,37,59",
339578525,2,"2,3,5,7,11,13,19,31,37,43,47,53",2^1 * 3^1 * 5^2 * 7^2 * 11^1 * 13^1 * 19^1 * 31^1 * 37^1 * 43^1 * 47^2 * 53^1,0,"17,23,29,41,59",
356800080,2,"2,3,5,7,11,13,17,23,31,41,53,59",2^4 * 3^1 * 5^1 * 7^1 * 11^2 * 13^1 * 17^1 * 23^1 * 31^2 * 41^1 * 53^1 * 59^1,0,"19,29,37,43,47",
370256249,2,"2,3,5,7,11,13,19,31",2^1 * 3^1 * 5^5 * 7^2 * 11^7 * 13^1 * 19^1 * 31^1,0,"17,23,29,37,41,43,47,53,59",
373703109,2,"2,3,5,11,13,31,41,43,47,59",2^1 * 3^1 * 5^1 * 11^1 * 13^3 * 31^2 * 41^2 * 43^1 * 47^1 * 59^1,0,"7,17,19,23,29,37,53",
382241600,2,"2,3,5,7,13,17,19,23,47",2^6 * 3^2 * 5^2 * 7^6 * 13^1 * 17^1 * 19^2 * 23^1 * 47^1,0,"11,29,31,37,41,43,53,59",
397683363,2,"2,3,7,11,13,17,23,37,59",2^2 * 3^1 * 7^2 * 11^1 * 13^4 * 17^2 * 23^1 * 37^1 * 59^2,0,"5,19,29,31,41,43,47,53",
403560000,2,"2,3,5,13,19,23,47,59",2^6 * 3^2 * 5^4 * 13^2 * 19^1 * 23^1 * 47^3 * 59^1,0,"7,11,17,29,31,37,41,43,53",
415704575,2,"2,3,5,7,11,13,23,31,41",2^9 * 3^1 * 5^2 * 7^1 * 11^3 * 13^1 * 23^1 * 31^2 * 41^2,0,"17,19,29,37,43,47,53,59",
450620415,2,"2,3,5,7,19,23,29,53",2^10 * 3^7 * 5^1 * 7^2 * 19^2 * 23^1 * 29^2 * 53^1,0,"11,13,17,31,37,41,43,47,59",
457318224,2,"2,3,5,7,11,13,17,37,47",2^4 * 3^5 * 5^2 * 7^2 * 11^1 * 13^2 * 17^2 * 37^1 * 47^2,0,"19,23,29,31,41,43,53,59",
471709484,2,"2,3,5,13,19,23,31,37,43,47,59",2^2 * 3^2 * 5^1 * 13^1 * 19^1 * 23^1 * 31^1 * 37^2 * 43^2 * 47^1 * 59^1,0,"7,11,17,29,41,53",
475611135,2,"2,3,5,7,11,13,19,23,29,37,53",2^14 * 3^1 * 5^1 * 7^1 * 11^1 * 13^1 * 19^1 * 23^1 * 29^1 * 37^2 * 53^1,0,"17,31,41,43,47,59",
487530861,2,"2,3,7,13,17,19,23,29,31,43",2^1 * 3^1 * 7^1 * 13^2 * 17^2 * 19^4 * 23^1 * 29^1 * 31^1 * 43^1,0,"5,11,37,41,47,53,59",
490145733,2,"2,3,7,11,13,17,29,37,41,43",2^1 * 3^2 * 7^1 * 11^1 * 13^1 * 17^2 * 29^4 * 37^1 * 41^1 * 43^1,0,"5,19,23,31,47,53,59",
509489370,2,"2,3,5,13,17,19,29,31,37,41,43,53",2^1 * 3^2 * 5^1 * 13^2 * 17^2 * 19^1 * 29^1 * 31^1 * 37^1 * 41^1 * 43^1 * 53^1,0,"7,11,23,47,59",
509691500,2,"2,3,5,11,17,23,29,41,47,59",2^2 * 3^3 * 5^3 * 11^1 * 17^1 * 23^2 * 29^1 * 41^1 * 47^1 * 59^2,0,"7,13,19,31,37,43,53",
515732399,2,"2,3,5,7,13,17,31,41,53",2^4 * 3^3 * 5^2 * 7^4 * 13^2 * 17^1 * 31^1 * 41^1 * 53^2,0,"11,19,23,29,37,43,47,59",
529046000,2,"2,3,5,7,11,17,23,31,41,53",2^4 * 3^2 * 5^3 * 7^1 * 11^2 * 17^2 * 23^1 * 31^1 * 41^2 * 53^1,0,"13,19,29,37,43,47,59",
544899095,2,"2,3,5,7,13,17,23,29,43,53",2^3 * 3^3 * 5^1 * 7^1 * 13^2 * 17^2 * 23^3 * 29^1 * 43^1 * 53^1,0,"11,19,31,37,41,47,59",
546343875,2,"2,3,5,7,11,13,17,29,31,53",2^2 * 3^2 * 5^3 * 7^2 * 11^1 * 13^2 * 17^1 * 29^2 * 31^2 * 53^1,0,"19,23,37,41,43,47,59",
553268960,2,"2,3,5,7,17,19,29,43,47,53,59",2^5 * 3^5 * 5^1 * 7^1 * 17^1 * 19^2 * 29^1 * 43^1 * 47^1 * 53^1 * 59^1,0,"11,13,23,31,37,41",
569676800,2,"2,3,5,7,11,17,31,47,59",2^10 * 3^1 * 5^2 * 7^1 * 11^1 * 17^2 * 31^1 * 47^3 * 59^1,0,"13,19,23,29,37,41,43,53",
576545462,2,"2,3,13,17,19,23,29,43,59",2^1 * 3^2 * 13^1 * 17^4 * 19^1 * 23^3 * 29^1 * 43^1 * 59^1,0,"5,7,11,31,37,41,47,53",
586485900,2,"2,3,5,7,11,13,19,23,31,43,59",2^2 * 3^3 * 5^2 * 7^2 * 11^1 * 13^1 * 19^1 * 23^3 * 31^1 * 43^1 * 59^1,0,"17,29,37,41,47,53",
591130374,2,"2,3,5,11,17,19,29,41,43,47",2^1 * 3^1 * 5^3 * 11^4 * 17^1 * 19^1 * 29^1 * 41^2 * 43^1 * 47^1,0,"7,13,23,31,37,53,59",
611969280,2,"2,3,5,7,11,13,17,23,29,41,47",2^8 * 3^1 * 5^1 * 7^4 * 11^1 * 13^2 * 17^1 * 23^1 * 29^1 * 41^1 * 47^1,0,"19,31,37,43,53,59",
625121874,2,"2,3,5,7,13,17,41,43,59",2^1 * 3^6 * 5^5 * 7^1 * 13^2 * 17^1 * 41^2 * 43^1 * 59^1,0,"11,19,23,29,31,37,47,53",
658831250,2,"2,3,5,7,11,13,19,23,29,31,37,43",2^1 * 3^1 * 5^5 * 7^1 * 11^1 * 13^1 * 19^1 * 23^1 * 29^1 * 31^1 * 37^2 * 43^1,0,"17,41,47,53,59",
752679224,2,"2,3,5,11,19,29,31,43,59",2^3 * 3^2 * 5^2 * 11^1 * 19^3 * 29^1 * 31^2 * 43^1 * 59^2,0,"7,13,17,23,37,41,47,53",
753777024,2,"2,3,5,7,11,13,17,19,37,53",2^7 * 3^1 * 5^2 * 7^1 * 11^1 * 13^1 * 17^4 * 19^2 * 37^1 * 53^1,0,"23,29,31,41,43,47,59",
758508651,2,"2,3,11,17,19,23,31,41,53",2^2 * 3^3 * 11^1 * 17^1 * 19^2 * 23^1 * 31^3 * 41^1 * 53^2,0,"5,7,13,29,37,43,47,59",
876219200,2,"2,3,5,11,13,19,23,37,41",2^6 * 3^4 * 5^2 * 11^2 * 13^2 * 19^2 * 23^2 * 37^1 * 41^1,0,"7,17,29,31,43,47,53,59",
879207615,2,"2,3,5,7,11,13,17,19,29,31,37,47,59",2^6 * 3^4 * 5^1 * 7^1 * 11^1 * 13^1 * 17^1 * 19^1 * 29^1 * 31^1 * 37^1 * 47^1 * 59^1,0,"23,41,43,53",
909512064,2,"2,3,5,7,11,19,29,53",2^7 * 3^9 * 5^1 * 7^1 * 11^1 * 19^2 * 29^2 * 53^2,0,"13,17,23,31,37,41,43,47,59",
911062844,2,"2,3,5,7,11,17,19,23,31,41,43,53",2^2 * 3^2 * 5^1 * 7^1 * 11^3 * 17^1 * 19^1 * 23^2 * 31^1 * 41^1 * 43^1 * 53^1,0,"13,29,37,47,59",
913038048,2,"2,3,7,11,13,37,43,53",2^5 * 3^3 * 7^1 * 11^3 * 13^4 * 37^1 * 43^2 * 53^1,0,"5,17,19,23,29,31,41,47,59",
920577797,2,"2,3,7,19,29,31,37,41,43",2^1 * 3^5 * 7^2 * 19^2 * 29^1 * 31^1 * 37^1 * 41^3 * 43^1,0,"5,11,13,17,23,47,53,59",
926288154,2,"2,3,5,11,13,23,37,41,43,53",2^1 * 3^2 * 5^1 * 11^3 * 13^3 * 23^1 * 37^1 * 41^2 * 43^1 * 53^1,0,"7,17,19,29,31,47,59",
929166875,2,"2,3,5,7,11,13,17,31,43,47",2^2 * 3^5 * 5^4 * 7^1 * 11^1 * 13^1 * 17^1 * 31^2 * 43^2 * 47^1,0,"19,23,29,37,41,53,59",
938428335,2,"2,3,5,13,19,23,37,41,53,59",2^4 * 3^5 * 5^1 * 13^1 * 19^1 * 23^1 * 37^1 * 41^3 * 53^1 * 59^1,0,"7,11,17,29,31,43,47",
968609135,2,"2,3,5,11,13,17,29,31,47,59",2^4 * 3^1 * 5^1 * 11^1 * 13^2 * 17^1 * 29^3 * 31^1 * 47^1 * 59^2,0,"7,19,23,37,41,43,53",
974188943,2,"2,3,7,13,17,23,59",2^4 * 3^6 * 7^4 * 13^1 * 17^4 * 23^2 * 59^1,0,"5,11,19,29,31,37,41,43,47,53",
1018249595,2,"2,3,5,7,11,13,17,19,29,41,47",2^2 * 3^3 * 5^1 * 7^2 * 11^1 * 13^1 * 17^2 * 19^2 * 29^1 * 41^1 * 47^2,0,"23,31,37,43,53,59",
1075774400,2,"2,3,5,13,23,29,31,41",2^6 * 3^2 * 5^2 * 13^2 * 23^2 * 29^4 * 31^1 * 41^1,0,"7,11,17,19,37,43,47,53,59",
1136114784,2,"2,3,5,7,13,19,23,31,37,47,53",2^5 * 3^2 * 5^1 * 7^4 * 13^1 * 19^1 * 23^2 * 31^1 * 37^1 * 47^1 * 53^1,0,"11,17,29,41,43,59",
1211590016,2,"2,3,7,11,13,17,41,43,47,53,59",2^7 * 3^2 * 7^1 * 11^1 * 13^1 * 17^3 * 41^1 * 43^1 * 47^1 * 53^1 * 59^1,0,"5,19,23,29,31,37",
1212300375,2,"2,3,5,7,11,13,23,37,43,47,53,59",2^3 * 3^1 * 5^3 * 7^2 * 11^1 * 13^2 * 23^1 * 37^1 * 43^1 * 47^1 * 53^1 * 59^1,0,"17,19,29,31,41",
1236541410,2,"2,3,5,7,13,17,23,29,43,53,59",2^1 * 3^3 * 5^1 * 7^5 * 13^1 * 17^2 * 23^1 * 29^1 * 43^1 * 53^1 * 59^1,0,"11,19,31,37,41,47",
1236843399,2,"2,3,5,11,13,19,23,37,43,47",2^3 * 3^1 * 5^2 * 11^1 * 13^2 * 19^2 * 23^1 * 37^1 * 43^1 * 47^3,0,"7,17,29,31,41,53,59",
1333564323,2,"2,3,7,13,19,31,37,47,53",2^2 * 3^1 * 7^1 * 13^1 * 19^2 * 31^4 * 37^1 * 47^1 * 53^2,0,"5,11,17,23,29,41,43,59",
1378808885,2,"2,3,5,7,13,17,29,31,37,41,53",2^1 * 3^1 * 5^1 * 7^1 * 13^1 * 17^3 * 29^1 * 31^1 * 37^2 * 41^1 * 53^2,0,"11,19,23,43,47,59",
1382718749,2,"2,3,5,7,17,19,37,43,53,59",2^1 * 3^1 * 5^6 * 7^3 * 17^1 * 19^1 * 37^2 * 43^1 * 53^1 * 59^1,0,"11,13,23,29,31,41,47",
1383958575,2,"2,3,5,7,11,13,17,19,23,31,59",2^4 * 3^3 * 5^2 * 7^1 * 11^1 * 13^2 * 17^2 * 19^1 * 23^1 * 31^1 * 59^2,0,"29,37,41,43,47,53",
1412481888,2,"2,3,7,13,19,23,29,43,59",2^5 * 3^4 * 7^4 * 13^2 * 19^1 * 23^1 * 29^1 * 43^1 * 59^2,0,"5,11,17,31,37,41,47,53",
1611308699,2,"2,3,5,7,11,13,19,23,31",2^2 * 3^6 * 5^2 * 7^4 * 11^1 * 13^2 * 19^2 * 23^1 * 31^2,0,"17,29,37,41,43,47,53,59",
1671489764,2,"2,3,5,7,11,23,43,47,59",2^2 * 3^2 * 5^1 * 7^5 * 11^4 * 23^2 * 43^1 * 47^1 * 59^1,0,"13,17,19,29,31,37,41,53",
1777331555,2,"2,3,5,7,11,13,17,23,29,31,37,43,47",2^2 * 3^2 * 5^1 * 7^1 * 11^1 * 13^1 * 17^1 * 23^2 * 29^2 * 31^1 * 37^1 * 43^1 * 47^1,0,"19,41,53,59",
1851976191,2,"2,3,11,13,17,23,29,41,53",2^9 * 3^1 * 11^1 * 13^2 * 17^1 * 23^1 * 29^2 * 41^3 * 53^1,0,"5,7,19,31,37,43,47,59",
1872390624,2,"2,3,5,7,13,17,19,23,37,41,43,53",2^5 * 3^1 * 5^6 * 7^1 * 13^1 * 17^1 * 19^1 * 23^1 * 37^1 * 41^1 * 43^1 * 53^1,0,"11,29,31,47,59",
1949696000,2,"2,3,5,7,11,17,19,41,53",2^17 * 3^4 * 5^3 * 7^1 * 11^1 * 17^1 * 19^1 * 41^1 * 53^2,0,"13,23,29,31,37,43,47,59",
2128715043,2,"2,3,7,13,17,23,29,37,43,59",2^2 * 3^1 * 7^1 * 13^3 * 17^2 * 23^2 * 29^1 * 37^1 * 43^1 * 59^2,0,"5,11,19,31,41,47,53",
2204604324,2,"2,3,5,7,11,13,43,47,53,59",2^2 * 3^3 * 5^2 * 7^2 * 11^1 * 13^2 * 43^1 * 47^1 * 53^2 * 59^2,0,"17,19,23,29,31,37,41",
2318679999,2,"2,3,5,7,13,31,37,47,59",2^6 * 3^6 * 5^4 * 7^3 * 13^2 * 31^1 * 37^1 * 47^1 * 59^1,0,"11,17,19,23,29,41,43,53",
2518032384,2,"2,3,5,7,11,17,41,53,59",2^13 * 3^2 * 5^1 * 7^2 * 11^5 * 17^1 * 41^1 * 53^1 * 59^1,0,"13,19,23,29,31,37,43,47",
3042467967,2,"2,3,7,11,17,19,23,31,37,43,47,53",2^7 * 3^1 * 7^4 * 11^1 * 17^1 * 19^1 * 23^1 * 31^1 * 37^1 * 43^1 * 47^1 * 53^1,0,"5,13,29,41,59",
3049690175,2,"2,3,5,7,13,23,47,59",2^6 * 3^4 * 5^2 * 7^4 * 13^2 * 23^1 * 47^2 * 59^2,0,"11,17,19,29,31,37,41,43,53",
3157725843,2,"2,3,7,13,17,19,23,31,59",2^2 * 3^3 * 7^1 * 13^1 * 17^2 * 19^3 * 23^4 * 31^1 * 59^1,0,"5,11,29,37,41,43,47,53",
3199900599,2,"2,3,5,7,13,17,19,23,29,31,37,43,53",2^3 * 3^3 * 5^2 * 7^1 * 13^1 * 17^1 * 19^1 * 23^1 * 29^1 * 31^1 * 37^2 * 43^1 * 53^1,0,"11,41,47,59",
3425443424,2,"2,3,5,13,17,19,31,37,43,47,53",2^5 * 3^7 * 5^2 * 13^2 * 17^1 * 19^1 * 31^1 * 37^1 * 43^1 * 47^1 * 53^1,0,"7,11,23,29,41,59",
3433062500,2,"2,3,5,7,11,17,19,23,37,47,59",2^2 * 3^3 * 5^6 * 7^2 * 11^1 * 17^2 * 19^1 * 23^1 * 37^1 * 47^1 * 59^1,0,"13,29,31,41,43,53",
3463199999,2,"2,3,5,7,13,17,23,31,37",2^8 * 3^2 * 5^5 * 7^5 * 13^1 * 17^2 * 23^1 * 31^1 * 37^1,0,"11,19,29,41,43,47,53,59",
3539378375,2,"2,3,5,13,17,31,37,43,59",2^3 * 3^3 * 5^3 * 13^1 * 17^2 * 31^2 * 37^3 * 43^1 * 59^1,0,"7,11,19,23,29,41,47,53",
3698682624,2,"2,3,5,7,11,13,23,43,47,59",2^8 * 3^2 * 5^3 * 7^1 * 11^4 * 13^2 * 23^1 * 43^1 * 47^1 * 59^1,0,"17,19,29,31,37,41,53",
3931164600,2,"2,3,5,7,11,13,19,23,29,47,53",2^3 * 3^1 * 5^2 * 7^2 * 11^1 * 13^4 * 19^1 * 23^1 * 29^1 * 47^1 * 53^2,0,"17,31,37,41,43,59",
4022857475,2,"2,3,5,7,11,13,17,31,41,43,59",2^2 * 3^2 * 5^2 * 7^1 * 11^2 * 13^1 * 17^1 * 31^4 * 41^1 * 43^1 * 59^1,0,"19,23,29,37,47,53",
4108739999,2,"2,3,5,7,13,31,37,43,47,59",2^5 * 3^1 * 5^4 * 7^1 * 13^2 * 31^1 * 37^2 * 43^1 * 47^2 * 59^1,0,"11,17,19,23,29,41,53",
4971829247,2,"2,3,7,11,17,23,41,43,47,53",2^11 * 3^4 * 7^3 * 11^1 * 17^1 * 23^2 * 41^1 * 43^1 * 47^1 * 53^1,0,"5,13,19,29,31,37,59",
5340982374,2,"2,3,5,7,13,23,29,31,37,59",2^1 * 3^4 * 5^3 * 7^1 * 13^2 * 23^2 * 29^1 * 31^2 * 37^2 * 59^1,0,"11,17,19,41,43,47,53",
7888367200,2,"2,5,7,11,13,17,23,41,43,47,53,59",2^5 * 5^2 * 7^1 * 11^1 * 13^2 * 17^1 * 23^1 * 41^1 * 43^1 * 47^1 * 53^1 * 59^2,0,"3,19,29,31,37",
7956981053,2,"2,3,7,11,17,23,29,37,43,53",2^1 * 3^6 * 7^1 * 11^2 * 17^1 * 23^1 * 29^2 * 37^1 * 43^3 * 53^1,0,"5,13,19,31,41,47,59",
8638190000,2,"2,3,5,7,11,19,41,53,59",2^4 * 3^6 * 5^4 * 7^1 * 11^4 * 19^1 * 41^2 * 53^1 * 59^1,0,"13,17,23,29,31,37,43,47",
9515377949,2,"2,3,5,7,11,13,29,37,41,47,53",2^1 * 3^1 * 5^2 * 7^1 * 11^1 * 13^1 * 29^1 * 37^1 * 41^1 * 47^4 * 53^2,0,"17,19,23,31,43,59",
9525660507,2,"2,3,7,11,13,17,19,29,37,59",2^2 * 3^5 * 7^1 * 11^2 * 13^1 * 17^2 * 19^1 * 29^4 * 37^1 * 59^1,0,"5,23,31,41,43,47,53",
9927177455,2,"2,3,5,7,13,17,19,29,43,53,59",2^4 * 3^1 * 5^1 * 7^1 * 13^3 * 17^2 * 19^1 * 29^2 * 43^2 * 53^1 * 59^1,0,"11,23,31,37,41,47",
11214979424,2,"2,3,5,11,13,17,19,37,43",2^5 * 3^2 * 5^2 * 11^1 * 13^2 * 17^1 * 19^3 * 37^4 * 43^1,0,"7,23,29,31,41,47,53,59",
11311869659,2,"2,3,5,7,13,19,23,29,37,41,53",2^2 * 3^1 * 5^1 * 7^1 * 13^4 * 19^3 * 23^1 * 29^2 * 37^1 * 41^1 * 53^1,0,"11,17,31,43,47,59",
13932173387,2,"2,3,7,11,17,23,29,31,41,47,53,59",2^2 * 3^1 * 7^1 * 11^1 * 17^1 * 23^1 * 29^1 * 31^1 * 41^3 * 47^1 * 53^1 * 59^2,0,"5,13,19,37,43",
18184252800,2,"2,3,5,7,11,13,23,29,31,41,43",2^7 * 3^1 * 5^2 * 7^2 * 11^2 * 13^2 * 23^2 * 29^1 * 31^1 * 41^2 * 43^1,0,"17,19,37,47,53,59",
18487252224,2,"2,3,5,7,13,17,19,23,29,31,47",2^8 * 3^2 * 5^2 * 7^1 * 13^2 * 17^1 * 19^2 * 23^1 * 29^3 * 31^1 * 47^1,0,"11,37,41,43,53,59",
20272558592,2,"2,3,7,11,13,19,23,31,37,43,59",2^9 * 3^1 * 7^1 * 11^1 * 13^2 * 19^2 * 23^2 * 31^1 * 37^2 * 43^1 * 59^1,0,"5,17,29,41,47,53",
20597580800,2,"2,3,5,7,17,19,37,43,47,53,59",2^10 * 3^6 * 5^2 * 7^1 * 17^1 * 19^1 * 37^1 * 43^2 * 47^1 * 53^1 * 59^1,0,"11,13,23,29,31,41",
25541562500,2,"2,3,5,7,13,17,31,37,47,59",2^2 * 3^2 * 5^7 * 7^1 * 13^1 * 17^2 * 31^1 * 37^1 * 47^2 * 59^2,0,"11,19,23,29,41,43,53",
28068227824,2,"2,5,7,11,13,17,29,31,37,59",2^4 * 5^2 * 7^6 * 11^3 * 13^1 * 17^1 * 29^2 * 31^1 * 37^1 * 59^1,0,"3,19,23,41,43,47,53",
29449907465,2,"2,3,5,7,11,17,31,37,41,59",2^1 * 3^1 * 5^1 * 7^1 * 11^2 * 17^3 * 31^2 * 37^3 * 41^1 * 59^2,0,"13,19,23,29,43,47,53",
37060485120,2,"2,3,5,11,23,31,37,43,47",2^13 * 3^3 * 5^1 * 11^4 * 23^1 * 31^1 * 37^2 * 43^2 * 47^1,0,"7,13,17,19,29,41,53,59",
42088572000,2,"2,3,5,7,17,19,29,31,37,43,53",2^5 * 3^5 * 5^3 * 7^4 * 17^1 * 19^1 * 29^1 * 31^2 * 37^1 * 43^1 * 53^1,0,"11,13,23,41,47,59",
45105689160,2,"2,3,5,7,13,17,19,23,31,37,41",2^3 * 3^5 * 5^1 * 7^1 * 13^2 * 17^2 * 19^1 * 23^1 * 31^4 * 37^1 * 41^1,0,"11,29,43,47,53,59",
46368266615,2,"2,3,5,7,11,17,19,23,31,37,53,59",2^3 * 3^9 * 5^1 * 7^1 * 11^4 * 17^1 * 19^1 * 23^1 * 31^1 * 37^1 * 53^1 * 59^1,0,"13,29,41,43,47",
61234471935,2,"2,3,5,7,11,13,19,23,29,37,47,53",2^10 * 3^4 * 5^1 * 7^1 * 11^2 * 13^1 * 19^2 * 23^1 * 29^1 * 37^2 * 47^1 * 53^1,0,"17,31,41,43,59",
61839752975,2,"2,3,5,7,11,13,17,23,29,37,47,53",2^4 * 3^2 * 5^2 * 7^3 * 11^1 * 13^1 * 17^2 * 23^2 * 29^1 * 37^1 * 47^1 * 53^2,0,"19,31,41,43,59",
63927525375,2,"2,3,5,7,11,13,23,41",2^13 * 3^3 * 5^3 * 7^7 * 11^4 * 13^1 * 23^1 * 41^1,0,"17,19,29,31,37,43,47,53,59",
67250227121,2,"2,3,7,11,13,17,19,29,37,41,59",2^1 * 3^2 * 7^1 * 11^7 * 13^3 * 17^1 * 19^1 * 29^1 * 37^1 * 41^1 * 59^1,0,"5,23,31,43,47,53",
93876912128,2,"2,3,7,11,13,19,29,31,43,53",2^23 * 3^1 * 7^1 * 11^2 * 13^1 * 19^2 * 29^1 * 31^1 * 43^2 * 53^1,0,"5,17,23,37,41,47,59",
192459125000,2,"2,3,5,11,13,17,31,37,41,47",2^3 * 3^1 * 5^6 * 11^2 * 13^1 * 17^1 * 31^3 * 37^2 * 41^1 * 47^2,0,"7,19,23,29,43,53,59",
235514148804,2,"2,3,5,11,13,19,29,37,43,53",2^2 * 3^6 * 5^1 * 11^2 * 13^4 * 19^2 * 29^2 * 37^1 * 43^2 * 53^1,0,"7,17,23,31,41,47,59",
284582707199,2,"2,3,5,7,11,17,19,29,31,41,43,47",2^15 * 3^2 * 5^2 * 7^3 * 11^3 * 17^1 * 19^1 * 29^1 * 31^1 * 41^1 * 43^1 * 47^1,0,"13,23,37,53,59",
421138799639,2,"2,3,5,13,17,19,23,31,37,41,43",2^3 * 3^5 * 5^1 * 13^4 * 17^1 * 19^1 * 23^2 * 31^1 * 37^1 * 41^1 * 43^3,0,"7,11,29,47,53,59",
534326370336,2,"2,3,11,17,19,23,29,31,41,43,53",2^5 * 3^11 * 11^2 * 17^1 * 19^1 * 23^2 * 29^2 * 31^1 * 41^1 * 43^1 * 53^1,0,"5,7,13,37,47,59",
629221188700,2,"2,5,7,13,17,23,29,31,37,41,43,53",2^2 * 5^2 * 7^5 * 13^2 * 17^1 * 23^1 * 29^1 * 31^2 * 37^2 * 41^1 * 43^1 * 53^1,0,"3,11,19,47,59",
914794689600,2,"2,3,5,11,13,29,37,41,43,47,59",2^6 * 3^6 * 5^2 * 11^1 * 13^2 * 29^2 * 37^1 * 41^1 * 43^2 * 47^1 * 59^2,0,"7,17,19,23,31,53",
1109496723125,2,"2,3,5,7,11,17,19,23,29,31,41,43,47",2^1 * 3^1 * 5^4 * 7^1 * 11^2 * 17^1 * 19^2 * 23^1 * 29^2 * 31^2 * 41^2 * 43^1 * 47^1,0,"13,37,53,59",
1284729638049,2,"2,3,5,11,13,17,19,23,31,37,43,47,53,59",2^1 * 3^5 * 5^2 * 11^1 * 13^2 * 17^1 * 19^1 * 23^2 * 31^1 * 37^1 * 43^1 * 47^1 * 53^1 * 59^2,0,"7,29,41",
1453579866024,2,"2,3,5,7,11,13,19,29,37,41,47,53",2^3 * 3^1 * 5^2 * 7^6 * 11^2 * 13^2 * 19^2 * 29^1 * 37^2 * 41^1 * 47^1 * 53^1,0,"17,23,31,43,59",
11259346386959,2,"2,3,5,7,11,19,23,31,37,41,43,59",2^4 * 3^2 * 5^1 * 7^1 * 11^3 * 19^1 * 23^4 * 31^4 * 37^1 * 41^1 * 43^1 * 59^1,0,"13,17,29,47,53",
20628591204480,2,"2,3,5,7,13,17,23,29,31,37,41,47,59",2^7 * 3^1 * 5^1 * 7^1 * 13^2 * 17^5 * 23^1 * 29^1 * 31^1 * 37^2 * 41^2 * 47^1 * 59^1,0,"11,19,43,53",
