m,r,Nr_prime_support,Nr_factorization,pi_complete_order_omega,missing_from_target_support,extra_primes
1,2,2,2^1,0,"3,5,7,11,13,17,19,23,29,31,37,41,43,47",
2,2,"2,3",2^1 * 3^1,0,"5,7,11,13,17,19,23,29,31,37,41,43,47",
3,2,"2,3",2^2 * 3^1,0,"5,7,11,13,17,19,23,29,31,37,41,43,47",
4,2,"2,5",2^2 * 5^1,0,"3,7,11,13,17,19,23,29,31,37,41,43,47",
5,2,"2,3,5",2^1 * 3^1 * 5^1,0,"7,11,13,17,19,23,29,31,37,41,43,47",
6,2,"2,3,7",2^1 * 3^1 * 7^1,0,"5,11,13,17,19,23,29,31,37,41,43,47",
7,2,"2,7",2^3 * 7^1,0,"3,5,11,13,17,19,23,29,31,37,41,43,47",
8,2,"2,3",2^3 * 3^2,0,"5,7,11,13,17,19,23,29,31,37,41,43,47",
9,2,"2,3,5",2^1 * 3^2 * 5^1,0,"7,11,13,17,19,23,29,31,37,41,43,47",
10,2,"2,5,11",2^1 * 5^1 * 11^1,0,"3,7,13,17,19,23,29,31,37,41,43,47",
11,2,"2,3,11",2^2 * 3^1 * 11^1,0,"5,7,13,17,19,23,29,31,37,41,43,47",
12,2,"2,3,13",2^2 * 3^1 * 13^1,0,"5,7,11,17,19,23,29,31,37,41,43,47",
13,2,"2,7,13",2^1 * 7^1 * 13^1,0,"3,5,11,17,19,23,29,31,37,41,43,47",
14,2,"2,3,5,7",2^1 * 3^1 * 5^1 * 7^1,0,"11,13,17,19,23,29,31,37,41,43,47",
15,2,"2,3,5",2^4 * 3^1 * 5^1,0,"7,11,13,17,19,23,29,31,37,41,43,47",
16,2,"2,17",2^4 * 17^1,0,"3,5,7,11,13,19,23,29,31,37,41,43,47",
17,2,"2,3,17",2^1 * 3^2 * 17^1,0,"5,7,11,13,19,23,29,31,37,41,43,47",
18,2,"2,3,19",2^1 * 3^2 * 19^1,0,"5,7,11,13,17,23,29,31,37,41,43,47",
19,2,"2,5,19",2^2 * 5^1 * 19^1,0,"3,7,11,13,17,23,29,31,37,41,43,47",
20,2,"2,3,5,7",2^2 * 3^1 * 5^1 * 7^1,0,"11,13,17,19,23,29,31,37,41,43,47",
21,2,"2,3,7,11",2^1 * 3^1 * 7^1 * 11^1,0,"5,13,17,19,23,29,31,37,41,43,47",
22,2,"2,11,23",2^1 * 11^1 * 23^1,0,"3,5,7,13,17,19,29,31,37,41,43,47",
23,2,"2,3,23",2^3 * 3^1 * 23^1,0,"5,7,11,13,17,19,29,31,37,41,43,47",
24,2,"2,3,5",2^3 * 3^1 * 5^2,0,"7,11,13,17,19,23,29,31,37,41,43,47",
25,2,"2,5,13",2^1 * 5^2 * 13^1,0,"3,7,11,17,19,23,29,31,37,41,43,47",
26,2,"2,3,13",2^1 * 3^3 * 13^1,0,"5,7,11,17,19,23,29,31,37,41,43,47",
27,2,"2,3,7",2^2 * 3^3 * 7^1,0,"5,11,13,17,19,23,29,31,37,41,43,47",
28,2,"2,7,29",2^2 * 7^1 * 29^1,0,"3,5,11,13,17,19,23,31,37,41,43,47",
29,2,"2,3,5,29",2^1 * 3^1 * 5^1 * 29^1,0,"7,11,13,17,19,23,31,37,41,43,47",
30,2,"2,3,5,31",2^1 * 3^1 * 5^1 * 31^1,0,"7,11,13,17,19,23,29,37,41,43,47",
31,2,"2,31",2^5 * 31^1,0,"3,5,7,11,13,17,19,23,29,37,41,43,47",
32,2,"2,3,11",2^5 * 3^1 * 11^1,0,"5,7,13,17,19,23,29,31,37,41,43,47",
33,2,"2,3,11,17",2^1 * 3^1 * 11^1 * 17^1,0,"5,7,13,19,23,29,31,37,41,43,47",
34,2,"2,5,7,17",2^1 * 5^1 * 7^1 * 17^1,0,"3,11,13,19,23,29,31,37,41,43,47",
35,2,"2,3,5,7",2^2 * 3^2 * 5^1 * 7^1,0,"11,13,17,19,23,29,31,37,41,43,47",
36,2,"2,3,37",2^2 * 3^2 * 37^1,0,"5,7,11,13,17,19,23,29,31,41,43,47",
37,2,"2,19,37",2^1 * 19^1 * 37^1,0,"3,5,7,11,13,17,23,29,31,41,43,47",
38,2,"2,3,13,19",2^1 * 3^1 * 13^1 * 19^1,0,"5,7,11,17,23,29,31,37,41,43,47",
39,2,"2,3,5,13",2^3 * 3^1 * 5^1 * 13^1,0,"7,11,17,19,23,29,31,37,41,43,47",
40,2,"2,5,41",2^3 * 5^1 * 41^1,0,"3,7,11,13,17,19,23,29,31,37,43,47",
41,2,"2,3,7,41",2^1 * 3^1 * 7^1 * 41^1,0,"5,11,13,17,19,23,29,31,37,43,47",
42,2,"2,3,7,43",2^1 * 3^1 * 7^1 * 43^1,0,"5,11,13,17,19,23,29,31,37,41,47",
43,2,"2,11,43",2^2 * 11^1 * 43^1,0,"3,5,7,13,17,19,23,29,31,37,41,47",
44,2,"2,3,5,11",2^2 * 3^2 * 5^1 * 11^1,0,"7,13,17,19,23,29,31,37,41,43,47",
45,2,"2,3,5,23",2^1 * 3^2 * 5^1 * 23^1,0,"7,11,13,17,19,29,31,37,41,43,47",
46,2,"2,23,47",2^1 * 23^1 * 47^1,0,"3,5,7,11,13,17,19,29,31,37,41,43",
47,2,"2,3,47",2^4 * 3^1 * 47^1,0,"5,7,11,13,17,19,23,29,31,37,41,43",
48,2,"2,3,7",2^4 * 3^1 * 7^2,0,"5,11,13,17,19,23,29,31,37,41,43,47",
49,2,"2,5,7",2^1 * 5^2 * 7^2,0,"3,11,13,17,19,23,29,31,37,41,43,47",
50,2,"2,3,5,17",2^1 * 3^1 * 5^2 * 17^1,0,"7,11,13,19,23,29,31,37,41,43,47",
51,2,"2,3,13,17",2^2 * 3^1 * 13^1 * 17^1,0,"5,7,11,19,23,29,31,37,41,43,47",
54,2,"2,3,5,11",2^1 * 3^3 * 5^1 * 11^1,0,"7,13,17,19,23,29,31,37,41,43,47",
55,2,"2,5,7,11",2^3 * 5^1 * 7^1 * 11^1,0,"3,13,17,19,23,29,31,37,41,43,47",
56,2,"2,3,7,19",2^3 * 3^1 * 7^1 * 19^1,0,"5,11,13,17,23,29,31,37,41,43,47",
57,2,"2,3,19,29",2^1 * 3^1 * 19^1 * 29^1,0,"5,7,11,13,17,23,31,37,41,43,47",
62,2,"2,3,7,31",2^1 * 3^2 * 7^1 * 31^1,0,"5,11,13,17,19,23,29,37,41,43,47",
63,2,"2,3,7",2^6 * 3^2 * 7^1,0,"5,11,13,17,19,23,29,31,37,41,43,47",
64,2,"2,5,13",2^6 * 5^1 * 13^1,0,"3,7,11,17,19,23,29,31,37,41,43,47",
65,2,"2,3,5,11,13",2^1 * 3^1 * 5^1 * 11^1 * 13^1,0,"7,17,19,23,29,31,37,41,43,47",
68,2,"2,3,17,23",2^2 * 3^1 * 17^1 * 23^1,0,"5,7,11,13,19,29,31,37,41,43,47",
69,2,"2,3,5,7,23",2^1 * 3^1 * 5^1 * 7^1 * 23^1,0,"11,13,17,19,29,31,37,41,43,47",
74,2,"2,3,5,37",2^1 * 3^1 * 5^2 * 37^1,0,"7,11,13,17,19,23,29,31,41,43,47",
75,2,"2,3,5,19",2^2 * 3^1 * 5^2 * 19^1,0,"7,11,13,17,23,29,31,37,41,43,47",
76,2,"2,7,11,19",2^2 * 7^1 * 11^1 * 19^1,0,"3,5,13,17,23,29,31,37,41,43,47",
77,2,"2,3,7,11,13",2^1 * 3^1 * 7^1 * 11^1 * 13^1,0,"5,17,19,23,29,31,37,41,43,47",
80,2,"2,3,5",2^4 * 3^4 * 5^1,0,"7,11,13,17,19,23,29,31,37,41,43,47",
81,2,"2,3,41",2^1 * 3^4 * 41^1,0,"5,7,11,13,17,19,23,29,31,37,43,47",
84,2,"2,3,5,7,17",2^2 * 3^1 * 5^1 * 7^1 * 17^1,0,"11,13,19,23,29,31,37,41,43,47",
85,2,"2,5,17,43",2^1 * 5^1 * 17^1 * 43^1,0,"3,7,11,13,19,23,29,31,37,41,47",
86,2,"2,3,29,43",2^1 * 3^1 * 29^1 * 43^1,0,"5,7,11,13,17,19,23,31,37,41,47",
87,2,"2,3,11,29",2^3 * 3^1 * 11^1 * 29^1,0,"5,7,13,17,19,23,31,37,41,43,47",
90,2,"2,3,5,7,13",2^1 * 3^2 * 5^1 * 7^1 * 13^1,0,"11,17,19,23,29,31,37,41,43,47",
91,2,"2,7,13,23",2^2 * 7^1 * 13^1 * 23^1,0,"3,5,11,17,19,29,31,37,41,43,47",
92,2,"2,3,23,31",2^2 * 3^1 * 23^1 * 31^1,0,"5,7,11,13,17,19,29,37,41,43,47",
93,2,"2,3,31,47",2^1 * 3^1 * 31^1 * 47^1,0,"5,7,11,13,17,19,23,29,37,41,43",
94,2,"2,5,19,47",2^1 * 5^1 * 19^1 * 47^1,0,"3,7,11,13,17,23,29,31,37,41,43",
95,2,"2,3,5,19",2^5 * 3^1 * 5^1 * 19^1,0,"7,11,13,17,23,29,31,37,41,43,47",
98,2,"2,3,7,11",2^1 * 3^2 * 7^2 * 11^1,0,"5,13,17,19,23,29,31,37,41,43,47",
99,2,"2,3,5,11",2^2 * 3^2 * 5^2 * 11^1,0,"7,13,17,19,23,29,31,37,41,43,47",
104,2,"2,3,5,7,13",2^3 * 3^1 * 5^1 * 7^1 * 13^1,0,"11,17,19,23,29,31,37,41,43,47",
110,2,"2,3,5,11,37",2^1 * 3^1 * 5^1 * 11^1 * 37^1,0,"7,13,17,19,23,29,31,41,43,47",
111,2,"2,3,7,37",2^4 * 3^1 * 7^1 * 37^1,0,"5,11,13,17,19,23,29,31,41,43,47",
114,2,"2,3,5,19,23",2^1 * 3^1 * 5^1 * 19^1 * 23^1,0,"7,11,13,17,29,31,37,41,43,47",
115,2,"2,5,23,29",2^2 * 5^1 * 23^1 * 29^1,0,"3,7,11,13,17,19,31,37,41,43,47",
116,2,"2,3,13,29",2^2 * 3^2 * 13^1 * 29^1,0,"5,7,11,17,19,23,31,37,41,43,47",
119,2,"2,3,5,7,17",2^3 * 3^1 * 5^1 * 7^1 * 17^1,0,"11,13,19,23,29,31,37,41,43,47",
120,2,"2,3,5,11",2^3 * 3^1 * 5^1 * 11^2,0,"7,13,17,19,23,29,31,37,41,43,47",
123,2,"2,3,31,41",2^2 * 3^1 * 31^1 * 41^1,0,"5,7,11,13,17,19,23,29,37,43,47",
124,2,"2,5,31",2^2 * 5^3 * 31^1,0,"3,7,11,13,17,19,23,29,37,41,43,47",
125,2,"2,3,5,7",2^1 * 3^2 * 5^3 * 7^1,0,"11,13,17,19,23,29,31,37,41,43,47",
128,2,"2,3,43",2^7 * 3^1 * 43^1,0,"5,7,11,13,17,19,23,29,31,37,41,47",
129,2,"2,3,5,13,43",2^1 * 3^1 * 5^1 * 13^1 * 43^1,0,"7,11,17,19,23,29,31,37,41,47",
132,2,"2,3,7,11,19",2^2 * 3^1 * 7^1 * 11^1 * 19^1,0,"5,13,17,23,29,31,37,41,43,47",
135,2,"2,3,5,17",2^3 * 3^3 * 5^1 * 17^1,0,"7,11,13,19,23,29,31,37,41,43,47",
140,2,"2,3,5,7,47",2^2 * 3^1 * 5^1 * 7^1 * 47^1,0,"11,13,17,19,23,29,31,37,41,43",
143,2,"2,3,11,13",2^4 * 3^2 * 11^1 * 13^1,0,"5,7,17,19,23,29,31,37,41,43,47",
144,2,"2,3,5,29",2^4 * 3^2 * 5^1 * 29^1,0,"7,11,13,17,19,23,31,37,41,43,47",
147,2,"2,3,7,37",2^2 * 3^1 * 7^2 * 37^1,0,"5,11,13,17,19,23,29,31,41,43,47",
152,2,"2,3,17,19",2^3 * 3^2 * 17^1 * 19^1,0,"5,7,11,13,23,29,31,37,41,43,47",
153,2,"2,3,7,11,17",2^1 * 3^2 * 7^1 * 11^1 * 17^1,0,"5,13,19,23,29,31,37,41,43,47",
154,2,"2,5,7,11,31",2^1 * 5^1 * 7^1 * 11^1 * 31^1,0,"3,13,17,19,23,29,37,41,43,47",
155,2,"2,3,5,13,31",2^2 * 3^1 * 5^1 * 13^1 * 31^1,0,"7,11,17,19,23,29,37,41,43,47",
160,2,"2,5,7,23",2^5 * 5^1 * 7^1 * 23^1,0,"3,11,13,17,19,29,31,37,41,43,47",
161,2,"2,3,7,23",2^1 * 3^4 * 7^1 * 23^1,0,"5,11,13,17,19,29,31,37,41,43,47",
164,2,"2,3,5,11,41",2^2 * 3^1 * 5^1 * 11^1 * 41^1,0,"7,13,17,19,23,29,31,37,43,47",
168,2,"2,3,7,13",2^3 * 3^1 * 7^1 * 13^2,0,"5,11,17,19,23,29,31,37,41,43,47",
169,2,"2,5,13,17",2^1 * 5^1 * 13^2 * 17^1,0,"3,7,11,19,23,29,31,37,41,43,47",
170,2,"2,3,5,17,19",2^1 * 3^2 * 5^1 * 17^1 * 19^1,0,"7,11,13,23,29,31,37,41,43,47",
171,2,"2,3,19,43",2^2 * 3^2 * 19^1 * 43^1,0,"5,7,11,13,17,23,29,31,37,41,47",
174,2,"2,3,5,7,29",2^1 * 3^1 * 5^2 * 7^1 * 29^1,0,"11,13,17,19,23,31,37,41,43,47",
175,2,"2,5,7,11",2^4 * 5^2 * 7^1 * 11^1,0,"3,13,17,19,23,29,31,37,41,43,47",
184,2,"2,5,23,37",2^3 * 5^1 * 23^1 * 37^1,0,"3,7,11,13,17,19,29,31,41,43,47",
185,2,"2,3,5,31,37",2^1 * 3^1 * 5^1 * 31^1 * 37^1,0,"7,11,13,17,19,23,29,41,43,47",
186,2,"2,3,11,17,31",2^1 * 3^1 * 11^1 * 17^1 * 31^1,0,"5,7,13,19,23,29,37,41,43,47",
187,2,"2,11,17,47",2^2 * 11^1 * 17^1 * 47^1,0,"3,5,7,13,19,23,29,31,37,41,43",
188,2,"2,3,7,47",2^2 * 3^3 * 7^1 * 47^1,0,"5,11,13,17,19,23,29,31,37,41,43",
189,2,"2,3,5,7,19",2^1 * 3^3 * 5^1 * 7^1 * 19^1,0,"11,13,17,23,29,31,37,41,43,47",
195,2,"2,3,5,7,13",2^2 * 3^1 * 5^1 * 7^2 * 13^1,0,"11,17,19,23,29,31,37,41,43,47",
203,2,"2,3,7,17,29",2^2 * 3^1 * 7^1 * 17^1 * 29^1,0,"5,11,13,19,23,31,37,41,43,47",
204,2,"2,3,5,17,41",2^2 * 3^1 * 5^1 * 17^1 * 41^1,0,"7,11,13,19,23,29,31,37,43,47",
207,2,"2,3,13,23",2^4 * 3^2 * 13^1 * 23^1,0,"5,7,11,17,19,29,31,37,41,43,47",
208,2,"2,11,13,19",2^4 * 11^1 * 13^1 * 19^1,0,"3,5,7,17,23,29,31,37,41,43,47",
209,2,"2,3,5,7,11,19",2^1 * 3^1 * 5^1 * 7^1 * 11^1 * 19^1,0,"13,17,23,29,31,37,41,43,47",
215,2,"2,3,5,43",2^3 * 3^3 * 5^1 * 43^1,0,"7,11,13,17,19,23,29,31,37,41,47",
216,2,"2,3,7,31",2^3 * 3^3 * 7^1 * 31^1,0,"5,11,13,17,19,23,29,37,41,43,47",
220,2,"2,5,11,13,17",2^2 * 5^1 * 11^1 * 13^1 * 17^1,0,"3,7,19,23,29,31,37,41,43,47",
221,2,"2,3,13,17,37",2^1 * 3^1 * 13^1 * 17^1 * 37^1,0,"5,7,11,19,23,29,31,41,43,47",
224,2,"2,3,5,7",2^5 * 3^2 * 5^2 * 7^1,0,"11,13,17,19,23,29,31,37,41,43,47",
230,2,"2,3,5,7,11,23",2^1 * 3^1 * 5^1 * 7^1 * 11^1 * 23^1,0,"13,17,19,29,31,37,41,43,47",
231,2,"2,3,7,11,29",2^3 * 3^1 * 7^1 * 11^1 * 29^1,0,"5,13,17,19,23,31,37,41,43,47",
234,2,"2,3,5,13,47",2^1 * 3^2 * 5^1 * 13^1 * 47^1,0,"7,11,17,19,23,29,31,37,41,43",
242,2,"2,3,11",2^1 * 3^5 * 11^2,0,"5,7,13,17,19,23,29,31,37,41,43,47",
245,2,"2,3,5,7,41",2^1 * 3^1 * 5^1 * 7^2 * 41^1,0,"11,13,17,19,23,29,31,37,43,47",
246,2,"2,3,13,19,41",2^1 * 3^1 * 13^1 * 19^1 * 41^1,0,"5,7,11,17,23,29,31,37,43,47",
247,2,"2,13,19,31",2^3 * 13^1 * 19^1 * 31^1,0,"3,5,7,11,17,23,29,37,41,43,47",
252,2,"2,3,7,11,23",2^2 * 3^2 * 7^1 * 11^1 * 23^1,0,"5,13,17,19,29,31,37,41,43,47",
255,2,"2,3,5,17",2^8 * 3^1 * 5^1 * 17^1,0,"7,11,13,19,23,29,31,37,41,43,47",
258,2,"2,3,7,37,43",2^1 * 3^1 * 7^1 * 37^1 * 43^1,0,"5,11,13,17,19,23,29,31,41,47",
259,2,"2,5,7,13,37",2^2 * 5^1 * 7^1 * 13^1 * 37^1,0,"3,11,17,19,23,29,31,41,43,47",
260,2,"2,3,5,13,29",2^2 * 3^2 * 5^1 * 13^1 * 29^1,0,"7,11,17,19,23,31,37,41,43,47",
272,2,"2,3,7,13,17",2^4 * 3^1 * 7^1 * 13^1 * 17^1,0,"5,11,19,23,29,31,37,41,43,47",
275,2,"2,3,5,11,23",2^2 * 3^1 * 5^2 * 11^1 * 23^1,0,"7,13,17,19,29,31,37,41,43,47",
279,2,"2,3,5,7,31",2^3 * 3^2 * 5^1 * 7^1 * 31^1,0,"11,13,17,19,23,29,37,41,43,47",
285,2,"2,3,5,11,13,19",2^1 * 3^1 * 5^1 * 11^1 * 13^1 * 19^1,0,"7,17,23,29,31,37,41,43,47",
286,2,"2,7,11,13,41",2^1 * 7^1 * 11^1 * 13^1 * 41^1,0,"3,5,17,19,23,29,31,37,43,47",
287,2,"2,3,7,41",2^5 * 3^2 * 7^1 * 41^1,0,"5,11,13,17,19,23,29,31,37,43,47",
288,2,"2,3,17",2^5 * 3^2 * 17^2,0,"5,7,11,13,19,23,29,31,37,41,43,47",
289,2,"2,5,17,29",2^1 * 5^1 * 17^2 * 29^1,0,"3,7,11,13,19,23,31,37,41,43,47",
296,2,"2,3,11,37",2^3 * 3^3 * 11^1 * 37^1,0,"5,7,13,17,19,23,29,31,41,43,47",
299,2,"2,3,5,13,23",2^2 * 3^1 * 5^2 * 13^1 * 23^1,0,"7,11,17,19,29,31,37,41,43,47",
300,2,"2,3,5,7,43",2^2 * 3^1 * 5^2 * 7^1 * 43^1,0,"11,13,17,19,23,29,31,37,41,47",
319,2,"2,5,11,29",2^6 * 5^1 * 11^1 * 29^1,0,"3,7,13,17,19,23,31,37,41,43,47",
322,2,"2,7,17,19,23",2^1 * 7^1 * 17^1 * 19^1 * 23^1,0,"3,5,11,13,29,31,37,41,43,47",
323,2,"2,3,17,19",2^2 * 3^4 * 17^1 * 19^1,0,"5,7,11,13,23,29,31,37,41,43,47",
324,2,"2,3,5,13",2^2 * 3^4 * 5^2 * 13^1,0,"7,11,17,19,23,29,31,37,41,43,47",
328,2,"2,7,41,47",2^3 * 7^1 * 41^1 * 47^1,0,"3,5,11,13,17,19,23,29,31,37,43",
329,2,"2,3,5,7,11,47",2^1 * 3^1 * 5^1 * 7^1 * 11^1 * 47^1,0,"13,17,19,23,29,31,37,41,43",
340,2,"2,5,11,17,31",2^2 * 5^1 * 11^1 * 17^1 * 31^1,0,"3,7,13,19,23,29,37,41,43,47",
341,2,"2,3,11,19,31",2^1 * 3^2 * 11^1 * 19^1 * 31^1,0,"5,7,13,17,23,29,37,41,43,47",
342,2,"2,3,7,19",2^1 * 3^2 * 7^3 * 19^1,0,"5,11,13,17,23,29,31,37,41,43,47",
343,2,"2,7,43",2^3 * 7^3 * 43^1,0,"3,5,11,13,17,19,23,29,31,37,41,47",
344,2,"2,3,5,23,43",2^3 * 3^1 * 5^1 * 23^1 * 43^1,0,"7,11,13,17,19,29,31,37,41,47",
350,2,"2,3,5,7,13",2^1 * 3^3 * 5^2 * 7^1 * 13^1,0,"11,17,19,23,29,31,37,41,43,47",
351,2,"2,3,11,13",2^5 * 3^3 * 11^1 * 13^1,0,"5,7,17,19,23,29,31,37,41,43,47",
360,2,"2,3,5,19",2^3 * 3^2 * 5^1 * 19^2,0,"7,11,13,17,23,29,31,37,41,43,47",
363,2,"2,3,7,11,13",2^2 * 3^1 * 7^1 * 11^2 * 13^1,0,"5,17,19,23,29,31,37,41,43,47",
368,2,"2,3,23,41",2^4 * 3^2 * 23^1 * 41^1,0,"5,7,11,13,17,19,29,31,37,43,47",
369,2,"2,3,5,37,41",2^1 * 3^2 * 5^1 * 37^1 * 41^1,0,"7,11,13,17,19,23,29,31,43,47",
374,2,"2,3,5,11,17",2^1 * 3^1 * 5^3 * 11^1 * 17^1,0,"7,13,19,23,29,31,37,41,43,47",
375,2,"2,3,5,47",2^3 * 3^1 * 5^3 * 47^1,0,"7,11,13,17,19,23,29,31,37,41,43",
376,2,"2,13,29,47",2^3 * 13^1 * 29^1 * 47^1,0,"3,5,7,11,17,19,23,31,37,41,43",
377,2,"2,3,7,13,29",2^1 * 3^3 * 7^1 * 13^1 * 29^1,0,"5,11,17,19,23,31,37,41,43,47",
384,2,"2,3,5,7,11",2^7 * 3^1 * 5^1 * 7^1 * 11^1,0,"13,17,19,23,29,31,37,41,43,47",
390,2,"2,3,5,13,17,23",2^1 * 3^1 * 5^1 * 13^1 * 17^1 * 23^1,0,"7,11,19,29,31,37,41,43,47",
391,2,"2,7,17,23",2^3 * 7^2 * 17^1 * 23^1,0,"3,5,11,13,19,29,31,37,41,43,47",
399,2,"2,3,5,7,19",2^4 * 3^1 * 5^2 * 7^1 * 19^1,0,"11,13,17,23,29,31,37,41,43,47",
405,2,"2,3,5,7,29",2^1 * 3^4 * 5^1 * 7^1 * 29^1,0,"11,13,17,19,23,31,37,41,43,47",
406,2,"2,7,11,29,37",2^1 * 7^1 * 11^1 * 29^1 * 37^1,0,"3,5,13,17,19,23,31,41,43,47",
407,2,"2,3,11,17,37",2^3 * 3^1 * 11^1 * 17^1 * 37^1,0,"5,7,13,19,23,29,31,41,43,47",
429,2,"2,3,5,11,13,43",2^1 * 3^1 * 5^1 * 11^1 * 13^1 * 43^1,0,"7,17,19,23,29,31,37,41,47",
434,2,"2,3,5,7,29,31",2^1 * 3^1 * 5^1 * 7^1 * 29^1 * 31^1,0,"11,13,17,19,23,37,41,43,47",
440,2,"2,3,5,7,11",2^3 * 3^2 * 5^1 * 7^2 * 11^1,0,"13,17,19,23,29,31,37,41,43,47",
441,2,"2,3,7,13,17",2^1 * 3^2 * 7^2 * 13^1 * 17^1,0,"5,11,19,23,29,31,37,41,43,47",
450,2,"2,3,5,11,41",2^1 * 3^2 * 5^2 * 11^1 * 41^1,0,"7,13,17,19,23,29,31,37,43,47",
455,2,"2,3,5,7,13,19",2^3 * 3^1 * 5^1 * 7^1 * 13^1 * 19^1,0,"11,17,23,29,31,37,41,43,47",
459,2,"2,3,5,17,23",2^2 * 3^3 * 5^1 * 17^1 * 23^1,0,"7,11,13,19,29,31,37,41,43,47",
464,2,"2,3,5,29,31",2^4 * 3^1 * 5^1 * 29^1 * 31^1,0,"7,11,13,17,19,23,37,41,43,47",
475,2,"2,5,7,17,19",2^2 * 5^2 * 7^1 * 17^1 * 19^1,0,"3,11,13,23,29,31,37,41,43,47",
480,2,"2,3,5,13,37",2^5 * 3^1 * 5^1 * 13^1 * 37^1,0,"7,11,17,19,23,29,31,41,43,47",
483,2,"2,3,7,11,23",2^2 * 3^1 * 7^1 * 11^2 * 23^1,0,"5,13,17,19,29,31,37,41,43,47",
492,2,"2,3,17,29,41",2^2 * 3^1 * 17^1 * 29^1 * 41^1,0,"5,7,11,13,19,23,31,37,43,47",
493,2,"2,13,17,19,29",2^1 * 13^1 * 17^1 * 19^1 * 29^1,0,"3,5,7,11,23,31,37,41,43,47",
494,2,"2,3,5,11,13,19",2^1 * 3^2 * 5^1 * 11^1 * 13^1 * 19^1,0,"7,17,23,29,31,37,41,43,47",
495,2,"2,3,5,11,31",2^4 * 3^2 * 5^1 * 11^1 * 31^1,0,"7,13,17,19,23,29,37,41,43,47",
506,2,"2,3,11,13,23",2^1 * 3^1 * 11^1 * 13^2 * 23^1,0,"5,7,17,19,29,31,37,41,43,47",
512,2,"2,3,19",2^9 * 3^3 * 19^1,0,"5,7,11,13,17,23,29,31,37,41,43,47",
516,2,"2,3,11,43,47",2^2 * 3^1 * 11^1 * 43^1 * 47^1,0,"5,7,13,17,19,23,29,31,37,41",
517,2,"2,7,11,37,47",2^1 * 7^1 * 11^1 * 37^1 * 47^1,0,"3,5,13,17,19,23,29,31,41,43",
527,2,"2,3,11,17,31",2^4 * 3^1 * 11^1 * 17^1 * 31^1,0,"5,7,13,19,23,29,37,41,43,47",
528,2,"2,3,11,23",2^4 * 3^1 * 11^1 * 23^2,0,"5,7,13,17,19,29,31,37,41,43,47",
532,2,"2,7,13,19,41",2^2 * 7^1 * 13^1 * 19^1 * 41^1,0,"3,5,11,17,23,29,31,37,43,47",
539,2,"2,3,5,7,11",2^2 * 3^3 * 5^1 * 7^2 * 11^1,0,"13,17,19,23,29,31,37,41,43,47",
550,2,"2,5,11,19,29",2^1 * 5^2 * 11^1 * 19^1 * 29^1,0,"3,7,13,17,23,31,37,41,43,47",
551,2,"2,3,19,23,29",2^3 * 3^1 * 19^1 * 23^1 * 29^1,0,"5,7,11,13,17,31,37,41,43,47",
558,2,"2,3,13,31,43",2^1 * 3^2 * 13^1 * 31^1 * 43^1,0,"5,7,11,17,19,23,29,37,41,47",
559,2,"2,5,7,13,43",2^4 * 5^1 * 7^1 * 13^1 * 43^1,0,"3,11,17,19,23,29,31,37,41,47",
560,2,"2,3,5,7,11,17",2^4 * 3^1 * 5^1 * 7^1 * 11^1 * 17^1,0,"13,19,23,29,31,37,41,43,47",
574,2,"2,5,7,23,41",2^1 * 5^2 * 7^1 * 23^1 * 41^1,0,"3,11,13,17,19,29,31,37,43,47",
575,2,"2,3,5,23",2^6 * 3^2 * 5^2 * 23^1,0,"7,11,13,17,19,29,31,37,41,43,47",
588,2,"2,3,7,19,31",2^2 * 3^1 * 7^2 * 19^1 * 31^1,0,"5,11,13,17,23,29,37,41,43,47",
594,2,"2,3,5,7,11,17",2^1 * 3^3 * 5^1 * 7^1 * 11^1 * 17^1,0,"13,19,23,29,31,37,41,43,47",
608,2,"2,3,7,19,29",2^5 * 3^1 * 7^1 * 19^1 * 29^1,0,"5,11,13,17,23,31,37,41,43,47",
611,2,"2,3,13,17,47",2^2 * 3^2 * 13^1 * 17^1 * 47^1,0,"5,7,11,19,23,29,31,37,41,43",
615,2,"2,3,5,7,11,41",2^3 * 3^1 * 5^1 * 7^1 * 11^1 * 41^1,0,"13,17,19,23,29,31,37,43,47",
620,2,"2,3,5,23,31",2^2 * 3^3 * 5^1 * 23^1 * 31^1,0,"7,11,13,17,19,29,37,41,43,47",
624,2,"2,3,5,13",2^4 * 3^1 * 5^4 * 13^1,0,"7,11,17,19,23,29,31,37,41,43,47",
629,2,"2,3,5,7,17,37",2^1 * 3^2 * 5^1 * 7^1 * 17^1 * 37^1,0,"11,13,19,23,29,31,41,43,47",
637,2,"2,7,11,13,29",2^1 * 7^2 * 11^1 * 13^1 * 29^1,0,"3,5,17,19,23,31,37,41,43,47",
644,2,"2,3,5,7,23,43",2^2 * 3^1 * 5^1 * 7^1 * 23^1 * 43^1,0,"11,13,17,19,29,31,37,41,47",
645,2,"2,3,5,17,19,43",2^1 * 3^1 * 5^1 * 17^1 * 19^1 * 43^1,0,"7,11,13,23,29,31,37,41,47",
650,2,"2,3,5,7,13,31",2^1 * 3^1 * 5^2 * 7^1 * 13^1 * 31^1,0,"11,17,19,23,29,37,41,43,47",
665,2,"2,3,5,7,19,37",2^1 * 3^2 * 5^1 * 7^1 * 19^1 * 37^1,0,"11,13,17,23,29,31,41,43,47",
666,2,"2,3,23,29,37",2^1 * 3^2 * 23^1 * 29^1 * 37^1,0,"5,7,11,13,17,19,31,41,43,47",
675,2,"2,3,5,13",2^2 * 3^3 * 5^2 * 13^2,0,"7,11,17,19,23,29,31,37,41,43,47",
696,2,"2,3,17,29,41",2^3 * 3^1 * 17^1 * 29^1 * 41^1,0,"5,7,11,13,19,23,31,37,43,47",
702,2,"2,3,13,19,37",2^1 * 3^3 * 13^1 * 19^1 * 37^1,0,"5,7,11,17,23,29,31,41,43,47",
703,2,"2,11,19,37",2^6 * 11^1 * 19^1 * 37^1,0,"3,5,7,13,17,23,29,31,41,43,47",
704,2,"2,3,5,11,47",2^6 * 3^1 * 5^1 * 11^1 * 47^1,0,"7,13,17,19,23,29,31,37,41,43",
713,2,"2,3,7,17,23,31",2^1 * 3^1 * 7^1 * 17^1 * 23^1 * 31^1,0,"5,11,13,19,29,37,41,43,47",
714,2,"2,3,5,7,11,13,17",2^1 * 3^1 * 5^1 * 7^1 * 11^1 * 13^1 * 17^1,0,"19,23,29,31,37,41,43,47",
725,2,"2,3,5,11,29",2^1 * 3^1 * 5^2 * 11^2 * 29^1,0,"7,13,17,19,23,31,37,41,43,47",
728,2,"2,3,7,13",2^3 * 3^6 * 7^1 * 13^1,0,"5,11,17,19,23,29,31,37,41,43,47",
735,2,"2,3,5,7,23",2^5 * 3^1 * 5^1 * 7^2 * 23^1,0,"11,13,17,19,29,31,37,41,43,47",
740,2,"2,3,5,13,19,37",2^2 * 3^1 * 5^1 * 13^1 * 19^1 * 37^1,0,"7,11,17,23,29,31,41,43,47",
759,2,"2,3,5,11,19,23",2^3 * 3^1 * 5^1 * 11^1 * 19^1 * 23^1,0,"7,13,17,29,31,37,41,43,47",
774,2,"2,3,5,31,43",2^1 * 3^2 * 5^2 * 31^1 * 43^1,0,"7,11,13,17,19,23,29,37,41,47",
779,2,"2,3,5,13,19,41",2^2 * 3^1 * 5^1 * 13^1 * 19^1 * 41^1,0,"7,11,17,23,29,31,37,43,47",
782,2,"2,3,17,23,29",2^1 * 3^3 * 17^1 * 23^1 * 29^1,0,"5,7,11,13,19,31,37,41,43,47",
783,2,"2,3,7,29",2^4 * 3^3 * 7^2 * 29^1,0,"5,11,13,17,19,23,31,37,41,43,47",
798,2,"2,3,7,17,19,47",2^1 * 3^1 * 7^1 * 17^1 * 19^1 * 47^1,0,"5,11,13,23,29,31,37,41,43",
799,2,"2,5,17,47",2^5 * 5^2 * 17^1 * 47^1,0,"3,7,11,13,19,23,29,31,37,41,43",
805,2,"2,5,7,13,23,31",2^1 * 5^1 * 7^1 * 13^1 * 23^1 * 31^1,0,"3,11,17,19,29,37,41,43,47",
816,2,"2,3,17,19,43",2^4 * 3^1 * 17^1 * 19^1 * 43^1,0,"5,7,11,13,23,29,31,37,41,47",
819,2,"2,3,5,7,13,41",2^2 * 3^2 * 5^1 * 7^1 * 13^1 * 41^1,0,"11,17,19,23,29,31,37,43,47",
832,2,"2,7,13,17",2^6 * 7^2 * 13^1 * 17^1,0,"3,5,11,19,23,29,31,37,41,43,47",
836,2,"2,3,11,19,31",2^2 * 3^3 * 11^1 * 19^1 * 31^1,0,"5,7,13,17,23,29,37,41,43,47",
840,2,"2,3,5,7,29",2^3 * 3^1 * 5^1 * 7^1 * 29^2,0,"11,13,17,19,23,31,37,41,43,47",
845,2,"2,3,5,13,47",2^1 * 3^2 * 5^1 * 13^2 * 47^1,0,"7,11,17,19,23,29,31,37,41,43",
846,2,"2,3,7,11,47",2^1 * 3^2 * 7^1 * 11^2 * 47^1,0,"5,13,17,19,23,29,31,37,41,43",
850,2,"2,5,17,23,37",2^1 * 5^2 * 17^1 * 23^1 * 37^1,0,"3,7,11,13,19,29,31,41,43,47",
860,2,"2,3,5,7,41,43",2^2 * 3^1 * 5^1 * 7^1 * 41^1 * 43^1,0,"11,13,17,19,23,29,31,37,47",
867,2,"2,3,7,17,31",2^2 * 3^1 * 7^1 * 17^2 * 31^1,0,"5,11,13,19,23,29,37,41,43,47",
874,2,"2,5,7,19,23",2^1 * 5^3 * 7^1 * 19^1 * 23^1,0,"3,11,13,17,29,31,37,41,43,47",
896,2,"2,3,7,13,23",2^7 * 3^1 * 7^1 * 13^1 * 23^1,0,"5,11,17,19,29,31,37,41,43,47",
899,2,"2,3,5,29,31",2^2 * 3^2 * 5^2 * 29^1 * 31^1,0,"7,11,13,17,19,23,37,41,43,47",
902,2,"2,3,7,11,41,43",2^1 * 3^1 * 7^1 * 11^1 * 41^1 * 43^1,0,"5,13,17,19,23,29,31,37,47",
924,2,"2,3,5,7,11,37",2^2 * 3^1 * 5^2 * 7^1 * 11^1 * 37^1,0,"13,17,19,23,29,31,41,43,47",
930,2,"2,3,5,7,19,31",2^1 * 3^1 * 5^1 * 7^2 * 19^1 * 31^1,0,"11,13,17,23,29,37,41,43,47",
935,2,"2,3,5,11,13,17",2^3 * 3^2 * 5^1 * 11^1 * 13^1 * 17^1,0,"7,19,23,29,31,37,41,43,47",
945,2,"2,3,5,7,11,43",2^1 * 3^3 * 5^1 * 7^1 * 11^1 * 43^1,0,"13,17,19,23,29,31,37,41,47",
960,2,"2,3,5,31",2^6 * 3^1 * 5^1 * 31^2,0,"7,11,13,17,19,23,29,37,41,43,47",
961,2,"2,13,31,37",2^1 * 13^1 * 31^2 * 37^1,0,"3,5,7,11,17,19,23,29,41,43,47",
968,2,"2,3,11,17,19",2^3 * 3^1 * 11^2 * 17^1 * 19^1,0,"5,7,13,23,29,31,37,41,43,47",
986,2,"2,3,7,17,29,47",2^1 * 3^1 * 7^1 * 17^1 * 29^1 * 47^1,0,"5,11,13,19,23,31,37,41,43",
987,2,"2,3,7,13,19,47",2^2 * 3^1 * 7^1 * 13^1 * 19^1 * 47^1,0,"5,11,17,23,29,31,37,41,43",
988,2,"2,13,19,23,43",2^2 * 13^1 * 19^1 * 23^1 * 43^1,0,"3,5,7,11,17,29,31,37,41,47",
989,2,"2,3,5,11,23,43",2^1 * 3^2 * 5^1 * 11^1 * 23^1 * 43^1,0,"7,13,17,19,29,31,37,41,47",
999,2,"2,3,5,37",2^3 * 3^3 * 5^3 * 37^1,0,"7,11,13,17,19,23,29,31,41,43,47",
1000,2,"2,5,7,11,13",2^3 * 5^3 * 7^1 * 11^1 * 13^1,0,"3,17,19,23,29,31,37,41,43,47",
1014,2,"2,3,5,7,13,29",2^1 * 3^1 * 5^1 * 7^1 * 13^2 * 29^1,0,"11,17,19,23,31,37,41,43,47",
1023,2,"2,3,11,31",2^10 * 3^1 * 11^1 * 31^1,0,"5,7,13,17,19,23,29,37,41,43,47",
1024,2,"2,5,41",2^10 * 5^2 * 41^1,0,"3,7,11,13,17,19,23,29,31,37,43,47",
1025,2,"2,3,5,19,41",2^1 * 3^3 * 5^2 * 19^1 * 41^1,0,"7,11,13,17,23,29,31,37,43,47",
1034,2,"2,3,5,11,23,47",2^1 * 3^2 * 5^1 * 11^1 * 23^1 * 47^1,0,"7,13,17,19,29,31,37,41,43",
1035,2,"2,3,5,7,23,37",2^2 * 3^2 * 5^1 * 7^1 * 23^1 * 37^1,0,"11,13,17,19,29,31,41,43,47",
1044,2,"2,3,5,11,19,29",2^2 * 3^2 * 5^1 * 11^1 * 19^1 * 29^1,0,"7,13,17,23,31,37,41,43,47",
1053,2,"2,3,13,17,31",2^1 * 3^4 * 13^1 * 17^1 * 31^1,0,"5,7,11,19,23,29,37,41,43,47",
1080,2,"2,3,5,23,47",2^3 * 3^3 * 5^1 * 23^1 * 47^1,0,"7,11,13,17,19,29,31,37,41,43",
1088,2,"2,3,11,17",2^6 * 3^2 * 11^2 * 17^1,0,"5,7,13,19,23,29,31,37,41,43,47",
1104,2,"2,3,5,13,17,23",2^4 * 3^1 * 5^1 * 13^1 * 17^1 * 23^1,0,"7,11,19,29,31,37,41,43,47",
1127,2,"2,3,7,23,47",2^3 * 3^1 * 7^2 * 23^1 * 47^1,0,"5,11,13,17,19,29,31,37,41,43",
1147,2,"2,7,31,37,41",2^2 * 7^1 * 31^1 * 37^1 * 41^1,0,"3,5,11,13,17,19,23,29,43,47",
1155,2,"2,3,5,7,11,17",2^2 * 3^1 * 5^1 * 7^1 * 11^1 * 17^2,0,"13,19,23,29,31,37,41,43,47",
1160,2,"2,3,5,29,43",2^3 * 3^3 * 5^1 * 29^1 * 43^1,0,"7,11,13,17,19,23,31,37,41,47",
1175,2,"2,3,5,7,47",2^3 * 3^1 * 5^2 * 7^2 * 47^1,0,"11,13,17,19,23,29,31,37,41,43",
1183,2,"2,7,13,37",2^5 * 7^1 * 13^2 * 37^1,0,"3,5,11,17,19,23,29,31,41,43,47",
1188,2,"2,3,11,29,41",2^2 * 3^3 * 11^1 * 29^1 * 41^1,0,"5,7,13,17,19,23,31,37,43,47",
1189,2,"2,5,7,17,29,41",2^1 * 5^1 * 7^1 * 17^1 * 29^1 * 41^1,0,"3,11,13,19,23,31,37,43,47",
1196,2,"2,3,7,13,19,23",2^2 * 3^2 * 7^1 * 13^1 * 19^1 * 23^1,0,"5,11,17,29,31,37,41,43,47",
1209,2,"2,3,5,11,13,31",2^1 * 3^1 * 5^1 * 11^2 * 13^1 * 31^1,0,"7,17,19,23,29,37,41,43,47",
1215,2,"2,3,5,19",2^6 * 3^5 * 5^1 * 19^1,0,"7,11,13,17,23,29,31,37,41,43,47",
1221,2,"2,3,11,13,37,47",2^1 * 3^1 * 11^1 * 13^1 * 37^1 * 47^1,0,"5,7,17,19,23,29,31,41,43",
1224,2,"2,3,5,7,17",2^3 * 3^2 * 5^2 * 7^2 * 17^1,0,"11,13,19,23,29,31,37,41,43,47",
1247,2,"2,3,13,29,43",2^5 * 3^1 * 13^1 * 29^1 * 43^1,0,"5,7,11,17,19,23,31,37,41,47",
1274,2,"2,3,5,7,13,17",2^1 * 3^1 * 5^2 * 7^2 * 13^1 * 17^1,0,"11,19,23,29,31,37,41,43,47",
1275,2,"2,3,5,11,17,29",2^2 * 3^1 * 5^2 * 11^1 * 17^1 * 29^1,0,"7,13,19,23,31,37,41,43,47",
1287,2,"2,3,7,11,13,23",2^3 * 3^2 * 7^1 * 11^1 * 13^1 * 23^1,0,"5,17,19,29,31,37,41,43,47",
1295,2,"2,3,5,7,37",2^4 * 3^4 * 5^1 * 7^1 * 37^1,0,"11,13,17,19,23,29,31,41,43,47",
1311,2,"2,3,19,23,41",2^5 * 3^1 * 19^1 * 23^1 * 41^1,0,"5,7,11,13,17,29,31,37,43,47",
1330,2,"2,5,7,11,19",2^1 * 5^1 * 7^1 * 11^3 * 19^1,0,"3,13,17,23,29,31,37,41,43,47",
1331,2,"2,3,11,37",2^2 * 3^2 * 11^3 * 37^1,0,"5,7,13,17,19,23,29,31,41,43,47",
1332,2,"2,3,31,37,43",2^2 * 3^2 * 31^1 * 37^1 * 43^1,0,"5,7,11,13,17,19,23,29,41,47",
1333,2,"2,23,29,31,43",2^1 * 23^1 * 29^1 * 31^1 * 43^1,0,"3,5,7,11,13,17,19,37,41,47",
1352,2,"2,3,11,13,41",2^3 * 3^1 * 11^1 * 13^2 * 41^1,0,"5,7,17,19,23,29,31,37,43,47",
1363,2,"2,11,29,31,47",2^2 * 11^1 * 29^1 * 31^1 * 47^1,0,"3,5,7,13,17,19,23,37,41,43",
1364,2,"2,3,5,7,11,13,31",2^2 * 3^1 * 5^1 * 7^1 * 11^1 * 13^1 * 31^1,0,"17,19,23,29,37,41,43,47",
1368,2,"2,3,19,37",2^3 * 3^2 * 19^1 * 37^2,0,"5,7,11,13,17,23,29,31,41,43,47",
1375,2,"2,5,11,43",2^5 * 5^3 * 11^1 * 43^1,0,"3,7,13,17,19,23,29,31,37,41,47",
1376,2,"2,3,17,43",2^5 * 3^4 * 17^1 * 43^1,0,"5,7,11,13,19,23,29,31,37,41,47",
1394,2,"2,3,5,17,31,41",2^1 * 3^2 * 5^1 * 17^1 * 31^1 * 41^1,0,"7,11,13,19,23,29,37,43,47",
1425,2,"2,3,5,19,23,31",2^1 * 3^1 * 5^2 * 19^1 * 23^1 * 31^1,0,"7,11,13,17,29,37,41,43,47",
1443,2,"2,3,13,19,37",2^2 * 3^1 * 13^1 * 19^2 * 37^1,0,"5,7,11,17,23,29,31,41,43,47",
1444,2,"2,5,17,19",2^2 * 5^1 * 17^2 * 19^2,0,"3,7,11,13,23,29,31,37,41,43,47",
1449,2,"2,3,5,7,23,29",2^1 * 3^2 * 5^2 * 7^1 * 23^1 * 29^1,0,"11,13,17,19,31,37,41,43,47",
1456,2,"2,7,13,31,47",2^4 * 7^1 * 13^1 * 31^1 * 47^1,0,"3,5,11,17,19,23,29,37,41,43",
1457,2,"2,3,31,47",2^1 * 3^6 * 31^1 * 47^1,0,"5,7,11,13,17,19,23,29,37,41,43",
1462,2,"2,7,11,17,19,43",2^1 * 7^1 * 11^1 * 17^1 * 19^1 * 43^1,0,"3,5,13,23,29,31,37,41,47",
1479,2,"2,3,5,17,29,37",2^3 * 3^1 * 5^1 * 17^1 * 29^1 * 37^1,0,"7,11,13,19,23,31,41,43,47",
1495,2,"2,5,11,13,17,23",2^3 * 5^1 * 11^1 * 13^1 * 17^1 * 23^1,0,"3,7,19,29,31,37,41,43,47",
1504,2,"2,5,7,43,47",2^5 * 5^1 * 7^1 * 43^1 * 47^1,0,"3,11,13,17,19,23,29,31,37,41",
1517,2,"2,3,11,23,37,41",2^1 * 3^1 * 11^1 * 23^1 * 37^1 * 41^1,0,"5,7,13,17,19,29,31,43,47",
1518,2,"2,3,7,11,23,31",2^1 * 3^1 * 7^2 * 11^1 * 23^1 * 31^1,0,"5,13,17,19,29,37,41,43,47",
1519,2,"2,5,7,19,31",2^4 * 5^1 * 7^2 * 19^1 * 31^1,0,"3,11,13,17,23,29,37,41,43,47",
1520,2,"2,3,5,13,19",2^4 * 3^2 * 5^1 * 13^2 * 19^1,0,"7,11,17,23,29,31,37,41,43,47",
1539,2,"2,3,5,7,11,19",2^2 * 3^4 * 5^1 * 7^1 * 11^1 * 19^1,0,"13,17,23,29,31,37,41,43,47",
1547,2,"2,3,7,13,17,43",2^2 * 3^2 * 7^1 * 13^1 * 17^1 * 43^1,0,"5,11,19,23,29,31,37,41,47",
1550,2,"2,3,5,11,31,47",2^1 * 3^1 * 5^2 * 11^1 * 31^1 * 47^1,0,"7,13,17,19,23,29,37,41,43",
1595,2,"2,3,5,7,11,19,29",2^2 * 3^1 * 5^1 * 7^1 * 11^1 * 19^1 * 29^1,0,"13,17,23,31,37,41,43,47",
1598,2,"2,3,13,17,41,47",2^1 * 3^1 * 13^1 * 17^1 * 41^1 * 47^1,0,"5,7,11,19,23,29,31,37,43",
1599,2,"2,3,5,13,41",2^6 * 3^1 * 5^2 * 13^1 * 41^1,0,"7,11,17,19,23,29,31,37,43,47",
1624,2,"2,5,7,13,29",2^3 * 5^3 * 7^1 * 13^1 * 29^1,0,"3,11,17,19,23,31,37,41,43,47",
1664,2,"2,3,5,13,37",2^7 * 3^2 * 5^1 * 13^1 * 37^1,0,"7,11,17,19,23,29,31,41,43,47",
1665,2,"2,3,5,7,17,37",2^1 * 3^2 * 5^1 * 7^2 * 17^1 * 37^1,0,"11,13,19,23,29,31,41,43,47",
1680,2,"2,3,5,7,41",2^4 * 3^1 * 5^1 * 7^1 * 41^2,0,"11,13,17,19,23,29,31,37,43,47",
1681,2,"2,29,41",2^1 * 29^2 * 41^2,0,"3,5,7,11,13,17,19,23,31,37,43,47",
1682,2,"2,3,11,17,29",2^1 * 3^2 * 11^1 * 17^1 * 29^2,0,"5,7,13,19,23,31,37,41,43,47",
1700,2,"2,3,5,7,17",2^2 * 3^5 * 5^2 * 7^1 * 17^1,0,"11,13,19,23,29,31,37,41,43,47",
1701,2,"2,3,7,23,37",2^1 * 3^5 * 7^1 * 23^1 * 37^1,0,"5,11,13,17,19,29,31,41,43,47",
1715,2,"2,3,5,7,11,13",2^2 * 3^1 * 5^1 * 7^3 * 11^1 * 13^1,0,"17,19,23,29,31,37,41,43,47",
1728,2,"2,3,7,13,19",2^6 * 3^3 * 7^1 * 13^1 * 19^1,0,"5,11,17,23,29,31,37,41,43,47",
1739,2,"2,3,5,29,37,47",2^2 * 3^1 * 5^1 * 29^1 * 37^1 * 47^1,0,"7,11,13,17,19,23,31,41,43",
1763,2,"2,3,7,41,43",2^2 * 3^2 * 7^2 * 41^1 * 43^1,0,"5,11,13,17,19,23,29,31,37,47",
1767,2,"2,3,13,17,19,31",2^3 * 3^1 * 13^1 * 17^1 * 19^1 * 31^1,0,"5,7,11,23,29,37,41,43,47",
1785,2,"2,3,5,7,17,19,47",2^1 * 3^1 * 5^1 * 7^1 * 17^1 * 19^1 * 47^1,0,"11,13,23,29,31,37,41,43",
1804,2,"2,5,11,19,41",2^2 * 5^1 * 11^1 * 19^2 * 41^1,0,"3,7,13,17,23,29,31,37,43,47",
1805,2,"2,3,5,7,19,43",2^1 * 3^1 * 5^1 * 7^1 * 19^2 * 43^1,0,"11,13,17,23,29,31,37,41,47",
1848,2,"2,3,7,11,43",2^3 * 3^1 * 7^1 * 11^1 * 43^2,0,"5,13,17,19,23,29,31,37,41,47",
1849,2,"2,5,37,43",2^1 * 5^2 * 37^1 * 43^2,0,"3,7,11,13,17,19,23,29,31,41,47",
1859,2,"2,3,5,11,13,31",2^2 * 3^1 * 5^1 * 11^1 * 13^2 * 31^1,0,"7,17,19,23,29,37,41,43,47",
1862,2,"2,3,7,19,23",2^1 * 3^4 * 7^2 * 19^1 * 23^1,0,"5,11,13,17,29,31,37,41,43,47",
1880,2,"2,3,5,11,19,47",2^3 * 3^2 * 5^1 * 11^1 * 19^1 * 47^1,0,"7,13,17,23,29,31,37,41,43",
1885,2,"2,5,13,23,29,41",2^1 * 5^1 * 13^1 * 23^1 * 29^1 * 41^1,0,"3,7,11,17,19,31,37,43,47",
1886,2,"2,3,17,23,37,41",2^1 * 3^1 * 17^1 * 23^1 * 37^1 * 41^1,0,"5,7,11,13,19,29,31,43,47",
1924,2,"2,5,7,11,13,37",2^2 * 5^2 * 7^1 * 11^1 * 13^1 * 37^1,0,"3,17,19,23,29,31,41,43,47",
1935,2,"2,3,5,11,43",2^4 * 3^2 * 5^1 * 11^2 * 43^1,0,"7,13,17,19,23,29,31,37,41,47",
2000,2,"2,3,5,23,29",2^4 * 3^1 * 5^3 * 23^1 * 29^1,0,"7,11,13,17,19,31,37,41,43,47",
2001,2,"2,3,7,11,13,23,29",2^1 * 3^1 * 7^1 * 11^1 * 13^1 * 23^1 * 29^1,0,"5,17,19,31,37,41,43,47",
2015,2,"2,3,5,7,13,31",2^5 * 3^2 * 5^1 * 7^1 * 13^1 * 31^1,0,"11,17,19,23,29,37,41,43,47",
2023,2,"2,7,11,17,23",2^3 * 7^1 * 11^1 * 17^2 * 23^1,0,"3,5,13,19,29,31,37,41,43,47",
2024,2,"2,3,5,11,23",2^3 * 3^4 * 5^2 * 11^1 * 23^1,0,"7,13,17,19,29,31,37,41,43,47",
2057,2,"2,3,7,11,17",2^1 * 3^1 * 7^3 * 11^2 * 17^1,0,"5,13,19,23,29,31,37,41,43,47",
2079,2,"2,3,5,7,11,13",2^5 * 3^3 * 5^1 * 7^1 * 11^1 * 13^1,0,"17,19,23,29,31,37,41,43,47",
2090,2,"2,3,5,11,17,19,41",2^1 * 3^1 * 5^1 * 11^1 * 17^1 * 19^1 * 41^1,0,"7,13,23,29,31,37,43,47",
2106,2,"2,3,7,13,43",2^1 * 3^4 * 7^2 * 13^1 * 43^1,0,"5,11,17,19,23,29,31,37,41,47",
2107,2,"2,7,17,31,43",2^2 * 7^2 * 17^1 * 31^1 * 43^1,0,"3,5,11,13,19,23,29,37,41,47",
2108,2,"2,3,17,19,31,37",2^2 * 3^1 * 17^1 * 19^1 * 31^1 * 37^1,0,"5,7,11,13,23,29,41,43,47",
2115,2,"2,3,5,23,47",2^2 * 3^2 * 5^1 * 23^2 * 47^1,0,"7,11,13,17,19,29,31,37,41,43",
2145,2,"2,3,5,11,13,29,37",2^1 * 3^1 * 5^1 * 11^1 * 13^1 * 29^1 * 37^1,0,"7,17,19,23,31,41,43,47",
2175,2,"2,3,5,17,29",2^7 * 3^1 * 5^2 * 17^1 * 29^1,0,"7,11,13,19,23,31,37,41,43,47",
2184,2,"2,3,5,7,13,19,23",2^3 * 3^1 * 5^1 * 7^1 * 13^1 * 19^1 * 23^1,0,"11,17,29,31,37,41,43,47",
2204,2,"2,3,5,7,19,29",2^2 * 3^2 * 5^1 * 7^2 * 19^1 * 29^1,0,"11,13,17,23,31,37,41,43,47",
2208,2,"2,3,23,47",2^5 * 3^1 * 23^1 * 47^2,0,"5,7,11,13,17,19,29,31,37,41,43",
2209,2,"2,5,13,17,47",2^1 * 5^1 * 13^1 * 17^1 * 47^2,0,"3,7,11,19,23,29,31,37,41,43",
2232,2,"2,3,7,11,29,31",2^3 * 3^2 * 7^1 * 11^1 * 29^1 * 31^1,0,"5,13,17,19,23,37,41,43,47",
2254,2,"2,5,7,11,23,41",2^1 * 5^1 * 7^2 * 11^1 * 23^1 * 41^1,0,"3,13,17,19,29,31,37,43,47",
2255,2,"2,3,5,11,41,47",2^4 * 3^1 * 5^1 * 11^1 * 41^1 * 47^1,0,"7,13,17,19,23,29,31,37,43",
2261,2,"2,3,7,13,17,19,29",2^1 * 3^1 * 7^1 * 13^1 * 17^1 * 19^1 * 29^1,0,"5,11,23,31,37,41,43,47",
2294,2,"2,3,5,17,31,37",2^1 * 3^3 * 5^1 * 17^1 * 31^1 * 37^1,0,"7,11,13,19,23,29,41,43,47",
2295,2,"2,3,5,7,17,41",2^3 * 3^3 * 5^1 * 7^1 * 17^1 * 41^1,0,"11,13,19,23,29,31,37,43,47",
2299,2,"2,5,11,19,23",2^2 * 5^2 * 11^2 * 19^1 * 23^1,0,"3,7,13,17,29,31,37,41,43,47",
2303,2,"2,3,7,47",2^8 * 3^2 * 7^2 * 47^1,0,"5,11,13,17,19,23,29,31,37,41,43",
2349,2,"2,3,5,29,47",2^1 * 3^4 * 5^2 * 29^1 * 47^1,0,"7,11,13,17,19,23,31,37,41,43",
2365,2,"2,5,7,11,13,43",2^1 * 5^1 * 7^1 * 11^1 * 13^2 * 43^1,0,"3,17,19,23,29,31,37,41,47",
2375,2,"2,3,5,11,19",2^3 * 3^3 * 5^3 * 11^1 * 19^1,0,"7,13,17,23,29,31,37,41,43,47",
2400,2,"2,3,5,7",2^5 * 3^1 * 5^2 * 7^4,0,"11,13,17,19,23,29,31,37,41,43,47",
2430,2,"2,3,5,11,13,17",2^1 * 3^5 * 5^1 * 11^1 * 13^1 * 17^1,0,"7,19,23,29,31,37,41,43,47",
2431,2,"2,11,13,17,19",2^7 * 11^1 * 13^1 * 17^1 * 19^1,0,"3,5,7,23,29,31,37,41,43,47",
2450,2,"2,3,5,7,19,43",2^1 * 3^1 * 5^2 * 7^2 * 19^1 * 43^1,0,"11,13,17,23,29,31,37,41,47",
2464,2,"2,5,7,11,17,29",2^5 * 5^1 * 7^1 * 11^1 * 17^1 * 29^1,0,"3,13,19,23,31,37,41,43,47",
2499,2,"2,3,5,7,17",2^2 * 3^1 * 5^4 * 7^2 * 17^1,0,"11,13,19,23,29,31,37,41,43,47",
2541,2,"2,3,7,11,31,41",2^1 * 3^1 * 7^1 * 11^2 * 31^1 * 41^1,0,"5,13,17,19,23,29,37,43,47",
2552,2,"2,3,11,23,29,37",2^3 * 3^1 * 11^1 * 23^1 * 29^1 * 37^1,0,"5,7,13,17,19,31,41,43,47",
2583,2,"2,3,7,17,19,41",2^3 * 3^2 * 7^1 * 17^1 * 19^1 * 41^1,0,"5,11,13,23,29,31,37,43,47",
2584,2,"2,5,11,17,19,47",2^3 * 5^1 * 11^1 * 17^1 * 19^1 * 47^1,0,"3,7,13,23,29,31,37,41,43",
2600,2,"2,3,5,13,17",2^3 * 3^2 * 5^2 * 13^1 * 17^2,0,"7,11,19,23,29,31,37,41,43,47",
2624,2,"2,3,5,7,41",2^6 * 3^1 * 5^3 * 7^1 * 41^1,0,"11,13,17,19,23,29,31,37,43,47",
2639,2,"2,3,5,7,11,13,29",2^4 * 3^1 * 5^1 * 7^1 * 11^1 * 13^1 * 29^1,0,"17,19,23,31,37,41,43,47",
2645,2,"2,3,5,7,23",2^1 * 3^3 * 5^1 * 7^2 * 23^2,0,"11,13,17,19,29,31,37,41,43,47",
2664,2,"2,3,5,13,37,41",2^3 * 3^2 * 5^1 * 13^1 * 37^1 * 41^1,0,"7,11,17,19,23,29,31,43,47",
2665,2,"2,5,13,31,41,43",2^1 * 5^1 * 13^1 * 31^1 * 41^1 * 43^1,0,"3,7,11,17,19,23,29,37,47",
2736,2,"2,3,7,17,19,23",2^4 * 3^2 * 7^1 * 17^1 * 19^1 * 23^1,0,"5,11,13,29,31,37,41,43,47",
2737,2,"2,7,17,23,37",2^1 * 7^1 * 17^1 * 23^1 * 37^2,0,"3,5,11,13,19,29,31,41,43,47",
2754,2,"2,3,5,17,19,29",2^1 * 3^4 * 5^1 * 17^1 * 19^1 * 29^1,0,"7,11,13,23,31,37,41,43,47",
2783,2,"2,3,11,23,29",2^5 * 3^1 * 11^2 * 23^1 * 29^1,0,"5,7,13,17,19,31,37,41,43,47",
2820,2,"2,3,5,7,13,31,47",2^2 * 3^1 * 5^1 * 7^1 * 13^1 * 31^1 * 47^1,0,"11,17,19,23,29,37,41,43",
2849,2,"2,3,5,7,11,19,37",2^1 * 3^1 * 5^2 * 7^1 * 11^1 * 19^1 * 37^1,0,"13,17,23,29,31,41,43,47",
2870,2,"2,3,5,7,11,29,41",2^1 * 3^2 * 5^1 * 7^1 * 11^1 * 29^1 * 41^1,0,"13,17,19,23,31,37,43,47",
2924,2,"2,3,5,13,17,43",2^2 * 3^2 * 5^2 * 13^1 * 17^1 * 43^1,0,"7,11,19,23,29,31,37,41,47",
2925,2,"2,3,5,7,11,13,19",2^1 * 3^2 * 5^2 * 7^1 * 11^1 * 13^1 * 19^1,0,"17,23,29,31,37,41,43,47",
2944,2,"2,5,19,23,31",2^7 * 5^1 * 19^1 * 23^1 * 31^1,0,"3,7,11,13,17,29,37,41,43,47",
2960,2,"2,3,5,7,37,47",2^4 * 3^2 * 5^1 * 7^1 * 37^1 * 47^1,0,"11,13,17,19,23,29,31,41,43",
2975,2,"2,3,5,7,17,31",2^5 * 3^1 * 5^2 * 7^1 * 17^1 * 31^1,0,"11,13,19,23,29,37,41,43,47",
3024,2,"2,3,5,7,11",2^4 * 3^3 * 5^2 * 7^1 * 11^2,0,"13,17,19,23,29,31,37,41,43,47",
3059,2,"2,3,5,7,17,19,23",2^2 * 3^2 * 5^1 * 7^1 * 17^1 * 19^1 * 23^1,0,"11,13,29,31,37,41,43,47",
3135,2,"2,3,5,7,11,19",2^6 * 3^1 * 5^1 * 7^2 * 11^1 * 19^1,0,"13,17,23,29,31,37,41,43,47",
3145,2,"2,5,11,13,17,37",2^1 * 5^1 * 11^2 * 13^1 * 17^1 * 37^1,0,"3,7,19,23,29,31,41,43,47",
3219,2,"2,3,5,7,23,29,37",2^2 * 3^1 * 5^1 * 7^1 * 23^1 * 29^1 * 37^1,0,"11,13,17,19,31,41,43,47",
3224,2,"2,3,5,13,31,43",2^3 * 3^1 * 5^2 * 13^1 * 31^1 * 43^1,0,"7,11,17,19,23,29,37,41,47",
3248,2,"2,3,7,19,29",2^4 * 3^2 * 7^1 * 19^2 * 29^1,0,"5,11,13,17,23,31,37,41,43,47",
3249,2,"2,3,5,13,19",2^1 * 3^2 * 5^3 * 13^1 * 19^2,0,"7,11,17,23,29,31,37,41,43,47",
3255,2,"2,3,5,7,11,31,37",2^3 * 3^1 * 5^1 * 7^1 * 11^1 * 31^1 * 37^1,0,"13,17,19,23,29,41,43,47",
3267,2,"2,3,11,19,43",2^2 * 3^3 * 11^2 * 19^1 * 43^1,0,"5,7,13,17,23,29,31,37,41,47",
3289,2,"2,5,7,11,13,23,47",2^1 * 5^1 * 7^1 * 11^1 * 13^1 * 23^1 * 47^1,0,"3,17,19,29,31,37,41,43",
3311,2,"2,3,7,11,23,43",2^4 * 3^2 * 7^1 * 11^1 * 23^1 * 43^1,0,"5,13,17,19,29,31,37,41,47",
3366,2,"2,3,7,11,13,17,37",2^1 * 3^2 * 7^1 * 11^1 * 13^1 * 17^1 * 37^1,0,"5,19,23,29,31,41,43,47",
3380,2,"2,3,5,7,13,23",2^2 * 3^1 * 5^1 * 7^2 * 13^2 * 23^1,0,"11,17,19,29,31,37,41,43,47",
3440,2,"2,3,5,31,37,43",2^4 * 3^1 * 5^1 * 31^1 * 37^1 * 43^1,0,"7,11,13,17,19,23,29,41,47",
3450,2,"2,3,5,7,17,23,29",2^1 * 3^1 * 5^2 * 7^1 * 17^1 * 23^1 * 29^1,0,"11,13,19,31,37,41,43,47",
3509,2,"2,3,5,11,13,29",2^1 * 3^3 * 5^1 * 11^2 * 13^1 * 29^1,0,"7,17,19,23,31,37,41,43,47",
3519,2,"2,3,5,11,17,23",2^6 * 3^2 * 5^1 * 11^1 * 17^1 * 23^1,0,"7,13,19,29,31,37,41,43,47",
3525,2,"2,3,5,41,43,47",2^1 * 3^1 * 5^2 * 41^1 * 43^1 * 47^1,0,"7,11,13,17,19,23,29,31,37",
3552,2,"2,3,11,17,19,37",2^5 * 3^1 * 11^1 * 17^1 * 19^1 * 37^1,0,"5,7,13,23,29,31,41,43,47",
3564,2,"2,3,5,11,23,31",2^2 * 3^4 * 5^1 * 11^1 * 23^1 * 31^1,0,"7,13,17,19,29,37,41,43,47",
3625,2,"2,5,7,29,37",2^1 * 5^3 * 7^2 * 29^1 * 37^1,0,"3,11,13,17,19,23,31,41,43,47",
3626,2,"2,3,7,13,31,37",2^1 * 3^2 * 7^2 * 13^1 * 31^1 * 37^1,0,"5,11,17,19,23,29,41,43,47",
3654,2,"2,3,5,7,17,29,43",2^1 * 3^2 * 5^1 * 7^1 * 17^1 * 29^1 * 43^1,0,"11,13,19,23,31,37,41,47",
3689,2,"2,3,5,7,17,31,41",2^1 * 3^2 * 5^1 * 7^1 * 17^1 * 31^1 * 41^1,0,"11,13,19,23,29,37,43,47",
3740,2,"2,3,5,11,17,29,43",2^2 * 3^1 * 5^1 * 11^1 * 17^1 * 29^1 * 43^1,0,"7,13,19,23,31,37,41,47",
3750,2,"2,3,5,11,31",2^1 * 3^1 * 5^4 * 11^2 * 31^1,0,"7,13,17,19,23,29,37,41,43,47",
3772,2,"2,7,11,23,41",2^2 * 7^3 * 11^1 * 23^1 * 41^1,0,"3,5,13,17,19,29,31,37,43,47",
3773,2,"2,3,7,11,17,37",2^1 * 3^1 * 7^3 * 11^1 * 17^1 * 37^1,0,"5,13,19,23,29,31,41,43,47",
3807,2,"2,3,7,17,47",2^5 * 3^4 * 7^1 * 17^1 * 47^1,0,"5,11,13,19,23,29,31,37,41,43",
3875,2,"2,3,5,17,19,31",2^2 * 3^1 * 5^3 * 17^1 * 19^1 * 31^1,0,"7,11,13,23,29,37,41,43,47",
3887,2,"2,3,13,23",2^4 * 3^5 * 13^2 * 23^1,0,"5,7,11,17,19,29,31,37,41,43,47",
3968,2,"2,3,7,31",2^7 * 3^4 * 7^2 * 31^1,0,"5,11,13,17,19,23,29,37,41,43,47",
3995,2,"2,3,5,17,37,47",2^2 * 3^3 * 5^1 * 17^1 * 37^1 * 47^1,0,"7,11,13,19,23,29,31,41,43",
3999,2,"2,3,5,31,43",2^5 * 3^1 * 5^3 * 31^1 * 43^1,0,"7,11,13,17,19,23,29,37,41,47",
4059,2,"2,3,5,7,11,29,41",2^2 * 3^2 * 5^1 * 7^1 * 11^1 * 29^1 * 41^1,0,"13,17,19,23,31,37,43,47",
4095,2,"2,3,5,7,13",2^12 * 3^2 * 5^1 * 7^1 * 13^1,0,"11,17,19,23,29,31,37,41,43,47",
4185,2,"2,3,5,7,13,23,31",2^1 * 3^3 * 5^1 * 7^1 * 13^1 * 23^1 * 31^1,0,"11,17,19,29,37,41,43,47",
4199,2,"2,3,5,7,13,17,19",2^3 * 3^1 * 5^2 * 7^1 * 13^1 * 17^1 * 19^1,0,"11,23,29,31,37,41,43,47",
4224,2,"2,3,5,11,13",2^7 * 3^1 * 5^2 * 11^1 * 13^2,0,"7,17,19,23,29,31,37,41,43,47",
4255,2,"2,5,7,19,23,37",2^5 * 5^1 * 7^1 * 19^1 * 23^1 * 37^1,0,"3,11,13,17,29,31,41,43,47",
4256,2,"2,3,7,11,19,43",2^5 * 3^2 * 7^1 * 11^1 * 19^1 * 43^1,0,"5,13,17,23,29,31,37,41,47",
4263,2,"2,3,7,13,29,41",2^3 * 3^1 * 7^2 * 13^1 * 29^1 * 41^1,0,"5,11,17,19,23,31,37,43,47",
4277,2,"2,3,7,13,23,31,47",2^1 * 3^1 * 7^1 * 13^1 * 23^1 * 31^1 * 47^1,0,"5,11,17,19,29,37,41,43",
4300,2,"2,5,11,17,23,43",2^2 * 5^2 * 11^1 * 17^1 * 23^1 * 43^1,0,"3,7,13,19,29,31,37,41,47",
4370,2,"2,3,5,19,23,31,47",2^1 * 3^1 * 5^1 * 19^1 * 23^1 * 31^1 * 47^1,0,"7,11,13,17,29,37,41,43",
4374,2,"2,3,5,7",2^1 * 3^7 * 5^4 * 7^1,0,"11,13,17,19,23,29,31,37,41,43,47",
4464,2,"2,3,5,19,31,47",2^4 * 3^2 * 5^1 * 19^1 * 31^1 * 47^1,0,"7,11,13,17,23,29,37,41,43",
4465,2,"2,5,7,11,19,29,47",2^1 * 5^1 * 7^1 * 11^1 * 19^1 * 29^1 * 47^1,0,"3,13,17,23,31,37,41,43",
4550,2,"2,3,5,7,13,37,41",2^1 * 3^1 * 5^2 * 7^1 * 13^1 * 37^1 * 41^1,0,"11,17,19,23,29,31,43,47",
4624,2,"2,5,17,37",2^4 * 5^3 * 17^2 * 37^1,0,"3,7,11,13,19,23,29,31,41,43,47",
4640,2,"2,3,5,7,13,17,29",2^5 * 3^1 * 5^1 * 7^1 * 13^1 * 17^1 * 29^1,0,"11,19,23,31,37,41,43,47",
4674,2,"2,3,5,11,17,19,41",2^1 * 3^1 * 5^2 * 11^1 * 17^1 * 19^1 * 41^1,0,"7,13,23,29,31,37,43,47",
4692,2,"2,3,13,17,19,23",2^2 * 3^1 * 13^1 * 17^1 * 19^2 * 23^1,0,"5,7,11,29,31,37,41,43,47",
4760,2,"2,3,5,7,17,23",2^3 * 3^2 * 5^1 * 7^1 * 17^1 * 23^2,0,"11,13,19,29,31,37,41,43,47",
4773,2,"2,3,7,11,31,37,43",2^1 * 3^1 * 7^1 * 11^1 * 31^1 * 37^1 * 43^1,0,"5,13,17,19,23,29,41,47",
4784,2,"2,3,5,11,13,23,29",2^4 * 3^1 * 5^1 * 11^1 * 13^1 * 23^1 * 29^1,0,"7,17,19,31,37,41,43,47",
4900,2,"2,5,7,13,29",2^2 * 5^2 * 7^2 * 13^2 * 29^1,0,"3,11,17,19,23,31,37,41,43,47",
4901,2,"2,3,13,19,29,43",2^1 * 3^1 * 13^2 * 19^1 * 29^1 * 43^1,0,"5,7,11,17,23,31,37,41,47",
4913,2,"2,3,7,13,17",2^1 * 3^3 * 7^1 * 13^1 * 17^3,0,"5,11,19,23,29,31,37,41,43,47",
4920,2,"2,3,5,7,19,37,41",2^3 * 3^1 * 5^1 * 7^1 * 19^1 * 37^1 * 41^1,0,"11,13,17,23,29,31,43,47",
4959,2,"2,3,5,19,29,31",2^5 * 3^2 * 5^1 * 19^1 * 29^1 * 31^1,0,"7,11,13,17,23,37,41,43,47",
4960,2,"2,5,11,31,41",2^5 * 5^1 * 11^2 * 31^1 * 41^1,0,"3,7,13,17,19,23,29,37,43,47",
4991,2,"2,3,7,13,23,31",2^7 * 3^1 * 7^1 * 13^1 * 23^1 * 31^1,0,"5,11,17,19,29,37,41,43,47",
5031,2,"2,3,13,17,37,43",2^3 * 3^2 * 13^1 * 17^1 * 37^1 * 43^1,0,"5,7,11,19,23,29,31,41,47",
5075,2,"2,3,5,7,29,47",2^2 * 3^3 * 5^2 * 7^1 * 29^1 * 47^1,0,"11,13,17,19,23,31,37,41,43",
5082,2,"2,3,7,11,13,17,23",2^1 * 3^1 * 7^1 * 11^2 * 13^1 * 17^1 * 23^1,0,"5,19,29,31,37,41,43,47",
5083,2,"2,13,17,23,31,41",2^2 * 13^1 * 17^1 * 23^1 * 31^1 * 41^1,0,"3,5,7,11,19,29,37,43,47",
5103,2,"2,3,7,11,29",2^4 * 3^6 * 7^1 * 11^1 * 29^1,0,"5,13,17,19,23,31,37,41,43,47",
5202,2,"2,3,11,17,43",2^1 * 3^2 * 11^2 * 17^2 * 43^1,0,"5,7,13,19,23,29,31,37,41,47",
5264,2,"2,3,5,7,13,47",2^4 * 3^4 * 5^1 * 7^1 * 13^1 * 47^1,0,"11,17,19,23,29,31,37,41,43",
5289,2,"2,3,5,23,41,43",2^1 * 3^1 * 5^1 * 23^2 * 41^1 * 43^1,0,"7,11,13,17,19,29,31,37,47",
5290,2,"2,5,11,13,23,37",2^1 * 5^1 * 11^1 * 13^1 * 23^2 * 37^1,0,"3,7,17,19,29,31,41,43,47",
5291,2,"2,3,7,11,13,37",2^2 * 3^3 * 7^2 * 11^1 * 13^1 * 37^1,0,"5,17,19,23,29,31,41,43,47",
5375,2,"2,3,5,7,43",2^8 * 3^1 * 5^3 * 7^1 * 43^1,0,"11,13,17,19,23,29,31,37,41,47",
5439,2,"2,3,5,7,17,37",2^6 * 3^1 * 5^1 * 7^2 * 17^1 * 37^1,0,"11,13,19,23,29,31,41,43,47",
5452,2,"2,7,19,29,41,47",2^2 * 7^1 * 19^1 * 29^1 * 41^1 * 47^1,0,"3,5,11,13,17,23,31,37,43",
5499,2,"2,3,5,11,13,47",2^2 * 3^2 * 5^3 * 11^1 * 13^1 * 47^1,0,"7,17,19,23,29,31,37,41,43",
5576,2,"2,3,11,13,17,41",2^3 * 3^1 * 11^1 * 13^2 * 17^1 * 41^1,0,"5,7,19,23,29,31,37,43,47",
5589,2,"2,3,5,13,23,43",2^1 * 3^5 * 5^1 * 13^1 * 23^1 * 43^1,0,"7,11,17,19,29,31,37,41,47",
5624,2,"2,3,5,19,37",2^3 * 3^2 * 5^4 * 19^1 * 37^1,0,"7,11,13,17,23,29,31,41,43,47",
5642,2,"2,3,7,11,13,19,31",2^1 * 3^3 * 7^1 * 11^1 * 13^1 * 19^1 * 31^1,0,"5,17,23,29,37,41,43,47",
5719,2,"2,5,7,11,13,19,43",2^3 * 5^1 * 7^1 * 11^1 * 13^1 * 19^1 * 43^1,0,"3,17,23,29,31,37,41,47",
5775,2,"2,3,5,7,11,19",2^4 * 3^1 * 5^2 * 7^1 * 11^1 * 19^2,0,"13,17,23,29,31,37,41,43,47",
5780,2,"2,3,5,17,41,47",2^2 * 3^1 * 5^1 * 17^2 * 41^1 * 47^1,0,"7,11,13,19,23,29,31,37,43",
5796,2,"2,3,7,11,17,23,31",2^2 * 3^2 * 7^1 * 11^1 * 17^1 * 23^1 * 31^1,0,"5,13,19,29,37,41,43,47",
5831,2,"2,3,7,17",2^3 * 3^6 * 7^3 * 17^1,0,"5,11,13,19,23,29,31,37,41,43,47",
5887,2,"2,7,23,29",2^8 * 7^1 * 23^1 * 29^2,0,"3,5,11,13,17,19,31,37,41,43,47",
5915,2,"2,3,5,7,13,17,29",2^2 * 3^1 * 5^1 * 7^1 * 13^2 * 17^1 * 29^1,0,"11,19,23,31,37,41,43,47",
5928,2,"2,3,7,11,13,19",2^3 * 3^1 * 7^2 * 11^2 * 13^1 * 19^1,0,"5,17,23,29,31,37,41,43,47",
5984,2,"2,3,5,7,11,17,19",2^5 * 3^2 * 5^1 * 7^1 * 11^1 * 17^1 * 19^1,0,"13,23,29,31,37,41,43,47",
6068,2,"2,3,7,17,37,41",2^2 * 3^1 * 7^1 * 17^2 * 37^1 * 41^1,0,"5,11,13,19,23,29,31,43,47",
6075,2,"2,3,5,7,31",2^2 * 3^5 * 5^2 * 7^2 * 31^1,0,"11,13,17,19,23,29,37,41,43,47",
6137,2,"2,3,11,17,19,31",2^1 * 3^2 * 11^1 * 17^1 * 19^2 * 31^1,0,"5,7,13,23,29,37,41,43,47",
6149,2,"2,3,5,11,13,41,43",2^1 * 3^1 * 5^2 * 11^1 * 13^1 * 41^1 * 43^1,0,"7,17,19,23,29,31,37,47",
6174,2,"2,3,5,7,13,19",2^1 * 3^2 * 5^2 * 7^3 * 13^1 * 19^1,0,"11,17,23,29,31,37,41,43,47",
6250,2,"2,5,7,19,47",2^1 * 5^5 * 7^1 * 19^1 * 47^1,0,"3,11,13,17,23,29,31,37,41,43",
6272,2,"2,3,7,17,41",2^7 * 3^2 * 7^2 * 17^1 * 41^1,0,"5,11,13,19,23,29,31,37,43,47",
6292,2,"2,7,11,13,29,31",2^2 * 7^1 * 11^2 * 13^1 * 29^1 * 31^1,0,"3,5,17,19,23,37,41,43,47",
6324,2,"2,3,5,11,17,23,31",2^2 * 3^1 * 5^2 * 11^1 * 17^1 * 23^1 * 31^1,0,"7,13,19,29,37,41,43,47",
6479,2,"2,3,5,11,19,31",2^4 * 3^4 * 5^1 * 11^1 * 19^1 * 31^1,0,"7,13,17,23,29,37,41,43,47",
6560,2,"2,3,5,41",2^5 * 3^8 * 5^1 * 41^1,0,"7,11,13,17,19,23,29,31,37,43,47",
6578,2,"2,3,11,13,17,23,43",2^1 * 3^2 * 11^1 * 13^1 * 17^1 * 23^1 * 43^1,0,"5,7,19,29,31,37,41,47",
6579,2,"2,3,5,7,17,43,47",2^2 * 3^2 * 5^1 * 7^1 * 17^1 * 43^1 * 47^1,0,"11,13,19,23,29,31,37,41",
6600,2,"2,3,5,7,11,23,41",2^3 * 3^1 * 5^2 * 7^1 * 11^1 * 23^1 * 41^1,0,"13,17,19,29,31,37,43,47",
6655,2,"2,5,11,13",2^9 * 5^1 * 11^3 * 13^1,0,"3,7,17,19,23,29,31,37,41,43,47",
6664,2,"2,5,7,17,31,43",2^3 * 5^1 * 7^2 * 17^1 * 31^1 * 43^1,0,"3,11,13,19,23,29,37,41,47",
6669,2,"2,3,5,13,19,23,29",2^1 * 3^3 * 5^1 * 13^1 * 19^1 * 23^1 * 29^1,0,"7,11,17,31,37,41,43,47",
6720,2,"2,3,5,7,11,13,47",2^6 * 3^1 * 5^1 * 7^1 * 11^1 * 13^1 * 47^1,0,"17,19,23,29,31,37,41,43",
6727,2,"2,7,29,31",2^3 * 7^1 * 29^2 * 31^2,0,"3,5,11,13,17,19,23,37,41,43,47",
6859,2,"2,5,7,19",2^2 * 5^1 * 7^3 * 19^3,0,"3,11,13,17,23,29,31,37,41,43,47",
6929,2,"2,3,5,7,11,13,41",2^1 * 3^2 * 5^1 * 7^1 * 11^1 * 13^2 * 41^1,0,"17,19,23,29,31,37,43,47",
6992,2,"2,3,7,19,23,37",2^4 * 3^3 * 7^1 * 19^1 * 23^1 * 37^1,0,"5,11,13,17,29,31,41,43,47",
7104,2,"2,3,5,7,29,37",2^6 * 3^1 * 5^1 * 7^2 * 29^1 * 37^1,0,"11,13,17,19,23,31,41,43,47",
7105,2,"2,5,7,11,17,19,29",2^1 * 5^1 * 7^2 * 11^1 * 17^1 * 19^1 * 29^1,0,"3,13,23,31,37,41,43,47",
7175,2,"2,3,5,7,13,23,41",2^3 * 3^1 * 5^2 * 7^1 * 13^1 * 23^1 * 41^1,0,"11,17,19,29,31,37,43,47",
7191,2,"2,3,17,29,31,47",2^3 * 3^2 * 17^1 * 29^1 * 31^1 * 47^1,0,"5,7,11,13,19,23,37,41,43",
7215,2,"2,3,5,11,13,37,41",2^4 * 3^1 * 5^1 * 11^1 * 13^1 * 37^1 * 41^1,0,"7,17,19,23,29,31,43,47",
7224,2,"2,3,5,7,17,43",2^3 * 3^1 * 5^2 * 7^1 * 17^2 * 43^1,0,"11,13,19,23,29,31,37,41,47",
7395,2,"2,3,5,17,29,43",2^2 * 3^1 * 5^1 * 17^1 * 29^1 * 43^2,0,"7,11,13,19,23,31,37,41,47",
7424,2,"2,3,5,11,29",2^8 * 3^3 * 5^2 * 11^1 * 29^1,0,"7,13,17,19,23,31,37,41,43,47",
7524,2,"2,3,5,7,11,19,43",2^2 * 3^2 * 5^2 * 7^1 * 11^1 * 19^1 * 43^1,0,"13,17,23,29,31,37,41,47",
7567,2,"2,7,11,23,43,47",2^4 * 7^1 * 11^1 * 23^1 * 43^1 * 47^1,0,"3,5,13,17,19,29,31,37,41",
7568,2,"2,3,11,29,43",2^4 * 3^2 * 11^1 * 29^2 * 43^1,0,"5,7,13,17,19,23,31,37,41,47",
7656,2,"2,3,11,13,19,29,31",2^3 * 3^1 * 11^1 * 13^1 * 19^1 * 29^1 * 31^1,0,"5,7,17,23,37,41,43,47",
7695,2,"2,3,5,13,19,37",2^4 * 3^4 * 5^1 * 13^1 * 19^1 * 37^1,0,"7,11,17,23,29,31,41,43,47",
7749,2,"2,3,5,7,31,41",2^1 * 3^3 * 5^3 * 7^1 * 31^1 * 41^1,0,"11,13,17,19,23,29,37,43,47",
7865,2,"2,3,5,11,13,19,23",2^1 * 3^2 * 5^1 * 11^2 * 13^1 * 19^1 * 23^1,0,"7,17,29,31,37,41,43,47",
7888,2,"2,7,17,23,29",2^4 * 7^3 * 17^1 * 23^1 * 29^1,0,"3,5,11,13,19,31,37,41,43,47",
7904,2,"2,3,5,13,17,19,31",2^5 * 3^1 * 5^1 * 13^1 * 17^1 * 19^1 * 31^1,0,"7,11,23,29,37,41,43,47",
7935,2,"2,3,5,23,31",2^8 * 3^1 * 5^1 * 23^2 * 31^1,0,"7,11,13,17,19,29,37,41,43,47",
7942,2,"2,11,13,19,47",2^1 * 11^1 * 13^2 * 19^2 * 47^1,0,"3,5,7,17,23,29,31,37,41,43",
7955,2,"2,3,5,13,17,37,43",2^2 * 3^2 * 5^1 * 13^1 * 17^1 * 37^1 * 43^1,0,"7,11,19,23,29,31,41,47",
8036,2,"2,3,7,19,41,47",2^2 * 3^2 * 7^2 * 19^1 * 41^1 * 47^1,0,"5,11,13,17,23,29,31,37,43",
8084,2,"2,3,5,7,11,43,47",2^2 * 3^1 * 5^1 * 7^2 * 11^1 * 43^1 * 47^1,0,"13,17,19,23,29,31,37,41",
8091,2,"2,3,7,17,29,31",2^2 * 3^2 * 7^1 * 17^2 * 29^1 * 31^1,0,"5,11,13,19,23,37,41,43,47",
8177,2,"2,3,13,17,29,37,47",2^1 * 3^1 * 13^1 * 17^1 * 29^1 * 37^1 * 47^1,0,"5,7,11,19,23,31,41,43",
8280,2,"2,3,5,7,13,23",2^3 * 3^2 * 5^1 * 7^2 * 13^2 * 23^1,0,"11,17,19,29,31,37,41,43,47",
8463,2,"2,3,7,13,23,31",2^4 * 3^1 * 7^1 * 13^1 * 23^2 * 31^1,0,"5,11,17,19,29,37,41,43,47",
8525,2,"2,3,5,7,11,29,31",2^1 * 3^1 * 5^2 * 7^2 * 11^1 * 29^1 * 31^1,0,"13,17,19,23,37,41,43,47",
8568,2,"2,3,7,11,17,19,41",2^3 * 3^2 * 7^1 * 11^1 * 17^1 * 19^1 * 41^1,0,"5,13,23,29,31,37,43,47",
8624,2,"2,3,5,7,11,23",2^4 * 3^1 * 5^3 * 7^2 * 11^1 * 23^1,0,"13,17,19,29,31,37,41,43,47",
8648,2,"2,3,23,31,47",2^3 * 3^2 * 23^1 * 31^2 * 47^1,0,"5,7,11,13,17,19,29,37,41,43",
8670,2,"2,3,5,13,17,23,29",2^1 * 3^1 * 5^1 * 13^1 * 17^2 * 23^1 * 29^1,0,"7,11,19,31,37,41,43,47",
8694,2,"2,3,5,7,23,37,47",2^1 * 3^3 * 5^1 * 7^1 * 23^1 * 37^1 * 47^1,0,"11,13,17,19,29,31,41,43",
8788,2,"2,11,13,17,47",2^2 * 11^1 * 13^3 * 17^1 * 47^1,0,"3,5,7,19,23,29,31,37,41,43",
8815,2,"2,5,19,29,41,43",2^4 * 5^1 * 19^1 * 29^1 * 41^1 * 43^1,0,"3,7,11,13,17,23,31,37,47",
8835,2,"2,3,5,19,31,47",2^2 * 3^1 * 5^1 * 19^1 * 31^1 * 47^2,0,"7,11,13,17,23,29,37,41,43",
8855,2,"2,3,5,7,11,23,41",2^3 * 3^3 * 5^1 * 7^1 * 11^1 * 23^1 * 41^1,0,"13,17,19,29,31,37,43,47",
8959,2,"2,5,7,17,31",2^8 * 5^1 * 7^1 * 17^2 * 31^1,0,"3,11,13,19,23,29,37,41,43,47",
8990,2,"2,3,5,29,31,37",2^1 * 3^5 * 5^1 * 29^1 * 31^1 * 37^1,0,"7,11,13,17,19,23,41,43,47",
9024,2,"2,3,5,19,47",2^6 * 3^1 * 5^2 * 19^2 * 47^1,0,"7,11,13,17,23,29,31,37,41,43",
9176,2,"2,3,7,19,23,31,37",2^3 * 3^1 * 7^1 * 19^1 * 23^1 * 31^1 * 37^1,0,"5,11,13,17,29,41,43,47",
9250,2,"2,5,11,29,37",2^1 * 5^3 * 11^1 * 29^2 * 37^1,0,"3,7,13,17,19,23,31,41,43,47",
9360,2,"2,3,5,11,13,23,37",2^4 * 3^2 * 5^1 * 11^1 * 13^1 * 23^1 * 37^1,0,"7,17,19,29,31,41,43,47",
9424,2,"2,5,13,19,29,31",2^4 * 5^2 * 13^1 * 19^1 * 29^1 * 31^1,0,"3,7,11,17,23,37,41,43,47",
9471,2,"2,3,7,11,37,41",2^8 * 3^1 * 7^1 * 11^1 * 37^1 * 41^1,0,"5,13,17,19,23,29,31,43,47",
9503,2,"2,3,11,13,17,43",2^5 * 3^3 * 11^1 * 13^1 * 17^1 * 43^1,0,"5,7,19,23,29,31,37,41,47",
9632,2,"2,3,7,13,19,43",2^5 * 3^1 * 7^1 * 13^2 * 19^1 * 43^1,0,"5,11,17,23,29,31,37,41,47",
9728,2,"2,3,19,23,47",2^9 * 3^2 * 19^1 * 23^1 * 47^1,0,"5,7,11,13,17,29,31,37,41,43",
9775,2,"2,5,13,17,23,47",2^4 * 5^2 * 13^1 * 17^1 * 23^1 * 47^1,0,"3,7,11,19,29,31,37,41,43",
9800,2,"2,3,5,7,11",2^3 * 3^4 * 5^2 * 7^2 * 11^2,0,"13,17,19,23,29,31,37,41,43,47",
9801,2,"2,3,11,13,29",2^1 * 3^4 * 11^2 * 13^2 * 29^1,0,"5,7,17,19,23,31,37,41,43,47",
9889,2,"2,5,11,23,29,31,43",2^1 * 5^1 * 11^1 * 23^1 * 29^1 * 31^1 * 43^1,0,"3,7,13,17,19,37,41,47",
9975,2,"2,3,5,7,19,29,43",2^3 * 3^1 * 5^2 * 7^1 * 19^1 * 29^1 * 43^1,0,"11,13,17,23,31,37,41,47",
10044,2,"2,3,5,7,31,41",2^2 * 3^4 * 5^1 * 7^2 * 31^1 * 41^1,0,"11,13,17,19,23,29,37,43,47",
10199,2,"2,3,5,7,17,31,47",2^3 * 3^1 * 5^2 * 7^1 * 17^1 * 31^1 * 47^1,0,"11,13,19,23,29,37,41,43",
10240,2,"2,5,7,11,19",2^11 * 5^1 * 7^2 * 11^1 * 19^1,0,"3,13,17,23,29,31,37,41,43,47",
10373,2,"2,3,7,11,13,19,23,41",2^1 * 3^1 * 7^1 * 11^1 * 13^1 * 19^1 * 23^1 * 41^1,0,"5,17,29,31,37,43,47",
10449,2,"2,3,5,11,19,43",2^1 * 3^5 * 5^2 * 11^1 * 19^1 * 43^1,0,"7,13,17,23,29,31,37,41,47",
10527,2,"2,3,7,11,29,47",2^5 * 3^1 * 7^1 * 11^2 * 29^1 * 47^1,0,"5,13,17,19,23,31,37,41,43",
10556,2,"2,3,7,13,17,23,29",2^2 * 3^3 * 7^1 * 13^1 * 17^1 * 23^1 * 29^1,0,"5,11,19,31,37,41,43,47",
10625,2,"2,3,5,7,11,17,23",2^1 * 3^1 * 5^4 * 7^1 * 11^1 * 17^1 * 23^1,0,"13,19,29,31,37,41,43,47",
10647,2,"2,3,7,11,13",2^3 * 3^2 * 7^1 * 11^3 * 13^2,0,"5,17,19,23,29,31,37,41,43,47",
10659,2,"2,3,5,11,13,17,19,41",2^2 * 3^1 * 5^1 * 11^1 * 13^1 * 17^1 * 19^1 * 41^1,0,"7,23,29,31,37,43,47",
10692,2,"2,3,11,17,37",2^2 * 3^5 * 11^1 * 17^2 * 37^1,0,"5,7,13,19,23,29,31,41,43,47",
10829,2,"2,3,5,7,13,17,19",2^1 * 3^1 * 5^1 * 7^2 * 13^1 * 17^1 * 19^2,0,"11,23,29,31,37,41,43,47",
10878,2,"2,3,7,11,23,37,43",2^1 * 3^1 * 7^2 * 11^1 * 23^1 * 37^1 * 43^1,0,"5,13,17,19,29,31,41,47",
10879,2,"2,5,11,17,23,43",2^7 * 5^1 * 11^1 * 17^1 * 23^1 * 43^1,0,"3,7,13,19,29,31,37,41,47",
10880,2,"2,3,5,13,17,31",2^7 * 3^3 * 5^1 * 13^1 * 17^1 * 31^1,0,"7,11,19,23,29,37,41,43,47",
11136,2,"2,3,7,29,37,43",2^7 * 3^1 * 7^1 * 29^1 * 37^1 * 43^1,0,"5,11,13,17,19,23,31,41,47",
11270,2,"2,3,5,7,13,17,23",2^1 * 3^1 * 5^1 * 7^2 * 13^1 * 17^2 * 23^1,0,"11,19,29,31,37,41,43,47",
11339,2,"2,3,5,7,17,23,29",2^2 * 3^4 * 5^1 * 7^1 * 17^1 * 23^1 * 29^1,0,"11,13,19,31,37,41,43,47",
11374,2,"2,5,7,11,13,47",2^1 * 5^3 * 7^1 * 11^2 * 13^1 * 47^1,0,"3,17,19,23,29,31,37,41,43",
11438,2,"2,3,7,19,31,41,43",2^1 * 3^2 * 7^1 * 19^1 * 31^1 * 41^1 * 43^1,0,"5,11,13,17,23,29,37,47",
11439,2,"2,3,5,11,13,31,41",2^4 * 3^2 * 5^1 * 11^1 * 13^1 * 31^1 * 41^1,0,"7,17,19,23,29,37,43,47",
11609,2,"2,3,5,13,19,43,47",2^1 * 3^3 * 5^1 * 13^1 * 19^1 * 43^1 * 47^1,0,"7,11,17,23,29,31,37,41",
11655,2,"2,3,5,7,31,37,47",2^3 * 3^2 * 5^1 * 7^1 * 31^1 * 37^1 * 47^1,0,"11,13,17,19,23,29,41,43",
11661,2,"2,3,7,13,17,23",2^1 * 3^1 * 7^3 * 13^2 * 17^1 * 23^1,0,"5,11,19,29,31,37,41,43,47",
11780,2,"2,3,5,7,11,17,19,31",2^2 * 3^2 * 5^1 * 7^1 * 11^1 * 17^1 * 19^1 * 31^1,0,"13,23,29,37,41,43,47",
11890,2,"2,5,11,23,29,41,47",2^1 * 5^1 * 11^1 * 23^1 * 29^1 * 41^1 * 47^1,0,"3,7,13,17,19,31,37,43",
11913,2,"2,3,7,11,19,23,37",2^1 * 3^1 * 7^1 * 11^1 * 19^2 * 23^1 * 37^1,0,"5,13,17,29,31,41,43,47",
11934,2,"2,3,5,7,11,13,17,31",2^1 * 3^3 * 5^1 * 7^1 * 11^1 * 13^1 * 17^1 * 31^1,0,"19,23,29,37,41,43,47",
12005,2,"2,3,5,7,23,29",2^1 * 3^2 * 5^1 * 7^4 * 23^1 * 29^1,0,"11,13,17,19,31,37,41,43,47",
12121,2,"2,11,17,19,23,29,31",2^1 * 11^1 * 17^1 * 19^1 * 23^1 * 29^1 * 31^1,0,"3,5,7,13,37,41,43,47",
12167,2,"2,3,13,23",2^3 * 3^2 * 13^2 * 23^3,0,"5,7,11,17,19,29,31,37,41,43,47",
12320,2,"2,3,5,7,11,37",2^5 * 3^2 * 5^1 * 7^1 * 11^1 * 37^2,0,"13,17,19,23,29,31,41,43,47",
12341,2,"2,3,7,11,17,41,43",2^1 * 3^1 * 7^1 * 11^2 * 17^1 * 41^1 * 43^1,0,"5,13,19,23,29,31,37,47",
12375,2,"2,3,5,7,11,13,17",2^3 * 3^2 * 5^3 * 7^1 * 11^1 * 13^1 * 17^1,0,"19,23,29,31,37,41,43,47",
12635,2,"2,3,5,7,13,19",2^2 * 3^5 * 5^1 * 7^1 * 13^1 * 19^2,0,"11,17,23,29,31,37,41,43,47",
12672,2,"2,3,11,19,23,29",2^7 * 3^2 * 11^1 * 19^1 * 23^1 * 29^1,0,"5,7,13,17,31,37,41,43,47",
12690,2,"2,3,5,7,37,47",2^1 * 3^3 * 5^1 * 7^3 * 37^1 * 47^1,0,"11,13,17,19,23,29,31,41,43",
13224,2,"2,3,5,19,23,29",2^3 * 3^1 * 5^2 * 19^1 * 23^2 * 29^1,0,"7,11,13,17,31,37,41,43,47",
13243,2,"2,7,11,17,19,41,43",2^2 * 7^1 * 11^1 * 17^1 * 19^1 * 41^1 * 43^1,0,"3,5,13,23,29,31,37,47",
13299,2,"2,3,5,7,11,13,19,31",2^2 * 3^1 * 5^2 * 7^1 * 11^1 * 13^1 * 19^1 * 31^1,0,"17,23,29,37,41,43,47",
13310,2,"2,3,5,11,17,29",2^1 * 3^3 * 5^1 * 11^3 * 17^1 * 29^1,0,"7,13,19,23,31,37,41,43,47",
13311,2,"2,3,13,17,29",2^10 * 3^3 * 13^1 * 17^1 * 29^1,0,"5,7,11,19,23,31,37,41,43,47",
13376,2,"2,3,7,11,13,19",2^6 * 3^1 * 7^3 * 11^1 * 13^1 * 19^1,0,"5,17,23,29,31,37,41,43,47",
13454,2,"2,3,5,7,13,23,31",2^1 * 3^2 * 5^1 * 7^1 * 13^1 * 23^1 * 31^2,0,"11,17,19,29,37,41,43,47",
13455,2,"2,3,5,13,23,29",2^4 * 3^2 * 5^1 * 13^1 * 23^1 * 29^2,0,"7,11,17,19,31,37,41,43,47",
13689,2,"2,3,5,13,37",2^1 * 3^4 * 5^1 * 13^2 * 37^2,0,"7,11,17,19,23,29,31,41,43,47",
13717,2,"2,11,19,29,43",2^1 * 11^1 * 19^3 * 29^1 * 43^1,0,"3,5,7,13,17,23,31,37,41,47",
13775,2,"2,3,5,7,19,29,41",2^4 * 3^1 * 5^2 * 7^1 * 19^1 * 29^1 * 41^1,0,"11,13,17,23,31,37,43,47",
13888,2,"2,7,17,19,31,43",2^6 * 7^1 * 17^1 * 19^1 * 31^1 * 43^1,0,"3,5,11,13,23,29,37,41,47",
13949,2,"2,3,5,13,29,31,37",2^1 * 3^2 * 5^2 * 13^1 * 29^1 * 31^1 * 37^1,0,"7,11,17,19,23,41,43,47",
14079,2,"2,3,5,11,13,19",2^8 * 3^1 * 5^1 * 11^1 * 13^1 * 19^2,0,"7,17,23,29,31,37,41,43,47",
14104,2,"2,5,7,13,31,41,43",2^3 * 5^1 * 7^1 * 13^1 * 31^1 * 41^1 * 43^1,0,"3,11,17,19,23,29,37,47",
14144,2,"2,3,5,13,17,23,41",2^6 * 3^1 * 5^1 * 13^1 * 17^1 * 23^1 * 41^1,0,"7,11,19,29,31,37,43,47",
14364,2,"2,3,5,7,13,17,19",2^2 * 3^3 * 5^1 * 7^1 * 13^2 * 17^1 * 19^1,0,"11,23,29,31,37,41,43,47",
14399,2,"2,3,5,7,11,17",2^6 * 3^2 * 5^2 * 7^1 * 11^2 * 17^1,0,"13,19,23,29,31,37,41,43,47",
14534,2,"2,3,5,13,17,19,43",2^1 * 3^2 * 5^1 * 13^2 * 17^1 * 19^1 * 43^1,0,"7,11,23,29,31,37,41,47",
14651,2,"2,3,7,11,13,23,37",2^2 * 3^2 * 7^2 * 11^1 * 13^1 * 23^1 * 37^1,0,"5,17,19,29,31,41,43,47",
14663,2,"2,3,11,13,31,43,47",2^3 * 3^1 * 11^1 * 13^1 * 31^1 * 43^1 * 47^1,0,"5,7,17,19,23,29,37,41",
14800,2,"2,5,19,37,41",2^4 * 5^2 * 19^2 * 37^1 * 41^1,0,"3,7,11,13,17,23,29,31,43,47",
14993,2,"2,3,7,11,17,29,47",2^1 * 3^2 * 7^2 * 11^1 * 17^1 * 29^1 * 47^1,0,"5,13,19,23,31,37,41,43",
15092,2,"2,3,7,11,13,43",2^2 * 3^3 * 7^3 * 11^1 * 13^1 * 43^1,0,"5,17,19,23,29,31,37,41,47",
15180,2,"2,3,5,11,17,19,23,47",2^2 * 3^1 * 5^1 * 11^1 * 17^1 * 19^1 * 23^1 * 47^1,0,"7,13,29,31,37,41,43",
15375,2,"2,3,5,31,41",2^4 * 3^1 * 5^3 * 31^2 * 41^1,0,"7,11,13,17,19,23,29,37,43,47",
15456,2,"2,3,7,13,23,29,41",2^5 * 3^1 * 7^1 * 13^1 * 23^1 * 29^1 * 41^1,0,"5,11,17,19,31,37,43,47",
15624,2,"2,3,5,7,31",2^3 * 3^2 * 5^6 * 7^1 * 31^1,0,"11,13,17,19,23,29,37,41,43,47",
15651,2,"2,3,7,13,37,43,47",2^2 * 3^2 * 7^1 * 13^1 * 37^1 * 43^1 * 47^1,0,"5,11,17,19,23,29,31,41",
15872,2,"2,3,11,13,31,37",2^9 * 3^1 * 11^1 * 13^1 * 31^1 * 37^1,0,"5,7,17,19,23,29,41,43,47",
15979,2,"2,5,17,19,29,47",2^2 * 5^1 * 17^1 * 19^1 * 29^2 * 47^1,0,"3,7,11,13,23,31,37,41,43",
16120,2,"2,5,7,13,31,47",2^3 * 5^1 * 7^3 * 13^1 * 31^1 * 47^1,0,"3,11,17,19,23,29,37,41,43",
16168,2,"2,19,23,37,43,47",2^3 * 19^1 * 23^1 * 37^1 * 43^1 * 47^1,0,"3,5,7,11,13,17,29,31,41",
16169,2,"2,3,5,7,11,19,23,37",2^1 * 3^1 * 5^1 * 7^2 * 11^1 * 19^1 * 23^1 * 37^1,0,"13,17,29,31,41,43,47",
16399,2,"2,5,23,31,41",2^4 * 5^2 * 23^2 * 31^1 * 41^1,0,"3,7,11,13,17,19,29,37,43,47",
16523,2,"2,3,13,17,31,41",2^2 * 3^5 * 13^1 * 17^1 * 31^1 * 41^1,0,"5,7,11,19,23,29,37,43,47",
16575,2,"2,3,5,7,13,17,37",2^6 * 3^1 * 5^2 * 7^1 * 13^1 * 17^1 * 37^1,0,"11,19,23,29,31,41,43,47",
16605,2,"2,3,5,19,23,41",2^1 * 3^4 * 5^1 * 19^2 * 23^1 * 41^1,0,"7,11,13,17,29,31,37,43,47",
16640,2,"2,3,5,13,43",2^8 * 3^2 * 5^1 * 13^1 * 43^2,0,"7,11,17,19,23,29,31,37,41,47",
16928,2,"2,3,11,19,23",2^5 * 3^4 * 11^1 * 19^1 * 23^2,0,"5,7,13,17,29,31,37,41,43,47",
17199,2,"2,3,5,7,13,43",2^4 * 3^3 * 5^2 * 7^2 * 13^1 * 43^1,0,"11,17,19,23,29,31,37,41,47",
17204,2,"2,3,5,11,17,23,31,37",2^2 * 3^1 * 5^1 * 11^1 * 17^1 * 23^1 * 31^1 * 37^1,0,"7,13,19,29,41,43,47",
17328,2,"2,3,13,19,31,43",2^4 * 3^1 * 13^1 * 19^2 * 31^1 * 43^1,0,"5,7,11,17,23,29,37,41,47",
17342,2,"2,3,13,23,29,41,47",2^1 * 3^2 * 13^1 * 23^1 * 29^1 * 41^1 * 47^1,0,"5,7,11,17,19,31,37,43",
17390,2,"2,3,5,11,17,31,37,47",2^1 * 3^1 * 5^1 * 11^1 * 17^1 * 31^1 * 37^1 * 47^1,0,"7,13,19,23,29,41,43",
17424,2,"2,3,5,11,17,41",2^4 * 3^2 * 5^2 * 11^2 * 17^1 * 41^1,0,"7,13,19,23,29,31,37,43,47",
17457,2,"2,3,7,11,23,29,43",2^1 * 3^1 * 7^1 * 11^1 * 23^2 * 29^1 * 43^1,0,"5,13,17,19,31,37,41,47",
17500,2,"2,5,7,11,37,43",2^2 * 5^4 * 7^1 * 11^1 * 37^1 * 43^1,0,"3,13,17,19,23,29,31,41,47",
17544,2,"2,3,5,11,17,29,43",2^3 * 3^1 * 5^1 * 11^2 * 17^1 * 29^1 * 43^1,0,"7,13,19,23,31,37,41,47",
17575,2,"2,5,13,19,37",2^3 * 5^2 * 13^3 * 19^1 * 37^1,0,"3,7,11,17,23,29,31,41,43,47",
17576,2,"2,3,7,13,31",2^3 * 3^4 * 7^1 * 13^3 * 31^1,0,"5,11,17,19,23,29,37,41,43,47",
17577,2,"2,3,7,11,17,31,47",2^1 * 3^4 * 7^1 * 11^1 * 17^1 * 31^1 * 47^1,0,"5,13,19,23,29,37,41,43",
17765,2,"2,3,5,7,11,17,19,47",2^1 * 3^3 * 5^1 * 7^1 * 11^1 * 17^1 * 19^1 * 47^1,0,"13,23,29,31,37,41,43",
17835,2,"2,3,5,7,13,29,41",2^2 * 3^1 * 5^1 * 7^3 * 13^1 * 29^1 * 41^1,0,"11,17,19,23,31,37,43,47",
17917,2,"2,17,19,23,31,41",2^1 * 17^2 * 19^1 * 23^1 * 31^1 * 41^1,0,"3,5,7,11,13,29,37,43,47",
18095,2,"2,3,5,7,11,13,29,47",2^4 * 3^1 * 5^1 * 7^1 * 11^1 * 13^1 * 29^1 * 47^1,0,"17,19,23,31,37,41,43",
18240,2,"2,3,5,17,19,29,37",2^6 * 3^1 * 5^1 * 17^1 * 19^1 * 29^1 * 37^1,0,"7,11,13,23,31,41,43,47",
18490,2,"2,5,11,41,43",2^1 * 5^1 * 11^1 * 41^2 * 43^2,0,"3,7,13,17,19,23,29,31,37,47",
18791,2,"2,3,19,23,29,43",2^3 * 3^4 * 19^1 * 23^1 * 29^1 * 43^1,0,"5,7,11,13,17,31,37,41,47",
18941,2,"2,3,7,11,13,31,41,47",2^1 * 3^1 * 7^1 * 11^1 * 13^1 * 31^1 * 41^1 * 47^1,0,"5,17,19,23,29,37,43",
19227,2,"2,3,11,13,17,19,23,29",2^2 * 3^1 * 11^1 * 13^1 * 17^1 * 19^1 * 23^1 * 29^1,0,"5,7,31,37,41,43,47",
19250,2,"2,3,5,7,11,23,31",2^1 * 3^3 * 5^3 * 7^1 * 11^1 * 23^1 * 31^1,0,"13,17,19,29,37,41,43,47",
19343,2,"2,3,13,23,29,31",2^4 * 3^1 * 13^1 * 23^1 * 29^2 * 31^1,0,"5,7,11,17,19,37,41,43,47",
19499,2,"2,3,5,13,17,31,37",2^2 * 3^1 * 5^3 * 13^1 * 17^1 * 31^1 * 37^1,0,"7,11,19,23,29,41,43,47",
19550,2,"2,3,5,7,17,19,23",2^1 * 3^1 * 5^2 * 7^3 * 17^1 * 19^1 * 23^1,0,"11,13,29,31,37,41,43,47",
19551,2,"2,3,7,13,19,47",2^5 * 3^1 * 7^3 * 13^1 * 19^1 * 47^1,0,"5,11,17,23,29,31,37,41,43",
19683,2,"2,3,7,19,37",2^2 * 3^9 * 7^1 * 19^1 * 37^1,0,"5,11,13,17,23,29,31,41,43,47",
19720,2,"2,5,13,17,29,37,41",2^3 * 5^1 * 13^1 * 17^1 * 29^1 * 37^1 * 41^1,0,"3,7,11,19,23,31,43,47",
19844,2,"2,3,5,7,11,41",2^2 * 3^4 * 5^1 * 7^2 * 11^2 * 41^1,0,"13,17,19,23,29,31,37,43,47",
19964,2,"2,3,5,7,11,23,31",2^2 * 3^1 * 5^1 * 7^1 * 11^3 * 23^1 * 31^1,0,"13,17,19,29,37,41,43,47",
20124,2,"2,3,5,7,13,23,43",2^2 * 3^2 * 5^3 * 7^1 * 13^1 * 23^1 * 43^1,0,"11,17,19,29,31,37,41,47",
20349,2,"2,3,5,7,11,17,19,37",2^1 * 3^2 * 5^2 * 7^1 * 11^1 * 17^1 * 19^1 * 37^1,0,"13,23,29,31,41,43,47",
20424,2,"2,3,5,19,23,37,43",2^3 * 3^1 * 5^2 * 19^1 * 23^1 * 37^1 * 43^1,0,"7,11,13,17,29,31,41,47",
20735,2,"2,3,5,11,13,29",2^8 * 3^4 * 5^1 * 11^1 * 13^1 * 29^1,0,"7,17,19,23,31,37,41,43,47",
21141,2,"2,3,11,29,31",2^1 * 3^6 * 11^1 * 29^1 * 31^2,0,"5,7,13,17,19,23,37,41,43,47",
21384,2,"2,3,5,7,11,13,47",2^3 * 3^5 * 5^1 * 7^1 * 11^1 * 13^1 * 47^1,0,"17,19,23,29,31,37,41,43",
21385,2,"2,5,7,13,17,37,47",2^1 * 5^1 * 7^1 * 13^1 * 17^2 * 37^1 * 47^1,0,"3,11,19,23,29,31,41,43",
21504,2,"2,3,5,7,11,17,23",2^10 * 3^1 * 5^1 * 7^1 * 11^1 * 17^1 * 23^1,0,"13,19,29,31,37,41,43,47",
21735,2,"2,3,5,7,11,13,19,23",2^3 * 3^3 * 5^1 * 7^1 * 11^1 * 13^1 * 19^1 * 23^1,0,"17,29,31,37,41,43,47",
22015,2,"2,5,7,17,37,43",2^9 * 5^1 * 7^1 * 17^1 * 37^1 * 43^1,0,"3,11,13,19,23,29,31,41,47",
22099,2,"2,5,7,11,13,17,41",2^2 * 5^2 * 7^2 * 11^1 * 13^1 * 17^1 * 41^1,0,"3,19,23,29,31,37,43,47",
22230,2,"2,3,5,11,13,19,43,47",2^1 * 3^2 * 5^1 * 11^1 * 13^1 * 19^1 * 43^1 * 47^1,0,"7,17,23,29,31,37,41",
22274,2,"2,3,5,7,11,37,43",2^1 * 3^4 * 5^2 * 7^1 * 11^1 * 37^1 * 43^1,0,"13,17,19,23,29,31,41,47",
22385,2,"2,3,5,7,11,13,37,41",2^1 * 3^1 * 5^1 * 7^1 * 11^2 * 13^1 * 37^1 * 41^1,0,"17,19,23,29,31,43,47",
22747,2,"2,11,23,43,47",2^2 * 11^2 * 23^2 * 43^1 * 47^1,0,"3,5,7,13,17,19,29,31,37,41",
22815,2,"2,3,5,13,23,31",2^5 * 3^3 * 5^1 * 13^2 * 23^1 * 31^1,0,"7,11,17,19,29,37,41,43,47",
23000,2,"2,3,5,11,17,23,41",2^3 * 3^1 * 5^3 * 11^1 * 17^1 * 23^1 * 41^1,0,"7,13,19,29,31,37,43,47",
23124,2,"2,3,5,37,41,47",2^2 * 3^1 * 5^4 * 37^1 * 41^1 * 47^1,0,"7,11,13,17,19,23,29,31,43",
23199,2,"2,3,5,11,19,29,37",2^5 * 3^1 * 5^2 * 11^1 * 19^1 * 29^1 * 37^1,0,"7,13,17,23,31,41,43,47",
23275,2,"2,5,7,11,19,23",2^2 * 5^2 * 7^2 * 11^1 * 19^1 * 23^2,0,"3,13,17,29,31,37,41,43,47",
23374,2,"2,5,11,13,17,29,31",2^1 * 5^3 * 11^1 * 13^1 * 17^1 * 29^1 * 31^1,0,"3,7,19,23,37,41,43,47",
23408,2,"2,3,7,11,17,19",2^4 * 3^4 * 7^1 * 11^1 * 17^2 * 19^1,0,"5,13,23,29,31,37,41,43,47",
23715,2,"2,3,5,7,11,17,31",2^2 * 3^2 * 5^1 * 7^2 * 11^2 * 17^1 * 31^1,0,"13,19,23,29,37,41,43,47",
23750,2,"2,3,5,7,13,19,29",2^1 * 3^2 * 5^4 * 7^1 * 13^1 * 19^1 * 29^1,0,"11,17,23,31,37,41,43,47",
23828,2,"2,3,7,13,23,37,47",2^2 * 3^1 * 7^1 * 13^2 * 23^1 * 37^1 * 47^1,0,"5,11,17,19,29,31,41,43",
24024,2,"2,3,5,7,11,13,31",2^3 * 3^1 * 5^2 * 7^1 * 11^1 * 13^1 * 31^2,0,"17,19,23,29,37,41,43,47",
24149,2,"2,3,5,7,19,23,31,41",2^1 * 3^1 * 5^2 * 7^1 * 19^1 * 23^1 * 31^1 * 41^1,0,"11,13,17,29,37,43,47",
24272,2,"2,3,29,31,37,41",2^4 * 3^3 * 29^1 * 31^1 * 37^1 * 41^1,0,"5,7,11,13,17,19,23,43,47",
24299,2,"2,3,5,11,47",2^2 * 3^5 * 5^2 * 11^1 * 47^2,0,"7,13,17,19,23,29,31,37,41,43",
24768,2,"2,3,17,31,43,47",2^6 * 3^2 * 17^1 * 31^1 * 43^1 * 47^1,0,"5,7,11,13,19,23,29,37,41",
24794,2,"2,3,5,7,11,19,23,29",2^1 * 3^2 * 5^1 * 7^2 * 11^1 * 19^1 * 23^1 * 29^1,0,"13,17,31,37,41,43,47",
24863,2,"2,3,7,23,37,47",2^5 * 3^1 * 7^1 * 23^2 * 37^1 * 47^1,0,"5,11,13,17,19,29,31,41,43",
25024,2,"2,5,7,11,13,17,23",2^6 * 5^2 * 7^1 * 11^1 * 13^1 * 17^1 * 23^1,0,"3,19,29,31,37,41,43,47",
25584,2,"2,3,5,7,13,17,41,43",2^4 * 3^1 * 5^1 * 7^1 * 13^1 * 17^1 * 41^1 * 43^1,0,"11,19,23,29,31,37,47",
25839,2,"2,3,5,11,17,19,29",2^4 * 3^4 * 5^1 * 11^1 * 17^1 * 19^1 * 29^1,0,"7,13,23,31,37,41,43,47",
25920,2,"2,3,5,7,23",2^6 * 3^4 * 5^1 * 7^2 * 23^2,0,"11,13,17,19,29,31,37,41,43,47",
26010,2,"2,3,5,17,19,37",2^1 * 3^2 * 5^1 * 17^2 * 19^1 * 37^2,0,"7,11,13,23,29,31,41,43,47",
26649,2,"2,3,5,7,13,41,47",2^1 * 3^4 * 5^2 * 7^1 * 13^1 * 41^1 * 47^1,0,"11,17,19,23,29,31,37,43",
26978,2,"2,3,7,17,23,41,47",2^1 * 3^1 * 7^1 * 17^1 * 23^2 * 41^1 * 47^1,0,"5,11,13,19,29,31,37,43",
26999,2,"2,3,5,7,19,29",2^3 * 3^3 * 5^3 * 7^2 * 19^1 * 29^1,0,"11,13,17,23,31,37,41,43,47",
27047,2,"2,3,7,17,23,37,43",2^3 * 3^1 * 7^2 * 17^1 * 23^1 * 37^1 * 43^1,0,"5,11,13,19,29,31,41,47",
27404,2,"2,3,5,7,13,17,29,31",2^2 * 3^3 * 5^1 * 7^1 * 13^1 * 17^1 * 29^1 * 31^1,0,"11,19,23,37,41,43,47",
27455,2,"2,3,5,11,13,17,19",2^6 * 3^1 * 5^1 * 11^1 * 13^1 * 17^2 * 19^1,0,"7,23,29,31,37,41,43,47",
27675,2,"2,3,5,11,17,37,41",2^2 * 3^3 * 5^2 * 11^1 * 17^1 * 37^1 * 41^1,0,"7,13,19,23,29,31,43,47",
27950,2,"2,3,5,7,11,13,43",2^1 * 3^1 * 5^2 * 7^1 * 11^3 * 13^1 * 43^1,0,"17,19,23,29,31,37,41,47",
28125,2,"2,3,5,7,41",2^1 * 3^2 * 5^5 * 7^3 * 41^1,0,"11,13,17,19,23,29,31,37,43,47",
28560,2,"2,3,5,7,13,17",2^4 * 3^1 * 5^1 * 7^1 * 13^4 * 17^1,0,"11,19,23,29,31,37,41,43,47",
28576,2,"2,17,19,41,47",2^5 * 17^1 * 19^1 * 41^2 * 47^1,0,"3,5,7,11,13,23,29,31,37,43",
28594,2,"2,5,7,17,19,29,43",2^1 * 5^1 * 7^1 * 17^1 * 19^1 * 29^2 * 43^1,0,"3,11,13,23,31,37,41,47",
28749,2,"2,3,5,7,23,37",2^1 * 3^1 * 5^4 * 7^1 * 23^1 * 37^2,0,"11,13,17,19,29,31,41,43,47",
28860,2,"2,3,5,7,13,19,31,37",2^2 * 3^1 * 5^1 * 7^2 * 13^1 * 19^1 * 31^1 * 37^1,0,"11,17,23,29,41,43,47",
28899,2,"2,3,5,13,17,19",2^2 * 3^2 * 5^2 * 13^2 * 17^2 * 19^1,0,"7,11,23,29,31,37,41,43,47",
29232,2,"2,3,7,23,29,31,41",2^4 * 3^2 * 7^1 * 23^1 * 29^1 * 31^1 * 41^1,0,"5,11,13,17,19,37,43,47",
29240,2,"2,3,5,17,19,43",2^3 * 3^4 * 5^1 * 17^1 * 19^2 * 43^1,0,"7,11,13,23,29,31,37,41,47",
29325,2,"2,3,5,11,17,23,31,43",2^1 * 3^1 * 5^2 * 11^1 * 17^1 * 23^1 * 31^1 * 43^1,0,"7,13,19,29,37,41,47",
29375,2,"2,3,5,17,47",2^6 * 3^3 * 5^4 * 17^1 * 47^1,0,"7,11,13,19,23,29,31,37,41,43",
29600,2,"2,3,5,11,13,23,37",2^5 * 3^2 * 5^2 * 11^1 * 13^1 * 23^1 * 37^1,0,"7,17,19,29,31,41,43,47",
29601,2,"2,3,11,13,19,23,41",2^1 * 3^2 * 11^1 * 13^1 * 19^2 * 23^1 * 41^1,0,"5,7,17,29,31,37,43,47",
29791,2,"2,7,19,31",2^5 * 7^2 * 19^1 * 31^3,0,"3,5,11,13,17,23,29,37,41,43,47",
29970,2,"2,3,5,17,37,41,43",2^1 * 3^4 * 5^1 * 17^1 * 37^1 * 41^1 * 43^1,0,"7,11,13,19,23,29,31,47",
30380,2,"2,3,5,7,13,19,31,41",2^2 * 3^1 * 5^1 * 7^2 * 13^1 * 19^1 * 31^1 * 41^1,0,"11,17,23,29,37,43,47",
30624,2,"2,3,5,7,11,29",2^5 * 3^1 * 5^4 * 7^2 * 11^1 * 29^1,0,"13,17,19,23,31,37,41,43,47",
30855,2,"2,3,5,7,11,17,19,29",2^3 * 3^1 * 5^1 * 7^1 * 11^2 * 17^1 * 19^1 * 29^1,0,"13,23,31,37,41,43,47",
31160,2,"2,3,5,13,17,19,41,47",2^3 * 3^1 * 5^1 * 13^1 * 17^1 * 19^1 * 41^1 * 47^1,0,"7,11,23,29,31,37,43",
31212,2,"2,3,7,13,17",2^2 * 3^3 * 7^4 * 13^1 * 17^2,0,"5,11,19,23,29,31,37,41,43,47",
31349,2,"2,3,5,11,19,23,29,47",2^1 * 3^1 * 5^2 * 11^1 * 19^1 * 23^1 * 29^1 * 47^1,0,"7,13,17,31,37,41,43",
31433,2,"2,3,13,17,31,43",2^1 * 3^1 * 13^2 * 17^1 * 31^1 * 43^2,0,"5,7,11,19,23,29,37,41,47",
31464,2,"2,3,5,7,19,23,29,31",2^3 * 3^2 * 5^1 * 7^1 * 19^1 * 23^1 * 29^1 * 31^1,0,"11,13,17,37,41,43,47",
31487,2,"2,3,23,37,41",2^8 * 3^1 * 23^1 * 37^2 * 41^1,0,"5,7,11,13,17,19,29,31,43,47",
31899,2,"2,3,5,7,11,29,31",2^2 * 3^1 * 5^2 * 7^3 * 11^1 * 29^1 * 31^1,0,"13,17,19,23,37,41,43,47",
32759,2,"2,3,5,7,13,17,41,47",2^3 * 3^2 * 5^1 * 7^1 * 13^1 * 17^1 * 41^1 * 47^1,0,"11,19,23,29,31,37,43",
32798,2,"2,3,13,23,29,31",2^1 * 3^1 * 13^1 * 23^2 * 29^2 * 31^1,0,"5,7,11,17,19,37,41,43,47",
32799,2,"2,3,5,13,29,41",2^5 * 3^1 * 5^2 * 13^1 * 29^2 * 41^1,0,"7,11,17,19,23,31,37,43,47",
33263,2,"2,3,7,11,29,31,37",2^4 * 3^3 * 7^1 * 11^1 * 29^1 * 31^1 * 37^1,0,"5,13,17,19,23,41,43,47",
33669,2,"2,3,5,7,13,29,37,43",2^1 * 3^3 * 5^1 * 7^1 * 13^1 * 29^1 * 37^1 * 43^1,0,"11,17,19,23,31,41,47",
34224,2,"2,3,5,23,31,37",2^4 * 3^1 * 5^2 * 23^1 * 31^1 * 37^2,0,"7,11,13,17,19,29,41,43,47",
34595,2,"2,3,5,11,17,31,37",2^2 * 3^2 * 5^1 * 11^1 * 17^1 * 31^2 * 37^1,0,"7,13,19,23,29,41,43,47",
34968,2,"2,3,11,17,31,47",2^3 * 3^1 * 11^2 * 17^2 * 31^1 * 47^1,0,"5,7,13,19,23,29,37,41,43",
35321,2,"2,3,7,11,13,19,29",2^1 * 3^1 * 7^1 * 11^1 * 13^2 * 19^1 * 29^2,0,"5,17,23,31,37,41,43,47",
35343,2,"2,3,7,11,17,47",2^4 * 3^3 * 7^1 * 11^1 * 17^1 * 47^2,0,"5,13,19,23,29,31,37,41,43",
35672,2,"2,3,7,11,13,23,47",2^3 * 3^1 * 7^3 * 11^1 * 13^1 * 23^1 * 47^1,0,"5,17,19,29,31,37,41,43",
35720,2,"2,3,5,7,19,47",2^3 * 3^6 * 5^1 * 7^2 * 19^1 * 47^1,0,"11,13,17,23,29,31,37,41,43",
35815,2,"2,5,11,13,19,29,37",2^3 * 5^1 * 11^2 * 13^1 * 19^1 * 29^1 * 37^1,0,"3,7,17,23,31,41,43,47",
36162,2,"2,3,7,29,41,43",2^1 * 3^2 * 7^2 * 29^2 * 41^1 * 43^1,0,"5,11,13,17,19,23,31,37,47",
36518,2,"2,3,7,19,31,37,47",2^1 * 3^1 * 7^1 * 19^1 * 31^2 * 37^1 * 47^1,0,"5,11,13,17,23,29,41,43",
36800,2,"2,3,5,23,29,47",2^6 * 3^3 * 5^2 * 23^1 * 29^1 * 47^1,0,"7,11,13,17,19,31,37,41,43",
37179,2,"2,3,5,11,13,17",2^2 * 3^7 * 5^1 * 11^1 * 13^2 * 17^1,0,"7,19,23,29,31,37,41,43,47",
37323,2,"2,3,7,11,13,29,31,43",2^2 * 3^2 * 7^1 * 11^1 * 13^1 * 29^1 * 31^1 * 43^1,0,"5,17,19,23,37,41,47",
37925,2,"2,3,5,7,37,41,43",2^1 * 3^2 * 5^2 * 7^2 * 37^1 * 41^1 * 43^1,0,"11,13,17,19,23,29,31,47",
37961,2,"2,3,7,11,17,19,29,37",2^1 * 3^3 * 7^1 * 11^1 * 17^1 * 19^1 * 29^1 * 37^1,0,"5,13,23,31,41,43,47",
38399,2,"2,3,5,19,43,47",2^9 * 3^1 * 5^2 * 19^1 * 43^1 * 47^1,0,"7,11,13,17,23,29,31,37,41",
38570,2,"2,3,5,7,13,19,23,29,43",2^1 * 3^1 * 5^1 * 7^1 * 13^1 * 19^1 * 23^1 * 29^1 * 43^1,0,"11,17,31,37,41,47",
38961,2,"2,3,7,11,13,23,37",2^1 * 3^4 * 7^1 * 11^2 * 13^1 * 23^1 * 37^1,0,"5,17,19,29,31,41,43,47",
39150,2,"2,3,5,7,17,29,47",2^1 * 3^3 * 5^2 * 7^2 * 17^1 * 29^1 * 47^1,0,"11,13,19,23,31,37,41,43",
39215,2,"2,3,5,11,19,23,31,43",2^4 * 3^1 * 5^1 * 11^1 * 19^1 * 23^1 * 31^1 * 43^1,0,"7,13,17,29,37,41,47",
40204,2,"2,5,11,17,19,23,43",2^2 * 5^1 * 11^1 * 17^1 * 19^1 * 23^2 * 43^1,0,"3,7,13,29,31,37,41,47",
40425,2,"2,3,5,7,11,17,29,41",2^1 * 3^1 * 5^2 * 7^2 * 11^1 * 17^1 * 29^1 * 41^1,0,"13,19,23,31,37,43,47",
40959,2,"2,3,5,37,41",2^13 * 3^3 * 5^1 * 37^1 * 41^1,0,"7,11,13,17,19,23,29,31,43,47",
41040,2,"2,3,5,7,11,13,19,41",2^4 * 3^3 * 5^1 * 7^1 * 11^1 * 13^1 * 19^1 * 41^1,0,"17,23,29,31,37,43,47",
41261,2,"2,3,11,13,23,31",2^1 * 3^1 * 11^3 * 13^1 * 23^2 * 31^1,0,"5,7,17,19,29,37,41,43,47",
41327,2,"2,3,7,11,13,17,41",2^4 * 3^2 * 7^1 * 11^1 * 13^1 * 17^2 * 41^1,0,"5,19,23,29,31,37,43,47",
41514,2,"2,3,5,11,17,19,23,37",2^1 * 3^1 * 5^1 * 11^1 * 17^1 * 19^2 * 23^1 * 37^1,0,"7,13,29,31,41,43,47",
41615,2,"2,3,5,7,17,29,41",2^4 * 3^2 * 5^1 * 7^1 * 17^2 * 29^1 * 41^1,0,"11,13,19,23,31,37,43,47",
41624,2,"2,3,5,11,37,43",2^3 * 3^2 * 5^3 * 11^2 * 37^1 * 43^1,0,"7,13,17,19,23,29,31,41,47",
41876,2,"2,3,11,19,29,47",2^2 * 3^4 * 11^1 * 19^2 * 29^1 * 47^1,0,"5,7,13,17,23,31,37,41,43",
42159,2,"2,3,5,13,17,23,31,47",2^4 * 3^1 * 5^1 * 13^1 * 17^1 * 23^1 * 31^1 * 47^1,0,"7,11,19,29,37,41,43",
42483,2,"2,3,7,13,17,19,43",2^2 * 3^1 * 7^2 * 13^1 * 17^2 * 19^1 * 43^1,0,"5,11,23,29,31,37,41,47",
42624,2,"2,3,5,11,31,37",2^7 * 3^2 * 5^3 * 11^1 * 31^1 * 37^1,0,"7,13,17,19,23,29,41,43,47",
42687,2,"2,3,17,23,29,31",2^6 * 3^4 * 17^1 * 23^1 * 29^1 * 31^1,0,"5,7,11,13,19,37,41,43,47",
43263,2,"2,3,11,13,19,23",2^8 * 3^2 * 11^1 * 13^2 * 19^1 * 23^1,0,"5,7,17,29,31,37,41,43,47",
43400,2,"2,3,5,7,17,23,31,37",2^3 * 3^1 * 5^2 * 7^1 * 17^1 * 23^1 * 31^1 * 37^1,0,"11,13,19,29,41,43,47",
43680,2,"2,3,5,7,11,13,19",2^5 * 3^1 * 5^1 * 7^1 * 11^2 * 13^1 * 19^2,0,"17,23,29,31,37,41,43,47",
43757,2,"2,3,7,11,13,17,19,47",2^1 * 3^2 * 7^2 * 11^1 * 13^1 * 17^1 * 19^1 * 47^1,0,"5,23,29,31,37,41,43",
43992,2,"2,3,13,29,37,41,47",2^3 * 3^2 * 13^1 * 29^1 * 37^1 * 41^1 * 47^1,0,"5,7,11,17,19,23,31,43",
44505,2,"2,3,5,7,11,17,23,43",2^1 * 3^2 * 5^1 * 7^1 * 11^1 * 17^2 * 23^1 * 43^1,0,"13,19,29,31,37,41,47",
44649,2,"2,3,5,11,19,41,47",2^1 * 3^2 * 5^2 * 11^2 * 19^1 * 41^1 * 47^1,0,"7,13,17,23,29,31,37,43",
44954,2,"2,3,5,7,13,19,37",2^1 * 3^5 * 5^1 * 7^1 * 13^2 * 19^1 * 37^1,0,"11,17,23,29,31,41,43,47",
45695,2,"2,3,5,7,13,17,19,37",2^7 * 3^1 * 5^1 * 7^1 * 13^1 * 17^1 * 19^1 * 37^1,0,"11,23,29,31,41,43,47",
46207,2,"2,7,19,23,41",2^7 * 7^2 * 19^2 * 23^1 * 41^1,0,"3,5,11,13,17,29,31,37,43,47",
46529,2,"2,3,5,7,11,17,23,47",2^1 * 3^2 * 5^1 * 7^1 * 11^1 * 17^2 * 23^1 * 47^1,0,"13,19,29,31,37,41,43",
46655,2,"2,3,5,7,31,43",2^6 * 3^6 * 5^1 * 7^1 * 31^1 * 43^1,0,"11,13,17,19,23,29,37,41,47",
47124,2,"2,3,5,7,11,13,17,29",2^2 * 3^2 * 5^3 * 7^1 * 11^1 * 13^1 * 17^1 * 29^1,0,"19,23,31,37,41,43,47",
47150,2,"2,3,5,13,23,31,41",2^1 * 3^2 * 5^2 * 13^2 * 23^1 * 31^1 * 41^1,0,"7,11,17,19,29,37,43,47",
47385,2,"2,3,5,13,19,29,43",2^1 * 3^6 * 5^1 * 13^1 * 19^1 * 29^1 * 43^1,0,"7,11,17,23,31,37,41,47",
47600,2,"2,3,5,7,17,41,43",2^4 * 3^3 * 5^2 * 7^1 * 17^1 * 41^1 * 43^1,0,"11,13,19,23,29,31,37,47",
47915,2,"2,3,5,7,11,37",2^2 * 3^2 * 5^1 * 7^1 * 11^3 * 37^2,0,"13,17,19,23,29,31,41,43,47",
48174,2,"2,3,5,7,31,37,41,47",2^1 * 3^1 * 5^2 * 7^1 * 31^1 * 37^1 * 41^1 * 47^1,0,"11,13,17,19,23,29,43",
48503,2,"2,3,7,13,41,43,47",2^3 * 3^1 * 7^1 * 13^2 * 41^1 * 43^1 * 47^1,0,"5,11,17,19,23,29,31,37",
48749,2,"2,3,5,13,29,41",2^1 * 3^1 * 5^4 * 13^1 * 29^1 * 41^2,0,"7,11,17,19,23,31,37,43,47",
48762,2,"2,3,7,11,13,31,43",2^1 * 3^4 * 7^1 * 11^2 * 13^1 * 31^1 * 43^1,0,"5,17,19,23,29,37,41,47",
48840,2,"2,3,5,11,13,17,37",2^3 * 3^1 * 5^1 * 11^1 * 13^2 * 17^2 * 37^1,0,"7,19,23,29,31,41,43,47",
49010,2,"2,3,5,13,17,29,31",2^1 * 3^1 * 5^1 * 13^2 * 17^1 * 29^1 * 31^2,0,"7,11,19,23,37,41,43,47",
49247,2,"2,3,11,19,37",2^5 * 3^4 * 11^3 * 19^1 * 37^1,0,"5,7,13,17,23,29,31,41,43,47",
49725,2,"2,3,5,13,17,23,47",2^1 * 3^2 * 5^2 * 13^1 * 17^1 * 23^2 * 47^1,0,"7,11,19,29,31,37,41,43",
50024,2,"2,3,5,13,23,29,37",2^3 * 3^1 * 5^2 * 13^2 * 23^1 * 29^1 * 37^1,0,"7,11,17,19,31,41,43,47",
50336,2,"2,3,7,11,13,17,47",2^5 * 3^2 * 7^1 * 11^2 * 13^1 * 17^1 * 47^1,0,"5,19,23,29,31,37,41,43",
50430,2,"2,3,5,29,37,41,47",2^1 * 3^1 * 5^1 * 29^1 * 37^1 * 41^2 * 47^1,0,"7,11,13,17,19,23,31,43",
50653,2,"2,19,31,37,43",2^1 * 19^1 * 31^1 * 37^3 * 43^1,0,"3,5,7,11,13,17,23,29,41,47",
52029,2,"2,3,5,11,41,43,47",2^1 * 3^3 * 5^1 * 11^2 * 41^1 * 43^1 * 47^1,0,"7,13,17,19,23,29,31,37",
52325,2,"2,3,5,7,13,17,19,23",2^1 * 3^4 * 5^2 * 7^1 * 13^1 * 17^1 * 19^1 * 23^1,0,"11,29,31,37,41,43,47",
52479,2,"2,3,5,7,17,41",2^8 * 3^2 * 5^1 * 7^3 * 17^1 * 41^1,0,"11,13,19,23,29,31,37,43,47",
53360,2,"2,3,5,7,11,23,29",2^4 * 3^2 * 5^1 * 7^2 * 11^2 * 23^1 * 29^1,0,"13,17,19,31,37,41,43,47",
53504,2,"2,3,5,11,19,29,41",2^8 * 3^2 * 5^1 * 11^1 * 19^1 * 29^1 * 41^1,0,"7,13,17,23,31,37,43,47",
53750,2,"2,3,5,19,23,41,43",2^1 * 3^1 * 5^4 * 19^1 * 23^1 * 41^1 * 43^1,0,"7,11,13,17,29,31,37,47",
54144,2,"2,3,5,7,13,17,47",2^7 * 3^2 * 5^1 * 7^2 * 13^1 * 17^1 * 47^1,0,"11,19,23,29,31,37,41,43",
55055,2,"2,3,5,7,11,13,31,37",2^4 * 3^1 * 5^1 * 7^1 * 11^2 * 13^1 * 31^1 * 37^1,0,"17,19,23,29,41,43,47",
56202,2,"2,3,7,17,19,29,31,37",2^1 * 3^1 * 7^2 * 17^1 * 19^1 * 29^1 * 31^1 * 37^1,0,"5,11,13,23,41,43,47",
56375,2,"2,3,5,11,29,41",2^3 * 3^5 * 5^3 * 11^1 * 29^1 * 41^1,0,"7,13,17,19,23,31,37,43,47",
58310,2,"2,3,5,7,11,17,19,31",2^1 * 3^2 * 5^1 * 7^3 * 11^1 * 17^1 * 19^1 * 31^1,0,"13,23,29,37,41,43,47",
58608,2,"2,3,11,29,37,43,47",2^4 * 3^2 * 11^1 * 29^1 * 37^1 * 43^1 * 47^1,0,"5,7,13,17,19,23,31,41",
58652,2,"2,3,7,11,19,31,43",2^2 * 3^2 * 7^3 * 11^1 * 19^1 * 31^1 * 43^1,0,"5,13,17,23,29,37,41,47",
58695,2,"2,3,5,7,11,13,23,29,43",2^3 * 3^1 * 5^1 * 7^1 * 11^1 * 13^1 * 23^1 * 29^1 * 43^1,0,"17,19,31,37,41,47",
58995,2,"2,3,5,7,19,23,43",2^2 * 3^3 * 5^1 * 7^3 * 19^1 * 23^1 * 43^1,0,"11,13,17,29,31,37,41,47",
59125,2,"2,5,11,17,37,43,47",2^1 * 5^3 * 11^1 * 17^1 * 37^1 * 43^1 * 47^1,0,"3,7,13,19,23,29,31,41",
59643,2,"2,3,13,31,37,47",2^2 * 3^3 * 13^1 * 31^1 * 37^1 * 47^2,0,"5,7,11,17,19,23,29,41,43",
60515,2,"2,3,5,7,13,19,41",2^2 * 3^2 * 5^1 * 7^2 * 13^1 * 19^1 * 41^2,0,"11,17,23,29,31,37,43,47",
60543,2,"2,3,7,11,31,43",2^7 * 3^2 * 7^1 * 11^1 * 31^2 * 43^1,0,"5,13,17,19,23,29,37,41,47",
60605,2,"2,3,5,7,13,17,23,31,37",2^1 * 3^2 * 5^1 * 7^1 * 13^1 * 17^1 * 23^1 * 31^1 * 37^1,0,"11,19,29,41,43,47",
61008,2,"2,3,13,19,31,41",2^4 * 3^1 * 13^2 * 19^2 * 31^1 * 41^1,0,"5,7,11,17,23,29,37,43,47",
61335,2,"2,3,5,11,17,29,41,47",2^3 * 3^2 * 5^1 * 11^1 * 17^1 * 29^1 * 41^1 * 47^1,0,"7,13,19,23,31,37,43",
63426,2,"2,3,7,11,13,17,31,41",2^1 * 3^1 * 7^1 * 11^1 * 13^1 * 17^1 * 31^2 * 41^1,0,"5,19,23,29,37,43,47",
63713,2,"2,3,7,13,29,37,41",2^1 * 3^1 * 7^1 * 13^3 * 29^1 * 37^1 * 41^1,0,"5,11,17,19,23,31,43,47",
64124,2,"2,3,5,17,19,23,41",2^2 * 3^3 * 5^3 * 17^1 * 19^1 * 23^1 * 41^1,0,"7,11,13,29,31,37,43,47",
66176,2,"2,3,11,19,43,47",2^7 * 3^4 * 11^1 * 19^1 * 43^1 * 47^1,0,"5,7,13,17,23,29,31,37,41",
66975,2,"2,3,5,7,13,19,23,47",2^5 * 3^1 * 5^2 * 7^1 * 13^1 * 19^1 * 23^1 * 47^1,0,"11,17,29,31,37,41,43",
67080,2,"2,3,5,7,13,37,43",2^3 * 3^1 * 5^1 * 7^2 * 13^1 * 37^2 * 43^1,0,"11,17,19,23,29,31,41,47",
67424,2,"2,3,5,7,29,31,43",2^5 * 3^1 * 5^2 * 7^2 * 29^1 * 31^1 * 43^1,0,"11,13,17,19,23,37,41,47",
67599,2,"2,3,5,7,13,29,37",2^4 * 3^2 * 5^2 * 7^1 * 13^2 * 29^1 * 37^1,0,"11,17,19,23,31,41,43,47",
67914,2,"2,3,5,7,11,17,47",2^1 * 3^2 * 5^1 * 7^3 * 11^1 * 17^2 * 47^1,0,"13,19,23,29,31,37,41,43",
68782,2,"2,7,11,13,17,37",2^1 * 7^1 * 11^1 * 13^2 * 17^3 * 37^1,0,"3,5,19,23,29,31,41,43,47",
69874,2,"2,5,7,13,23,31,43",2^1 * 5^3 * 7^2 * 13^1 * 23^1 * 31^1 * 43^1,0,"3,11,17,19,29,37,41,47",
70356,2,"2,3,7,11,13,19,23,41",2^2 * 3^1 * 7^1 * 11^1 * 13^1 * 19^1 * 23^2 * 41^1,0,"5,17,29,31,37,43,47",
70499,2,"2,3,5,11,13,17,29,47",2^2 * 3^1 * 5^3 * 11^1 * 13^1 * 17^1 * 29^1 * 47^1,0,"7,19,23,31,37,41,43",
70875,2,"2,3,5,7,13,29,47",2^2 * 3^4 * 5^3 * 7^1 * 13^1 * 29^1 * 47^1,0,"11,17,19,23,31,37,41,43",
71299,2,"2,5,23,31,37,41,47",2^2 * 5^2 * 23^1 * 31^1 * 37^1 * 41^1 * 47^1,0,"3,7,11,13,17,19,29,43",
71484,2,"2,3,5,7,17,23,29,37",2^2 * 3^1 * 5^1 * 7^1 * 17^1 * 23^1 * 29^2 * 37^1,0,"11,13,19,31,41,43,47",
71874,2,"2,3,5,11,23",2^1 * 3^3 * 5^5 * 11^3 * 23^1,0,"7,13,17,19,29,31,37,41,43,47",
72500,2,"2,3,5,11,13,29",2^2 * 3^1 * 5^4 * 11^1 * 13^3 * 29^1,0,"7,17,19,23,31,37,41,43,47",
73185,2,"2,3,5,7,17,23,37,41,43",2^1 * 3^1 * 5^1 * 7^1 * 17^1 * 23^1 * 37^1 * 41^1 * 43^1,0,"11,13,19,29,31,47",
73695,2,"2,3,5,7,17,47",2^5 * 3^1 * 5^1 * 7^2 * 17^3 * 47^1,0,"11,13,19,23,29,31,37,41,43",
75140,2,"2,3,5,11,13,17,23",2^2 * 3^3 * 5^1 * 11^2 * 13^1 * 17^2 * 23^1,0,"7,19,29,31,37,41,43,47",
75809,2,"2,3,5,7,19,41,43",2^1 * 3^1 * 5^1 * 7^1 * 19^2 * 41^1 * 43^2,0,"11,13,17,23,29,31,37,47",
75999,2,"2,3,5,7,11,19,47",2^5 * 3^1 * 5^3 * 7^2 * 11^1 * 19^1 * 47^1,0,"13,17,23,29,31,37,41,43",
76383,2,"2,3,7,11,23,31,41",2^5 * 3^4 * 7^1 * 11^1 * 23^1 * 31^1 * 41^1,0,"5,13,17,19,29,37,43,47",
76544,2,"2,3,5,7,13,23",2^8 * 3^7 * 5^1 * 7^1 * 13^1 * 23^1,0,"11,17,19,29,31,37,41,43,47",
76704,2,"2,3,5,17,23,29,47",2^5 * 3^1 * 5^1 * 17^1 * 23^2 * 29^1 * 47^1,0,"7,11,13,19,31,37,41,43",
76874,2,"2,3,5,7,17,19,41",2^1 * 3^1 * 5^4 * 7^1 * 17^2 * 19^1 * 41^1,0,"11,13,23,29,31,37,43,47",
77314,2,"2,5,7,29,31,43,47",2^1 * 5^1 * 7^1 * 29^1 * 31^1 * 43^1 * 47^2,0,"3,11,13,17,19,23,37,41",
77440,2,"2,5,7,11,13,23,37",2^7 * 5^1 * 7^1 * 11^2 * 13^1 * 23^1 * 37^1,0,"3,17,19,29,31,41,43,47",
77571,2,"2,3,11,13,17,41,43",2^2 * 3^3 * 11^1 * 13^2 * 17^1 * 41^1 * 43^1,0,"5,7,19,23,29,31,37,47",
77615,2,"2,3,5,7,11,19,43",2^4 * 3^2 * 5^1 * 7^2 * 11^1 * 19^2 * 43^1,0,"13,17,23,29,31,37,41,47",
78336,2,"2,3,7,17,19,31",2^9 * 3^2 * 7^1 * 17^1 * 19^2 * 31^1,0,"5,11,13,23,29,37,41,43,47",
78584,2,"2,3,5,11,13,19,31,47",2^3 * 3^1 * 5^1 * 11^1 * 13^2 * 19^1 * 31^1 * 47^1,0,"7,17,23,29,37,41,43",
78624,2,"2,3,5,7,13,17,37",2^5 * 3^3 * 5^3 * 7^1 * 13^1 * 17^1 * 37^1,0,"11,19,23,29,31,41,43,47",
80919,2,"2,3,5,7,17,37",2^3 * 3^7 * 5^1 * 7^1 * 17^2 * 37^1,0,"11,13,19,23,29,31,41,43,47",
81344,2,"2,3,5,11,17,29,31,41",2^6 * 3^1 * 5^1 * 11^1 * 17^1 * 29^1 * 31^1 * 41^1,0,"7,13,19,23,37,43,47",
81548,2,"2,3,13,17,19,29,37,41",2^2 * 3^2 * 13^1 * 17^1 * 19^1 * 29^1 * 37^1 * 41^1,0,"5,7,11,23,31,43,47",
81795,2,"2,3,5,7,11,13,19,41",2^2 * 3^1 * 5^1 * 7^1 * 11^2 * 13^2 * 19^1 * 41^1,0,"17,23,29,31,37,43,47",
82250,2,"2,3,5,7,13,19,37,47",2^1 * 3^2 * 5^3 * 7^1 * 13^1 * 19^1 * 37^1 * 47^1,0,"11,17,23,29,31,41,43",
82368,2,"2,3,7,11,13,41",2^6 * 3^2 * 7^2 * 11^1 * 13^1 * 41^2,0,"5,17,19,23,29,31,37,43,47",
82620,2,"2,3,5,7,11,17,29,37",2^2 * 3^5 * 5^1 * 7^1 * 11^1 * 17^1 * 29^1 * 37^1,0,"13,19,23,31,41,43,47",
82943,2,"2,3,7,17,41",2^10 * 3^4 * 7^1 * 17^2 * 41^1,0,"5,11,13,19,23,29,31,37,43,47",
83520,2,"2,3,5,17,29",2^6 * 3^2 * 5^1 * 17^4 * 29^1,0,"7,11,13,19,23,31,37,41,43,47",
83979,2,"2,3,5,7,13,17,19,31,43",2^2 * 3^2 * 5^1 * 7^1 * 13^1 * 17^1 * 19^1 * 31^1 * 43^1,0,"11,23,29,37,41,47",
85063,2,"2,7,11,19,31,37",2^3 * 7^3 * 11^2 * 19^1 * 31^1 * 37^1,0,"3,5,13,17,23,29,41,43,47",
87464,2,"2,3,5,7,13,17,29",2^3 * 3^1 * 5^1 * 7^3 * 13^1 * 17^1 * 29^2,0,"11,19,23,31,37,41,43,47",
88319,2,"2,3,5,7,11,23,31,37",2^8 * 3^1 * 5^1 * 7^1 * 11^1 * 23^1 * 31^1 * 37^1,0,"13,17,19,29,41,43,47",
88451,2,"2,3,7,11,13,17,43",2^2 * 3^5 * 7^1 * 11^2 * 13^1 * 17^1 * 43^1,0,"5,19,23,29,31,37,41,47",
89375,2,"2,3,5,7,11,13,19",2^5 * 3^1 * 5^4 * 7^2 * 11^1 * 13^1 * 19^1,0,"17,23,29,31,37,41,43,47",
89999,2,"2,3,5,7,13,23,43",2^4 * 3^2 * 5^4 * 7^1 * 13^1 * 23^1 * 43^1,0,"11,17,19,29,31,37,41,47",
90944,2,"2,3,5,7,29,43,47",2^6 * 3^2 * 5^1 * 7^2 * 29^1 * 43^1 * 47^1,0,"11,13,17,19,23,31,37,41",
91839,2,"2,3,5,7,11,23,41",2^6 * 3^1 * 5^1 * 7^1 * 11^3 * 23^1 * 41^1,0,"13,17,19,29,31,37,43,47",
91884,2,"2,3,5,13,17,19,23,31,47",2^2 * 3^1 * 5^1 * 13^1 * 17^1 * 19^1 * 23^1 * 31^1 * 47^1,0,"7,11,29,37,41,43",
93092,2,"2,3,7,11,13,17,31,37",2^2 * 3^1 * 7^1 * 11^1 * 13^1 * 17^1 * 31^1 * 37^2,0,"5,19,23,29,41,43,47",
93499,2,"2,5,7,11,17,19,37",2^2 * 5^3 * 7^1 * 11^1 * 17^1 * 19^2 * 37^1,0,"3,13,23,29,31,41,43,47",
94094,2,"2,3,5,7,11,13,17,41,47",2^1 * 3^3 * 5^1 * 7^1 * 11^1 * 13^1 * 17^1 * 41^1 * 47^1,0,"19,23,29,31,37,43",
94299,2,"2,3,5,17,23,41,43",2^2 * 3^1 * 5^2 * 17^1 * 23^1 * 41^1 * 43^2,0,"7,11,13,19,29,31,37,47",
94423,2,"2,7,11,29,37,41,47",2^3 * 7^2 * 11^1 * 29^1 * 37^1 * 41^1 * 47^1,0,"3,5,13,17,19,23,31,43",
96255,2,"2,3,5,23,31,47",2^11 * 3^3 * 5^1 * 23^1 * 31^1 * 47^1,0,"7,11,13,17,19,29,37,41,43",
96875,2,"2,3,5,13,23,31",2^2 * 3^4 * 5^5 * 13^1 * 23^1 * 31^1,0,"7,11,17,19,29,37,41,43,47",
98735,2,"2,3,5,7,11,13,17,31",2^4 * 3^1 * 5^1 * 7^2 * 11^2 * 13^1 * 17^1 * 31^1,0,"19,23,29,37,41,43,47",
98900,2,"2,3,5,11,23,37,43",2^2 * 3^5 * 5^2 * 11^1 * 23^1 * 37^1 * 43^1,0,"7,13,17,19,29,31,41,47",
99875,2,"2,3,5,7,17,29,41,47",2^2 * 3^1 * 5^3 * 7^1 * 17^1 * 29^1 * 41^1 * 47^1,0,"11,13,19,23,31,37,43",
101269,2,"2,5,7,13,17,19,23,37,41",2^1 * 5^1 * 7^1 * 13^1 * 17^1 * 19^1 * 23^1 * 37^1 * 41^1,0,"3,11,29,31,43,47",
102486,2,"2,3,7,11,19,29,31",2^1 * 3^1 * 7^1 * 11^4 * 19^1 * 29^1 * 31^1,0,"5,13,17,23,37,41,43,47",
103155,2,"2,3,5,13,17,23,37,41",2^2 * 3^1 * 5^1 * 13^1 * 17^1 * 23^2 * 37^1 * 41^1,0,"7,11,19,29,31,43,47",
103935,2,"2,3,5,7,13,29,41",2^9 * 3^1 * 5^1 * 7^1 * 13^2 * 29^1 * 41^1,0,"11,17,19,23,31,37,43,47",
104328,2,"2,3,7,17,19,23",2^3 * 3^4 * 7^1 * 17^2 * 19^2 * 23^1,0,"5,11,13,29,31,37,41,43,47",
104975,2,"2,3,5,13,17,19",2^4 * 3^8 * 5^2 * 13^1 * 17^1 * 19^1,0,"7,11,23,29,31,37,41,43,47",
105984,2,"2,3,5,11,23,41,47",2^9 * 3^2 * 5^1 * 11^1 * 23^1 * 41^1 * 47^1,0,"7,13,17,19,29,31,37,43",
106190,2,"2,3,5,7,19,23,37,41",2^1 * 3^5 * 5^1 * 7^1 * 19^1 * 23^1 * 37^1 * 41^1,0,"11,13,17,29,31,43,47",
106640,2,"2,3,5,17,31,41,43",2^4 * 3^2 * 5^1 * 17^2 * 31^1 * 41^1 * 43^1,0,"7,11,13,19,23,29,37,47",
108053,2,"2,3,11,19,23,29,47",2^1 * 3^4 * 11^2 * 19^1 * 23^1 * 29^1 * 47^1,0,"5,7,13,17,31,37,41,43",
108240,2,"2,3,5,7,11,41,47",2^4 * 3^1 * 5^1 * 7^2 * 11^1 * 41^1 * 47^2,0,"13,17,19,23,29,31,37,43",
108375,2,"2,3,5,17,19,23,31",2^3 * 3^1 * 5^3 * 17^2 * 19^1 * 23^1 * 31^1,0,"7,11,13,29,37,41,43,47",
108779,2,"2,3,5,7,11,29,31,37",2^2 * 3^1 * 5^1 * 7^2 * 11^2 * 29^1 * 31^1 * 37^1,0,"13,17,19,23,41,43,47",
108927,2,"2,3,7,13,19,23,37",2^7 * 3^2 * 7^2 * 13^1 * 19^1 * 23^1 * 37^1,0,"5,11,17,29,31,41,43,47",
111111,2,"2,3,7,11,13,17,19,37,43",2^3 * 3^1 * 7^1 * 11^1 * 13^1 * 17^1 * 19^1 * 37^1 * 43^1,0,"5,23,29,31,41,47",
111320,2,"2,3,5,7,11,19,23,31",2^3 * 3^3 * 5^1 * 7^1 * 11^2 * 19^1 * 23^1 * 31^1,0,"13,17,29,37,41,43,47",
111475,2,"2,5,7,13,29,31",2^2 * 5^2 * 7^3 * 13^1 * 29^1 * 31^2,0,"3,11,17,19,23,37,41,43,47",
115884,2,"2,3,5,7,11,29,37,43",2^2 * 3^3 * 5^1 * 7^2 * 11^1 * 29^1 * 37^1 * 43^1,0,"13,17,19,23,31,41,47",
116280,2,"2,3,5,11,17,19,31",2^3 * 3^2 * 5^1 * 11^2 * 17^1 * 19^1 * 31^2,0,"7,13,23,29,37,41,43,47",
116963,2,"2,3,7,11,19,31",2^2 * 3^4 * 7^3 * 11^1 * 19^2 * 31^1,0,"5,13,17,23,29,37,41,43,47",
117623,2,"2,3,11,13,17,29,37",2^3 * 3^1 * 11^1 * 13^2 * 17^2 * 29^1 * 37^1,0,"5,7,19,23,31,41,43,47",
117648,2,"2,3,7,19,43",2^4 * 3^2 * 7^6 * 19^1 * 43^1,0,"5,11,13,17,23,29,31,37,41,47",
117875,2,"2,3,5,11,19,23,41,47",2^2 * 3^1 * 5^3 * 11^1 * 19^1 * 23^1 * 41^1 * 47^1,0,"7,13,17,29,31,37,43",
118335,2,"2,3,5,7,23,43",2^6 * 3^1 * 5^1 * 7^3 * 23^1 * 43^2,0,"11,13,17,19,29,31,37,41,47",
118580,2,"2,3,5,7,11,29,47",2^2 * 3^1 * 5^1 * 7^2 * 11^2 * 29^2 * 47^1,0,"13,17,19,23,31,37,41,43",
120175,2,"2,5,7,11,19,23,29,37",2^4 * 5^2 * 7^1 * 11^1 * 19^1 * 23^1 * 29^1 * 37^1,0,"3,13,17,31,41,43,47",
120744,2,"2,3,5,13,19,31,41,43",2^3 * 3^3 * 5^1 * 13^1 * 19^1 * 31^1 * 41^1 * 43^1,0,"7,11,17,23,29,37,47",
121770,2,"2,3,5,11,13,17,19,29,41",2^1 * 3^3 * 5^1 * 11^1 * 13^1 * 17^1 * 19^1 * 29^1 * 41^1,0,"7,23,31,37,43,47",
122199,2,"2,3,5,7,11,13,23,47",2^3 * 3^1 * 5^2 * 7^1 * 11^1 * 13^1 * 23^2 * 47^1,0,"17,19,29,31,37,41,43",
122264,2,"2,3,5,11,13,17,19,29,31",2^3 * 3^2 * 5^1 * 11^1 * 13^1 * 17^1 * 19^1 * 29^1 * 31^1,0,"7,23,37,41,43,47",
122451,2,"2,3,7,11,17,23",2^2 * 3^1 * 7^4 * 11^3 * 17^1 * 23^1,0,"5,13,19,29,31,37,41,43,47",
123200,2,"2,3,5,7,11,13",2^6 * 3^6 * 5^2 * 7^1 * 11^1 * 13^2,0,"17,19,23,29,31,37,41,43,47",
123969,2,"2,3,5,7,11,23,31,43",2^1 * 3^1 * 5^1 * 7^2 * 11^1 * 23^1 * 31^2 * 43^1,0,"13,17,19,29,37,41,47",
124032,2,"2,3,7,13,17,19,29,47",2^7 * 3^1 * 7^1 * 13^1 * 17^1 * 19^1 * 29^1 * 47^1,0,"5,11,23,31,37,41,43",
125000,2,"2,3,5,17,19,43",2^3 * 3^2 * 5^6 * 17^1 * 19^1 * 43^1,0,"7,11,13,23,29,31,37,41,47",
126224,2,"2,3,5,7,11,17,23",2^4 * 3^3 * 5^2 * 7^3 * 11^1 * 17^1 * 23^1,0,"13,19,29,31,37,41,43,47",
127280,2,"2,3,5,7,11,19,29,37,43",2^4 * 3^1 * 5^1 * 7^1 * 11^1 * 19^1 * 29^1 * 37^1 * 43^1,0,"13,17,23,31,41,47",
129437,2,"2,3,7,11,17,41,47",2^1 * 3^4 * 7^1 * 11^1 * 17^1 * 41^2 * 47^1,0,"5,13,19,23,29,31,37,43",
130339,2,"2,5,7,11,17,19,41",2^2 * 5^1 * 7^3 * 11^1 * 17^2 * 19^1 * 41^1,0,"3,13,23,29,31,37,43,47",
134848,2,"2,7,11,13,23,41,43",2^6 * 7^2 * 11^1 * 13^1 * 23^1 * 41^1 * 43^1,0,"3,5,17,19,29,31,37,47",
134849,2,"2,3,5,11,13,23,29,31,41",2^1 * 3^1 * 5^2 * 11^1 * 13^1 * 23^1 * 29^1 * 31^1 * 41^1,0,"7,17,19,37,43,47",
136160,2,"2,3,5,23,37,41",2^5 * 3^4 * 5^1 * 23^1 * 37^1 * 41^2,0,"7,11,13,17,19,29,31,43,47",
136850,2,"2,3,5,7,11,13,17,23,29",2^1 * 3^1 * 5^2 * 7^1 * 11^2 * 13^1 * 17^1 * 23^1 * 29^1,0,"19,31,37,41,43,47",
140624,2,"2,3,5,11,17,47",2^4 * 3^2 * 5^6 * 11^1 * 17^1 * 47^1,0,"7,13,19,23,29,31,37,41,43",
141375,2,"2,3,5,13,29,47",2^6 * 3^1 * 5^3 * 13^1 * 29^1 * 47^2,0,"7,11,17,19,23,31,37,41,43",
142128,2,"2,3,7,13,29,47",2^4 * 3^3 * 7^1 * 13^2 * 29^2 * 47^1,0,"5,11,17,19,23,31,37,41,43",
142884,2,"2,3,5,7,17,41",2^2 * 3^6 * 5^1 * 7^2 * 17^1 * 41^2,0,"11,13,19,23,29,31,37,43,47",
142974,2,"2,3,5,7,13,19,43,47",2^1 * 3^2 * 5^2 * 7^1 * 13^2 * 19^1 * 43^1 * 47^1,0,"11,17,23,29,31,37,41",
143374,2,"2,5,7,11,19,31,37",2^1 * 5^3 * 7^3 * 11^1 * 19^1 * 31^1 * 37^1,0,"3,13,17,23,29,41,43,47",
143819,2,"2,3,5,13,17,23,37,47",2^2 * 3^2 * 5^1 * 13^2 * 17^1 * 23^1 * 37^1 * 47^1,0,"7,11,19,29,31,41,43",
144738,2,"2,3,7,11,17,23,29,31,43",2^1 * 3^2 * 7^1 * 11^1 * 17^1 * 23^1 * 29^1 * 31^1 * 43^1,0,"5,13,19,37,41,47",
147015,2,"2,3,5,11,17,23,47",2^3 * 3^5 * 5^1 * 11^2 * 17^1 * 23^1 * 47^1,0,"7,13,19,29,31,37,41,43",
151249,2,"2,5,7,11,17,31,41",2^1 * 5^4 * 7^1 * 11^2 * 17^1 * 31^1 * 41^1,0,"3,13,19,23,29,37,43,47",
151293,2,"2,3,11,13,23,29,37,47",2^1 * 3^1 * 11^1 * 13^1 * 23^2 * 29^1 * 37^1 * 47^1,0,"5,7,17,19,31,41,43",
152684,2,"2,3,5,7,13,19,29,41",2^2 * 3^4 * 5^1 * 7^2 * 13^1 * 19^1 * 29^1 * 41^1,0,"11,17,23,31,37,43,47",
152880,2,"2,3,5,7,13,17,23",2^4 * 3^1 * 5^1 * 7^2 * 13^1 * 17^2 * 23^2,0,"11,19,29,31,37,41,43,47",
153790,2,"2,5,7,11,13,31,41",2^1 * 5^1 * 7^1 * 11^2 * 13^3 * 31^1 * 41^1,0,"3,17,19,23,29,37,43,47",
155584,2,"2,5,11,13,17,29,37",2^6 * 5^1 * 11^1 * 13^1 * 17^1 * 29^2 * 37^1,0,"3,7,19,23,31,41,43,47",
156065,2,"2,3,5,7,13,19,37",2^1 * 3^1 * 5^1 * 7^4 * 13^1 * 19^1 * 37^2,0,"11,17,23,29,31,41,43,47",
156332,2,"2,3,11,17,19,31,41",2^2 * 3^1 * 11^2 * 17^1 * 19^1 * 31^1 * 41^2,0,"5,7,13,23,29,37,43,47",
156519,2,"2,3,5,7,11,13,17,31,43",2^3 * 3^3 * 5^1 * 7^1 * 11^1 * 13^1 * 17^1 * 31^1 * 43^1,0,"19,23,29,37,41,47",
158014,2,"2,5,11,13,17,41,47",2^1 * 5^1 * 11^1 * 13^2 * 17^1 * 41^2 * 47^1,0,"3,7,19,23,29,31,37,43",
158949,2,"2,3,5,7,11,17,29",2^1 * 3^3 * 5^2 * 7^1 * 11^1 * 17^2 * 29^2,0,"13,19,23,31,37,41,43,47",
161727,2,"2,3,7,19,31,37,47",2^6 * 3^1 * 7^1 * 19^2 * 31^1 * 37^1 * 47^1,0,"5,11,13,17,23,29,41,43",
161874,2,"2,3,5,7,17,23,37",2^1 * 3^2 * 5^4 * 7^1 * 17^1 * 23^2 * 37^1,0,"11,13,19,29,31,41,43,47",
162196,2,"2,7,17,23,29,41,43,47",2^2 * 7^1 * 17^1 * 23^1 * 29^1 * 41^1 * 43^1 * 47^1,0,"3,5,11,13,19,31,37",
162239,2,"2,3,5,7,11,13,43",2^6 * 3^1 * 5^1 * 7^3 * 11^1 * 13^2 * 43^1,0,"17,19,23,29,31,37,41,47",
163184,2,"2,3,5,7,11,23,31,43,47",2^4 * 3^1 * 5^1 * 7^1 * 11^1 * 23^1 * 31^1 * 43^1 * 47^1,0,"13,17,19,29,37,41",
164835,2,"2,3,5,7,11,29,37",2^2 * 3^4 * 5^1 * 7^2 * 11^1 * 29^2 * 37^1,0,"13,17,19,23,31,41,43,47",
165375,2,"2,3,5,7,17,19",2^9 * 3^3 * 5^3 * 7^2 * 17^1 * 19^1,0,"11,13,23,29,31,37,41,43,47",
165648,2,"2,3,7,11,17,29,37",2^4 * 3^1 * 7^1 * 11^2 * 17^1 * 29^1 * 37^2,0,"5,13,19,23,31,41,43,47",
166634,2,"2,3,5,7,13,17,23,29",2^1 * 3^2 * 5^1 * 7^1 * 13^2 * 17^1 * 23^2 * 29^1,0,"11,19,31,37,41,43,47",
167648,2,"2,3,13,29,31,41,47",2^5 * 3^1 * 13^2 * 29^1 * 31^1 * 41^1 * 47^1,0,"5,7,11,17,19,23,37,43",
168750,2,"2,3,5,11,23,29",2^1 * 3^3 * 5^5 * 11^1 * 23^2 * 29^1,0,"7,13,17,19,31,37,41,43,47",
169575,2,"2,3,5,7,11,17,19,41,47",2^3 * 3^1 * 5^2 * 7^1 * 11^1 * 17^1 * 19^1 * 41^1 * 47^1,0,"13,23,29,31,37,43",
170624,2,"2,3,5,7,13,31,43",2^7 * 3^1 * 5^4 * 7^1 * 13^1 * 31^1 * 43^1,0,"11,17,19,23,29,37,41,47",
170752,2,"2,11,19,23,29,43",2^8 * 11^1 * 19^2 * 23^1 * 29^1 * 43^1,0,"3,5,7,13,17,31,37,41,47",
173900,2,"2,3,5,7,13,37,47",2^2 * 3^1 * 5^2 * 7^3 * 13^2 * 37^1 * 47^1,0,"11,17,19,23,29,31,41,43",
174096,2,"2,3,7,11,13,17,19,31",2^4 * 3^3 * 7^2 * 11^1 * 13^1 * 17^1 * 19^1 * 31^1,0,"5,23,29,37,41,43,47",
174824,2,"2,3,5,7,13,37,41",2^3 * 3^3 * 5^2 * 7^1 * 13^1 * 37^1 * 41^2,0,"11,17,19,23,29,31,43,47",
175769,2,"2,3,5,7,11,19,29,31",2^1 * 3^4 * 5^1 * 7^1 * 11^1 * 19^1 * 29^2 * 31^1,0,"13,17,23,37,41,43,47",
176000,2,"2,3,5,7,11,17,29",2^7 * 3^1 * 5^3 * 7^1 * 11^1 * 17^2 * 29^1,0,"13,19,23,31,37,41,43,47",
176175,2,"2,3,5,7,11,13,29",2^4 * 3^5 * 5^2 * 7^1 * 11^2 * 13^1 * 29^1,0,"17,19,23,31,37,41,43,47",
178125,2,"2,3,5,13,17,19,31",2^1 * 3^1 * 5^5 * 13^2 * 17^1 * 19^1 * 31^1,0,"7,11,23,29,37,41,43,47",
181202,2,"2,3,7,11,17,19,43",2^1 * 3^1 * 7^2 * 11^1 * 17^2 * 19^1 * 43^2,0,"5,13,23,29,31,37,41,47",
184092,2,"2,3,7,13,17,23,29",2^2 * 3^1 * 7^2 * 13^1 * 17^2 * 23^2 * 29^1,0,"5,11,19,31,37,41,43,47",
186591,2,"2,3,7,17,37,41",2^5 * 3^1 * 7^3 * 17^1 * 37^1 * 41^2,0,"5,11,13,19,23,29,31,43,47",
190463,2,"2,3,7,13,23,31",2^11 * 3^1 * 7^2 * 13^2 * 23^1 * 31^1,0,"5,11,17,19,29,37,41,43,47",
192510,2,"2,3,5,11,23,31,37,43",2^1 * 3^3 * 5^1 * 11^2 * 23^1 * 31^1 * 37^1 * 43^1,0,"7,13,17,19,29,41,47",
192511,2,"2,11,37,43,47",2^12 * 11^2 * 37^1 * 43^1 * 47^1,0,"3,5,7,13,17,19,23,29,31,41",
193843,2,"2,7,13,23,31,37,43",2^2 * 7^2 * 13^2 * 23^1 * 31^1 * 37^1 * 43^1,0,"3,5,11,17,19,29,41,47",
194480,2,"2,3,5,7,11,13,17",2^4 * 3^4 * 5^1 * 7^4 * 11^1 * 13^1 * 17^1,0,"19,23,29,31,37,41,43,47",
194579,2,"2,3,5,7,11,19,23,47",2^2 * 3^2 * 5^1 * 7^2 * 11^1 * 19^2 * 23^1 * 47^1,0,"13,17,29,31,37,41,43",
198911,2,"2,3,7,19,29,37",2^8 * 3^1 * 7^1 * 19^3 * 29^1 * 37^1,0,"5,11,13,17,23,31,41,43,47",
201019,2,"2,5,7,13,19,23,47",2^2 * 5^1 * 7^1 * 13^1 * 19^1 * 23^2 * 47^2,0,"3,11,17,29,31,37,41,43",
202124,2,"2,3,5,7,11,13,23",2^2 * 3^1 * 5^3 * 7^2 * 11^1 * 13^3 * 23^1,0,"17,19,29,31,37,41,43,47",
203319,2,"2,3,5,13,17,19,23,29,41",2^3 * 3^2 * 5^1 * 13^1 * 17^1 * 19^1 * 23^1 * 29^1 * 41^1,0,"7,11,31,37,43,47",
203390,2,"2,3,5,11,31,43",2^1 * 3^8 * 5^1 * 11^1 * 31^1 * 43^2,0,"7,13,17,19,23,29,37,41,47",
205436,2,"2,3,7,11,23,29,31,47",2^2 * 3^1 * 7^1 * 11^1 * 23^1 * 29^1 * 31^1 * 47^2,0,"5,13,17,19,37,41,43",
207575,2,"2,3,5,19,23,31",2^3 * 3^3 * 5^2 * 19^2 * 23^1 * 31^2,0,"7,11,13,17,29,37,41,43,47",
208494,2,"2,3,5,7,11,13,23,37",2^1 * 3^6 * 5^1 * 7^2 * 11^1 * 13^1 * 23^1 * 37^1,0,"17,19,29,31,41,43,47",
212380,2,"2,5,7,13,17,31,37,41",2^2 * 5^1 * 7^1 * 13^1 * 17^1 * 31^2 * 37^1 * 41^1,0,"3,11,19,23,29,43,47",
212381,2,"2,3,13,17,19,23,31",2^1 * 3^5 * 13^1 * 17^1 * 19^1 * 23^1 * 31^2,0,"5,7,11,29,37,41,43,47",
212628,2,"2,3,13,19,29,31,47",2^2 * 3^1 * 13^1 * 19^3 * 29^1 * 31^1 * 47^1,0,"5,7,11,17,23,37,41,43",
216999,2,"2,3,5,7,19,31,47",2^3 * 3^5 * 5^3 * 7^1 * 19^1 * 31^1 * 47^1,0,"11,13,17,23,29,37,41,43",
223040,2,"2,3,5,7,13,17,19,41,43",2^6 * 3^1 * 5^1 * 7^1 * 13^1 * 17^1 * 19^1 * 41^1 * 43^1,0,"11,23,29,31,37,47",
227069,2,"2,3,5,17,19,29,37",2^1 * 3^3 * 5^1 * 17^1 * 19^2 * 29^2 * 37^1,0,"7,11,13,23,31,41,43,47",
227447,2,"2,3,11,13,23,29,31",2^3 * 3^7 * 11^1 * 13^1 * 23^1 * 29^1 * 31^1,0,"5,7,17,19,37,41,43,47",
228095,2,"2,3,5,7,11,19",2^8 * 3^4 * 5^1 * 7^4 * 11^1 * 19^1,0,"13,17,23,29,31,37,41,43,47",
228780,2,"2,3,5,7,23,29,31,41",2^2 * 3^2 * 5^1 * 7^3 * 23^1 * 29^1 * 31^1 * 41^1,0,"11,13,17,19,37,43,47",
230299,2,"2,5,7,17,19,23,31,47",2^2 * 5^2 * 7^2 * 17^1 * 19^1 * 23^1 * 31^1 * 47^1,0,"3,11,13,29,37,41,43",
230911,2,"2,11,17,41,47",2^9 * 11^1 * 17^3 * 41^1 * 47^1,0,"3,5,7,13,19,23,29,31,37,43",
235467,2,"2,3,17,19,37,43",2^2 * 3^6 * 17^1 * 19^1 * 37^2 * 43^1,0,"5,7,11,13,23,29,31,41,47",
240064,2,"2,5,7,11,19,31",2^6 * 5^1 * 7^1 * 11^2 * 19^3 * 31^1,0,"3,13,17,23,29,37,41,43,47",
240499,2,"2,5,7,13,17,37,43,47",2^2 * 5^3 * 7^1 * 13^1 * 17^1 * 37^1 * 43^1 * 47^1,0,"3,11,19,23,29,31,41",
240786,2,"2,3,7,13,19,23,29",2^1 * 3^3 * 7^3 * 13^1 * 19^2 * 23^1 * 29^1,0,"5,11,17,31,37,41,43,47",
242990,2,"2,3,5,7,11,19,29,47",2^1 * 3^2 * 5^1 * 7^2 * 11^1 * 19^1 * 29^1 * 47^2,0,"13,17,23,31,37,41,43",
243048,2,"2,3,13,17,19,29,41",2^3 * 3^1 * 13^1 * 17^2 * 19^1 * 29^2 * 41^1,0,"5,7,11,23,31,37,43,47",
244035,2,"2,3,5,11,13,17,19,29",2^2 * 3^2 * 5^1 * 11^1 * 13^2 * 17^1 * 19^2 * 29^1,0,"7,23,31,37,41,43,47",
245024,2,"2,3,5,11,13,19,31",2^5 * 3^4 * 5^2 * 11^2 * 13^1 * 19^1 * 31^1,0,"7,17,23,29,37,41,43,47",
245916,2,"2,3,7,11,19,23,43",2^2 * 3^5 * 7^1 * 11^1 * 19^1 * 23^1 * 43^2,0,"5,13,17,29,31,37,41,47",
247455,2,"2,3,5,11,13,19,37,47",2^5 * 3^4 * 5^1 * 11^1 * 13^1 * 19^1 * 37^1 * 47^1,0,"7,17,23,29,31,41,43",
254448,2,"2,3,13,19,23,31,37",2^4 * 3^3 * 13^1 * 19^1 * 23^2 * 31^1 * 37^1,0,"5,7,11,17,29,41,43,47",
259160,2,"2,3,5,7,11,19,31,41,43",2^3 * 3^1 * 5^1 * 7^2 * 11^1 * 19^1 * 31^1 * 41^1 * 43^1,0,"13,17,23,29,37,47",
260337,2,"2,3,7,11,13,17,19,23,31",2^1 * 3^1 * 7^3 * 11^1 * 13^1 * 17^1 * 19^1 * 23^1 * 31^1,0,"5,29,37,41,43,47",
260709,2,"2,3,5,29,31,43,47",2^1 * 3^1 * 5^1 * 29^2 * 31^1 * 43^2 * 47^1,0,"7,11,13,17,19,23,37,41",
264384,2,"2,3,5,11,17,19,23",2^6 * 3^5 * 5^1 * 11^2 * 17^1 * 19^1 * 23^1,0,"7,13,29,31,37,41,43,47",
267288,2,"2,3,7,11,37,43,47",2^3 * 3^1 * 7^1 * 11^2 * 37^1 * 43^1 * 47^2,0,"5,13,17,19,23,29,31,41",
268191,2,"2,3,7,11,17,29,43",2^5 * 3^4 * 7^1 * 11^1 * 17^2 * 29^1 * 43^1,0,"5,13,19,23,31,37,41,47",
268800,2,"2,3,5,7,13,23,29,31",2^9 * 3^1 * 5^2 * 7^1 * 13^1 * 23^1 * 29^1 * 31^1,0,"11,17,19,37,41,43,47",
270599,2,"2,3,5,7,11,29,31,41,43",2^3 * 3^1 * 5^2 * 7^1 * 11^1 * 29^1 * 31^1 * 41^1 * 43^1,0,"13,17,19,23,37,47",
275561,2,"2,3,7,11,13,41,47",2^1 * 3^9 * 7^1 * 11^1 * 13^1 * 41^1 * 47^1,0,"5,17,19,23,29,31,37,43",
275807,2,"2,3,7,13,17,31,41",2^5 * 3^1 * 7^1 * 13^2 * 17^1 * 31^2 * 41^1,0,"5,11,19,23,29,37,43,47",
278783,2,"2,3,11,17,23,31",2^8 * 3^2 * 11^2 * 17^1 * 23^2 * 31^1,0,"5,7,13,19,29,37,41,43,47",
279414,2,"2,3,5,19,29,41,43,47",2^1 * 3^2 * 5^1 * 19^2 * 29^1 * 41^1 * 43^1 * 47^1,0,"7,11,13,17,23,31,37",
282624,2,"2,3,5,7,17,19,23",2^12 * 3^1 * 5^3 * 7^1 * 17^1 * 19^1 * 23^1,0,"11,13,29,31,37,41,43,47",
284375,2,"2,3,5,7,13,17,41",2^3 * 3^1 * 5^5 * 7^1 * 13^1 * 17^2 * 41^1,0,"11,19,23,29,31,37,43,47",
285417,2,"2,3,7,11,19,29,31,37",2^1 * 3^3 * 7^1 * 11^1 * 19^1 * 29^1 * 31^2 * 37^1,0,"5,13,17,23,41,43,47",
288144,2,"2,3,5,11,13,23,29,31",2^4 * 3^3 * 5^1 * 11^1 * 13^2 * 23^1 * 29^1 * 31^1,0,"7,17,19,37,41,43,47",
293045,2,"2,3,5,13,17,29,43,47",2^1 * 3^1 * 5^1 * 13^2 * 17^2 * 29^1 * 43^1 * 47^1,0,"7,11,19,23,31,37,41",
301599,2,"2,3,5,13,23,29,31,47",2^5 * 3^2 * 5^2 * 13^1 * 23^1 * 29^1 * 31^1 * 47^1,0,"7,11,17,19,37,41,43",
303600,2,"2,3,5,11,19,23,29",2^4 * 3^1 * 5^2 * 11^1 * 19^2 * 23^1 * 29^2,0,"7,13,17,31,37,41,43,47",
312480,2,"2,3,5,7,13,31,43",2^5 * 3^2 * 5^1 * 7^1 * 13^2 * 31^1 * 43^2,0,"11,17,19,23,29,37,41,47",
313599,2,"2,3,5,7,11,13,17,43",2^8 * 3^1 * 5^2 * 7^2 * 11^1 * 13^1 * 17^1 * 43^1,0,"19,23,29,31,37,41,47",
314432,2,"2,3,7,17,23,31",2^6 * 3^2 * 7^2 * 17^3 * 23^1 * 31^1,0,"5,11,13,19,29,37,41,43,47",
319124,2,"2,3,5,13,17,19,23,37",2^2 * 3^1 * 5^3 * 13^1 * 17^1 * 19^2 * 23^1 * 37^1,0,"7,11,29,31,41,43,47",
325380,2,"2,3,5,7,11,17,23,29,43,47",2^2 * 3^1 * 5^1 * 7^1 * 11^1 * 17^1 * 23^1 * 29^1 * 43^1 * 47^1,0,"13,19,31,37,41",
328509,2,"2,3,5,7,13,19,23",2^1 * 3^3 * 5^1 * 7^1 * 13^1 * 19^2 * 23^3,0,"11,17,29,31,37,41,43,47",
330624,2,"2,3,5,7,23,41",2^7 * 3^2 * 5^4 * 7^1 * 23^2 * 41^1,0,"11,13,17,19,29,31,37,43,47",
336140,2,"2,3,5,7,13,17",2^2 * 3^2 * 5^1 * 7^5 * 13^3 * 17^1,0,"11,19,23,29,31,37,41,43,47",
338624,2,"2,3,5,7,11,13,37,43",2^6 * 3^2 * 5^3 * 7^1 * 11^1 * 13^1 * 37^1 * 43^1,0,"17,19,23,29,31,41,47",
341549,2,"2,3,5,11,13,23,43,47",2^1 * 3^3 * 5^2 * 11^1 * 13^2 * 23^1 * 43^1 * 47^1,0,"7,17,19,29,31,37,41",
342924,2,"2,3,5,11,17,29,41,43",2^2 * 3^1 * 5^2 * 11^1 * 17^1 * 29^1 * 41^2 * 43^1,0,"7,13,19,23,31,37,47",
343914,2,"2,3,5,11,13,31,37,43",2^1 * 3^1 * 5^1 * 11^1 * 13^2 * 31^1 * 37^1 * 43^2,0,"7,17,19,23,29,41,47",
344604,2,"2,3,5,13,41,47",2^2 * 3^1 * 5^1 * 13^1 * 41^3 * 47^2,0,"7,11,17,19,23,29,31,37,43",
346579,2,"2,5,13,17,19,29,31,37,43",2^2 * 5^1 * 13^1 * 17^1 * 19^1 * 29^1 * 31^1 * 37^1 * 43^1,0,"3,7,11,23,41,47",
348725,2,"2,3,5,7,13,19,23,29,37",2^1 * 3^1 * 5^2 * 7^1 * 13^1 * 19^2 * 23^1 * 29^1 * 37^1,0,"11,17,31,41,43,47",
356642,2,"2,3,7,11,13,17,29,37,43",2^1 * 3^4 * 7^1 * 11^1 * 13^1 * 17^1 * 29^1 * 37^1 * 43^1,0,"5,19,23,31,41,47",
360639,2,"2,3,5,7,19,23,37",2^6 * 3^3 * 5^1 * 7^2 * 19^2 * 23^1 * 37^1,0,"11,13,17,29,31,41,43,47",
361415,2,"2,3,5,11,37,41,43",2^3 * 3^1 * 5^1 * 11^1 * 37^2 * 41^2 * 43^1,0,"7,13,17,19,23,29,31,47",
369655,2,"2,5,7,11,13,23,41,47",2^3 * 5^1 * 7^2 * 11^2 * 13^1 * 23^1 * 41^1 * 47^1,0,"3,17,19,29,31,37,43",
369984,2,"2,3,5,7,11,31,41,47",2^6 * 3^1 * 5^1 * 7^1 * 11^1 * 31^2 * 41^1 * 47^1,0,"13,17,19,23,29,37,43",
378879,2,"2,3,5,17,19,23,37",2^11 * 3^1 * 5^1 * 17^2 * 19^1 * 23^1 * 37^1,0,"7,11,13,29,31,41,43,47",
385236,2,"2,3,17,29,31,41,43",2^2 * 3^4 * 17^2 * 29^1 * 31^1 * 41^1 * 43^1,0,"5,7,11,13,19,23,37,47",
386630,2,"2,3,5,7,17,19,23,41",2^1 * 3^2 * 5^1 * 7^1 * 17^1 * 19^2 * 23^1 * 41^2,0,"11,13,29,31,37,43,47",
389499,2,"2,3,5,11,19,29,37,41",2^2 * 3^1 * 5^3 * 11^2 * 19^1 * 29^1 * 37^1 * 41^1,0,"7,13,17,23,31,43,47",
390165,2,"2,3,5,7,19,29,31,37",2^1 * 3^1 * 5^1 * 7^1 * 19^1 * 29^1 * 31^2 * 37^2,0,"11,13,17,23,41,43,47",
390224,2,"2,3,5,11,29,43",2^4 * 3^1 * 5^2 * 11^2 * 29^3 * 43^1,0,"7,13,17,19,23,31,37,41,47",
394009,2,"2,5,7,11,17,31,41,43",2^1 * 5^1 * 7^2 * 11^1 * 17^1 * 31^2 * 41^1 * 43^1,0,"3,13,19,23,29,37,47",
395199,2,"2,3,5,7,13,17,19,41",2^6 * 3^4 * 5^2 * 7^1 * 13^1 * 17^1 * 19^1 * 41^1,0,"11,23,29,31,37,43,47",
410669,2,"2,3,5,7,13,17,29",2^1 * 3^5 * 5^1 * 7^2 * 13^2 * 17^2 * 29^1,0,"11,19,23,31,37,41,43,47",
412090,2,"2,5,7,19,23,29,41",2^1 * 5^1 * 7^2 * 19^1 * 23^2 * 29^2 * 41^1,0,"3,11,13,17,31,37,43,47",
416024,2,"2,3,5,7,17,19,23,43",2^3 * 3^2 * 5^2 * 7^1 * 17^1 * 19^1 * 23^1 * 43^2,0,"11,13,29,31,37,41,47",
418760,2,"2,3,5,7,17,19,23,29",2^3 * 3^2 * 5^1 * 7^1 * 17^2 * 19^2 * 23^1 * 29^1,0,"11,13,31,37,41,43,47",
419120,2,"2,3,5,13,19,31,43",2^4 * 3^3 * 5^1 * 13^2 * 19^2 * 31^1 * 43^1,0,"7,11,17,23,29,37,41,47",
422576,2,"2,3,7,11,37,47",2^4 * 3^5 * 7^4 * 11^1 * 37^1 * 47^1,0,"5,13,17,19,23,29,31,41,43",
427720,2,"2,5,7,17,29,37,43",2^3 * 5^1 * 7^3 * 17^2 * 29^1 * 37^1 * 43^1,0,"3,11,13,19,23,31,41,47",
430559,2,"2,3,5,13,17,19,23,31,43",2^5 * 3^2 * 5^1 * 13^1 * 17^1 * 19^1 * 23^1 * 31^1 * 43^1,0,"7,11,29,37,41,47",
431375,2,"2,3,5,7,11,17,19,29,43",2^4 * 3^1 * 5^3 * 7^1 * 11^1 * 17^1 * 19^1 * 29^1 * 43^1,0,"13,23,31,37,41,47",
432344,2,"2,3,5,11,17,19,37,41",2^3 * 3^1 * 5^1 * 11^1 * 17^3 * 19^1 * 37^1 * 41^1,0,"7,13,23,29,31,43,47",
436449,2,"2,3,5,7,13,19,29,31,43",2^1 * 3^1 * 5^2 * 7^1 * 13^1 * 19^2 * 29^1 * 31^1 * 43^1,0,"11,17,23,37,41,47",
443555,2,"2,3,5,7,19,23,29,37",2^2 * 3^4 * 5^1 * 7^1 * 19^1 * 23^1 * 29^1 * 37^2,0,"11,13,17,31,41,43,47",
446368,2,"2,7,11,13,17,29,31,37",2^5 * 7^1 * 11^2 * 13^1 * 17^1 * 29^1 * 31^1 * 37^1,0,"3,5,19,23,41,43,47",
453375,2,"2,3,5,7,11,13,23,31",2^8 * 3^2 * 5^3 * 7^1 * 11^1 * 13^1 * 23^1 * 31^1,0,"17,19,29,37,41,43,47",
453870,2,"2,3,5,11,31,41",2^1 * 3^3 * 5^1 * 11^4 * 31^1 * 41^2,0,"7,13,17,19,23,29,37,43,47",
456875,2,"2,3,5,7,17,37,43",2^2 * 3^2 * 5^4 * 7^3 * 17^1 * 37^1 * 43^1,0,"11,13,19,23,29,31,41,47",
459172,2,"2,7,11,13,19,23,31",2^2 * 7^1 * 11^1 * 13^3 * 19^1 * 23^2 * 31^1,0,"3,5,17,29,37,41,43,47",
459799,2,"2,5,11,17,19,37,43",2^3 * 5^2 * 11^2 * 17^2 * 19^1 * 37^1 * 43^1,0,"3,7,13,23,29,31,41,47",
461824,2,"2,5,7,11,13,29,41",2^10 * 5^2 * 7^2 * 11^1 * 13^1 * 29^1 * 41^1,0,"3,17,19,23,31,37,43,47",
466088,2,"2,3,7,13,17,19,29,37,41",2^3 * 3^1 * 7^2 * 13^1 * 17^1 * 19^1 * 29^1 * 37^1 * 41^1,0,"5,11,23,31,43,47",
466829,2,"2,3,5,7,11,13,19,31,37",2^1 * 3^3 * 5^1 * 7^1 * 11^1 * 13^1 * 19^1 * 31^1 * 37^2,0,"17,23,29,41,43,47",
469567,2,"2,7,11,23,29,37",2^6 * 7^3 * 11^1 * 23^1 * 29^1 * 37^2,0,"3,5,13,17,19,31,41,43,47",
476748,2,"2,3,7,13,17,19,31,41",2^2 * 3^2 * 7^1 * 13^3 * 17^1 * 19^1 * 31^1 * 41^1,0,"5,11,23,29,37,43,47",
478224,2,"2,3,5,11,37,41,47",2^4 * 3^6 * 5^2 * 11^1 * 37^1 * 41^1 * 47^1,0,"7,13,17,19,23,29,31,43",
482447,2,"2,3,7,19,23,41",2^4 * 3^1 * 7^1 * 19^1 * 23^2 * 41^3,0,"5,11,13,17,29,31,37,43,47",
487577,2,"2,3,7,13,17,19,23,29,43,47",2^1 * 3^1 * 7^1 * 13^1 * 17^1 * 19^1 * 23^1 * 29^1 * 43^1 * 47^1,0,"5,11,31,37,41",
488565,2,"2,3,5,7,11,13,19,23,43,47",2^1 * 3^3 * 5^1 * 7^1 * 11^1 * 13^1 * 19^1 * 23^1 * 43^1 * 47^1,0,"17,29,31,37,41",
491877,2,"2,3,17,23,31,37,41,43",2^1 * 3^2 * 17^2 * 23^1 * 31^1 * 37^1 * 41^1 * 43^1,0,"5,7,11,13,19,29,47",
494208,2,"2,3,11,13,19,37",2^7 * 3^3 * 11^1 * 13^1 * 19^2 * 37^2,0,"5,7,17,23,29,31,41,43,47",
495144,2,"2,3,5,7,13,23,43,47",2^3 * 3^2 * 5^1 * 7^2 * 13^1 * 23^2 * 43^1 * 47^1,0,"11,17,19,29,31,37,41",
495615,2,"2,3,5,11,19,37,47",2^12 * 3^1 * 5^1 * 11^2 * 19^1 * 37^1 * 47^1,0,"7,13,17,23,29,31,41,43",
498575,2,"2,3,5,7,11,13,17,37,47",2^4 * 3^1 * 5^2 * 7^2 * 11^1 * 13^1 * 17^1 * 37^1 * 47^1,0,"19,23,29,31,41,43",
501423,2,"2,3,7,11,13,23,37,43",2^4 * 3^1 * 7^1 * 11^2 * 13^2 * 23^1 * 37^1 * 43^1,0,"5,17,19,29,31,41,47",
509795,2,"2,3,5,7,11,13,17,23,31",2^2 * 3^2 * 5^1 * 7^2 * 11^1 * 13^1 * 17^2 * 23^1 * 31^1,0,"19,29,37,41,43,47",
512000,2,"2,3,5,7,43",2^12 * 3^5 * 5^3 * 7^2 * 43^1,0,"11,13,17,19,23,29,31,37,41,47",
512487,2,"2,3,19,29,37,47",2^3 * 3^6 * 19^1 * 29^1 * 37^1 * 47^2,0,"5,7,11,13,17,23,31,41,43",
515871,2,"2,3,7,31,43,47",2^5 * 3^2 * 7^3 * 31^1 * 43^2 * 47^1,0,"5,11,13,17,19,23,29,37,41",
524799,2,"2,3,5,11,19,31,41",2^9 * 3^4 * 5^2 * 11^1 * 19^1 * 31^1 * 41^1,0,"7,13,17,23,29,37,43,47",
527136,2,"2,3,13,17,19,23,41,43",2^5 * 3^1 * 13^1 * 17^2 * 19^1 * 23^1 * 41^1 * 43^1,0,"5,7,11,29,31,37,47",
536238,2,"2,3,11,29,31,41",2^1 * 3^2 * 11^1 * 29^1 * 31^3 * 41^2,0,"5,7,13,17,19,23,37,43,47",
544824,2,"2,3,5,7,19,23,31,37,47",2^3 * 3^2 * 5^2 * 7^1 * 19^1 * 23^1 * 31^1 * 37^1 * 47^1,0,"11,13,17,29,41,43",
558656,2,"2,3,7,11,19,29,43",2^6 * 3^5 * 7^1 * 11^2 * 19^1 * 29^1 * 43^1,0,"5,13,17,23,31,37,41,47",
561924,2,"2,3,5,7,11,13,19,43",2^2 * 3^3 * 5^2 * 7^1 * 11^2 * 13^2 * 19^1 * 43^1,0,"17,23,29,31,37,41,47",
587264,2,"2,3,5,7,17,31,37,47",2^9 * 3^1 * 5^1 * 7^2 * 17^1 * 31^1 * 37^1 * 47^1,0,"11,13,19,23,29,41,43",
589743,2,"2,3,7,11,23,29,31,37,41",2^4 * 3^2 * 7^1 * 11^1 * 23^1 * 29^1 * 31^1 * 37^1 * 41^1,0,"5,13,17,19,43,47",
589874,2,"2,3,5,11,13,19,43",2^1 * 3^1 * 5^3 * 11^2 * 13^1 * 19^3 * 43^1,0,"7,17,23,29,31,37,41,47",
591260,2,"2,3,5,11,17,19,23,37,41,47",2^2 * 3^1 * 5^1 * 11^1 * 17^1 * 19^1 * 23^1 * 37^1 * 41^1 * 47^1,0,"7,13,29,31,43",
601425,2,"2,3,5,7,11,17,19",2^1 * 3^7 * 5^2 * 7^2 * 11^1 * 17^1 * 19^2,0,"13,23,29,31,37,41,43,47",
610203,2,"2,3,7,11,19,31,37,41",2^2 * 3^1 * 7^1 * 11^2 * 19^1 * 31^1 * 37^1 * 41^2,0,"5,13,17,23,29,43,47",
611610,2,"2,3,5,7,11,13,19,29,37,47",2^1 * 3^1 * 5^1 * 7^1 * 11^1 * 13^2 * 19^1 * 29^1 * 37^1 * 47^1,0,"17,23,31,41,43",
613088,2,"2,3,7,17,23,29",2^5 * 3^6 * 7^2 * 17^1 * 23^1 * 29^2,0,"5,11,13,19,31,37,41,43,47",
614384,2,"2,3,5,19,37,41,43,47",2^4 * 3^4 * 5^1 * 19^1 * 37^1 * 41^1 * 43^1 * 47^1,0,"7,11,13,17,23,29,31",
622080,2,"2,3,5,17,23,37,43",2^9 * 3^5 * 5^1 * 17^1 * 23^1 * 37^1 * 43^1,0,"7,11,13,19,29,31,41,47",
633555,2,"2,3,5,7,11,13,17,19",2^2 * 3^3 * 5^1 * 7^1 * 11^3 * 13^1 * 17^1 * 19^2,0,"23,29,31,37,41,43,47",
638000,2,"2,3,5,7,11,13,19,29,41",2^4 * 3^2 * 5^3 * 7^1 * 11^1 * 13^1 * 19^1 * 29^1 * 41^1,0,"17,23,31,37,43,47",
638400,2,"2,3,5,7,17,19,47",2^6 * 3^1 * 5^2 * 7^1 * 17^2 * 19^1 * 47^2,0,"11,13,23,29,31,37,41,43",
640871,2,"2,3,7,11,23,29,41,43",2^3 * 3^4 * 7^2 * 11^1 * 23^1 * 29^1 * 41^1 * 43^1,0,"5,13,17,19,31,37,47",
643125,2,"2,3,5,7,11,23,31,41",2^1 * 3^1 * 5^4 * 7^3 * 11^1 * 23^1 * 31^1 * 41^1,0,"13,17,19,29,37,43,47",
658502,2,"2,3,13,19,29,31,43",2^1 * 3^3 * 13^1 * 19^1 * 29^3 * 31^1 * 43^1,0,"5,7,11,17,23,37,41,47",
660960,2,"2,3,5,7,17,41,47",2^5 * 3^5 * 5^1 * 7^3 * 17^1 * 41^1 * 47^1,0,"11,13,19,23,29,31,37,43",
675583,2,"2,7,13,19,29,31,37",2^8 * 7^1 * 13^1 * 19^1 * 29^1 * 31^2 * 37^1,0,"3,5,11,17,23,41,43,47",
679041,2,"2,3,7,11,13,19,41",2^1 * 3^2 * 7^2 * 11^1 * 13^2 * 19^3 * 41^1,0,"5,17,23,29,31,37,43,47",
688127,2,"2,3,7,11,47",2^15 * 3^1 * 7^1 * 11^4 * 47^1,0,"5,13,17,19,23,29,31,37,41,43",
695266,2,"2,11,13,17,19,23,37,43",2^1 * 11^2 * 13^2 * 17^1 * 19^1 * 23^1 * 37^1 * 43^1,0,"3,5,7,29,31,41,47",
709136,2,"2,3,11,13,19,23,29,41,47",2^4 * 3^2 * 11^1 * 13^1 * 19^1 * 23^1 * 29^1 * 41^1 * 47^1,0,"5,7,17,31,37,43",
709631,2,"2,3,7,11,13,17,19",2^10 * 3^2 * 7^1 * 11^1 * 13^3 * 17^1 * 19^1,0,"5,23,29,31,37,41,43,47",
715715,2,"2,3,5,7,11,13,47",2^2 * 3^4 * 5^1 * 7^1 * 11^2 * 13^2 * 47^2,0,"17,19,23,29,31,37,41,43",
728364,2,"2,3,5,7,11,13,17,19,23,29,41",2^2 * 3^1 * 5^1 * 7^1 * 11^1 * 13^1 * 17^1 * 19^1 * 23^1 * 29^1 * 41^1,0,"31,37,43,47",
769119,2,"2,3,5,11,13,19,23,37,41",2^5 * 3^1 * 5^1 * 11^1 * 13^2 * 19^1 * 23^1 * 37^1 * 41^1,0,"7,17,29,31,43,47",
773604,2,"2,3,5,7,13,19,23,29,31",2^2 * 3^3 * 5^1 * 7^1 * 13^1 * 19^1 * 23^1 * 29^1 * 31^2,0,"11,17,37,41,43,47",
776580,2,"2,3,5,7,13,31,41,43,47",2^2 * 3^1 * 5^1 * 7^1 * 13^1 * 31^1 * 41^1 * 43^2 * 47^1,0,"11,17,19,23,29,37",
777924,2,"2,3,5,7,29,37",2^2 * 3^4 * 5^2 * 7^4 * 29^2 * 37^1,0,"11,13,17,19,23,31,41,43,47",
779246,2,"2,3,7,13,17,19,31,41,43",2^1 * 3^3 * 7^2 * 13^1 * 17^1 * 19^1 * 31^1 * 41^1 * 43^1,0,"5,11,23,29,37,47",
787175,2,"2,3,5,13,23,29,37",2^3 * 3^2 * 5^2 * 13^1 * 23^1 * 29^2 * 37^2,0,"7,11,17,19,31,41,43,47",
790855,2,"2,5,11,13,19,23,43",2^3 * 5^1 * 11^2 * 13^1 * 19^1 * 23^3 * 43^1,0,"3,7,17,29,31,37,41,47",
798720,2,"2,3,5,7,11,13,23,41",2^12 * 3^1 * 5^1 * 7^1 * 11^2 * 13^1 * 23^1 * 41^1,0,"17,19,29,31,37,43,47",
799799,2,"2,3,5,7,11,13,17,31,43,47",2^3 * 3^1 * 5^2 * 7^1 * 11^1 * 13^1 * 17^1 * 31^1 * 43^1 * 47^1,0,"19,23,29,37,41",
812889,2,"2,3,5,7,11,13,17,23,37",2^1 * 3^3 * 5^1 * 7^1 * 11^1 * 13^3 * 17^1 * 23^1 * 37^1,0,"19,29,31,41,43,47",
837199,2,"2,5,7,11,13,17,23,37",2^4 * 5^2 * 7^1 * 11^3 * 13^1 * 17^1 * 23^1 * 37^1,0,"3,19,29,31,41,43,47",
850135,2,"2,5,7,11,13,17,19,29,41,47",2^3 * 5^1 * 7^1 * 11^1 * 13^1 * 17^1 * 19^1 * 29^1 * 41^1 * 47^1,0,"3,23,31,37,43",
863939,2,"2,3,5,7,11,17,29,31",2^2 * 3^1 * 5^1 * 7^1 * 11^2 * 17^1 * 29^1 * 31^3,0,"13,19,23,37,41,43,47",
867008,2,"2,3,11,13,19,23,31,43,47",2^6 * 3^1 * 11^1 * 13^1 * 19^1 * 23^1 * 31^1 * 43^1 * 47^1,0,"5,7,17,29,37,41",
886445,2,"2,3,5,7,11,19,31,37,43",2^1 * 3^2 * 5^1 * 7^1 * 11^3 * 19^1 * 31^1 * 37^1 * 43^1,0,"13,17,23,29,41,47",
887777,2,"2,3,11,23,29,31,37,43",2^1 * 3^2 * 11^3 * 23^1 * 29^1 * 31^1 * 37^1 * 43^1,0,"5,7,13,17,19,41,47",
912950,2,"2,3,5,13,17,19,31",2^1 * 3^5 * 5^2 * 13^1 * 17^2 * 19^1 * 31^2,0,"7,11,23,29,37,41,43,47",
923520,2,"2,3,5,13,31,37",2^7 * 3^1 * 5^1 * 13^1 * 31^4 * 37^1,0,"7,11,17,19,23,29,41,43,47",
925100,2,"2,3,5,11,29,47",2^2 * 3^9 * 5^2 * 11^1 * 29^2 * 47^1,0,"7,13,17,19,23,31,37,41,43",
949025,2,"2,3,5,7,11,13,17,23,29",2^1 * 3^1 * 5^2 * 7^1 * 11^1 * 13^1 * 17^1 * 23^3 * 29^1,0,"19,31,37,41,43,47",
974168,2,"2,3,7,13,17,19,29,47",2^3 * 3^2 * 7^2 * 13^1 * 17^1 * 19^1 * 29^1 * 47^2,0,"5,11,23,31,37,41,43",
976143,2,"2,3,7,13,19,23,43,47",2^4 * 3^1 * 7^1 * 13^2 * 19^2 * 23^1 * 43^1 * 47^1,0,"5,11,17,29,31,37,41",
978120,2,"2,3,5,11,13,19,23,43",2^3 * 3^2 * 5^1 * 11^1 * 13^1 * 19^1 * 23^2 * 43^2,0,"7,17,29,31,37,41,47",
986271,2,"2,3,7,11,13,17,19,37",2^5 * 3^1 * 7^2 * 11^3 * 13^1 * 17^1 * 19^1 * 37^1,0,"5,23,29,31,41,43,47",
999999,2,"2,3,5,7,11,13,37",2^6 * 3^3 * 5^6 * 7^1 * 11^1 * 13^1 * 37^1,0,"17,19,23,29,31,41,43,47",
1011839,2,"2,3,5,17,23,29,31,37,41",2^7 * 3^1 * 5^1 * 17^1 * 23^1 * 29^1 * 31^1 * 37^1 * 41^1,0,"7,11,13,19,43,47",
1031744,2,"2,3,5,7,11,13,37,47",2^6 * 3^1 * 5^1 * 7^3 * 11^1 * 13^2 * 37^1 * 47^1,0,"17,19,23,29,31,41,43",
1048575,2,"2,3,5,11,31,41",2^20 * 3^1 * 5^2 * 11^1 * 31^1 * 41^1,0,"7,13,17,19,23,29,37,43,47",
1050624,2,"2,3,5,19,41",2^11 * 3^3 * 5^4 * 19^1 * 41^2,0,"7,11,13,17,23,29,31,37,43,47",
1055240,2,"2,3,5,11,17,19,23,31,37",2^3 * 3^3 * 5^1 * 11^2 * 17^1 * 19^1 * 23^1 * 31^1 * 37^1,0,"7,13,29,41,43,47",
1071224,2,"2,3,5,7,11,23,37,47",2^3 * 3^4 * 5^2 * 7^1 * 11^1 * 23^2 * 37^1 * 47^1,0,"13,17,19,29,31,41,43",
1082564,2,"2,3,5,7,11,23,41",2^2 * 3^9 * 5^1 * 7^1 * 11^1 * 23^1 * 41^2,0,"13,17,19,29,31,37,43,47",
1104375,2,"2,3,5,7,13,19,31,37,41",2^3 * 3^1 * 5^4 * 7^1 * 13^1 * 19^1 * 31^1 * 37^1 * 41^1,0,"11,17,23,29,43,47",
1143284,2,"2,3,5,11,13,17,23,41,43",2^2 * 3^1 * 5^1 * 11^1 * 13^2 * 17^2 * 23^1 * 41^1 * 43^1,0,"7,19,29,31,37,47",
1147124,2,"2,3,5,7,11,19,23,29,31",2^2 * 3^1 * 5^3 * 7^1 * 11^1 * 19^1 * 23^1 * 29^2 * 31^1,0,"13,17,37,41,43,47",
1152920,2,"2,3,5,7,11,19,23,31,37,41",2^3 * 3^1 * 5^1 * 7^2 * 11^1 * 19^1 * 23^1 * 31^1 * 37^1 * 41^1,0,"13,17,29,43,47",
1154439,2,"2,3,5,7,11,13,19,23,31",2^3 * 3^3 * 5^1 * 7^2 * 11^1 * 13^2 * 19^1 * 23^1 * 31^1,0,"17,29,37,41,43,47",
1163799,2,"2,3,5,7,11,13,23,29",2^3 * 3^2 * 5^2 * 7^3 * 11^1 * 13^1 * 23^2 * 29^1,0,"17,19,31,37,41,43,47",
1187144,2,"2,3,5,7,17,23,29,31,37,43",2^3 * 3^2 * 5^1 * 7^1 * 17^1 * 23^1 * 29^1 * 31^1 * 37^1 * 43^1,0,"11,13,19,41,47",
1205645,2,"2,3,5,7,13,19,29,37,41",2^1 * 3^1 * 5^1 * 7^3 * 13^2 * 19^1 * 29^1 * 37^1 * 41^1,0,"11,17,23,31,43,47",
1212083,2,"2,3,17,29,37,41,43,47",2^2 * 3^5 * 17^1 * 29^1 * 37^1 * 41^1 * 43^1 * 47^1,0,"5,7,11,13,19,23,31",
1213681,2,"2,7,17,19,31,41,47",2^1 * 7^2 * 17^1 * 19^2 * 31^1 * 41^2 * 47^1,0,"3,5,11,13,23,29,37,43",
1217159,2,"2,3,5,7,19,23,29,47",2^3 * 3^3 * 5^1 * 7^2 * 19^1 * 23^1 * 29^1 * 47^2,0,"11,13,17,31,37,41,43",
1228122,2,"2,3,7,13,19,43",2^1 * 3^5 * 7^1 * 13^4 * 19^2 * 43^1,0,"5,11,17,23,29,31,37,41,47",
1233024,2,"2,3,5,13,19,31,37,43",2^7 * 3^1 * 5^2 * 13^2 * 19^1 * 31^1 * 37^1 * 43^1,0,"7,11,17,23,29,41,47",
1235168,2,"2,3,11,13,17,23,29",2^5 * 3^5 * 11^3 * 13^1 * 17^1 * 23^1 * 29^1,0,"5,7,19,31,37,41,43,47",
1241316,2,"2,3,7,11,29,41,47",2^2 * 3^2 * 7^4 * 11^1 * 29^2 * 41^1 * 47^1,0,"5,13,17,19,23,31,37,43",
1243839,2,"2,3,5,13,17,23,29",2^6 * 3^1 * 5^1 * 13^2 * 17^1 * 23^1 * 29^3,0,"7,11,19,31,37,41,43,47",
1255500,2,"2,3,5,13,17,19,23,31",2^2 * 3^4 * 5^3 * 13^2 * 17^1 * 19^1 * 23^1 * 31^1,0,"7,11,29,37,41,43,47",
1269359,2,"2,3,5,7,13,29,37,41,43",2^4 * 3^2 * 5^1 * 7^1 * 13^2 * 29^1 * 37^1 * 41^1 * 43^1,0,"11,17,19,23,31,47",
1273418,2,"2,3,7,17,19,23,29,31,41,47",2^1 * 3^2 * 7^1 * 17^1 * 19^1 * 23^1 * 29^1 * 31^1 * 41^1 * 47^1,0,"5,11,13,37,43",
1294299,2,"2,3,5,7,19,29,43",2^2 * 3^4 * 5^2 * 7^1 * 19^1 * 29^2 * 43^2,0,"11,13,17,23,31,37,41,47",
1294370,2,"2,3,5,7,11,13,23,37,41",2^1 * 3^2 * 5^1 * 7^1 * 11^1 * 13^2 * 23^1 * 37^1 * 41^2,0,"17,19,29,31,43,47",
1302651,2,"2,3,7,13,23,29,31,41,47",2^2 * 3^2 * 7^1 * 13^2 * 23^1 * 29^1 * 31^1 * 41^1 * 47^1,0,"5,11,17,19,37,43",
1319625,2,"2,3,5,7,11,17,19,23,41",2^1 * 3^3 * 5^3 * 7^1 * 11^2 * 17^1 * 19^1 * 23^1 * 41^1,0,"13,29,31,37,43,47",
1324224,2,"2,3,5,7,11,19,23,47",2^6 * 3^2 * 5^2 * 7^2 * 11^2 * 19^1 * 23^1 * 47^1,0,"13,17,29,31,37,41,43",
1331967,2,"2,3,7,11,13,17,41,43",2^8 * 3^1 * 7^2 * 11^2 * 13^1 * 17^1 * 41^1 * 43^1,0,"5,19,23,29,31,37,47",
1341249,2,"2,3,5,7,13,17,29,37",2^1 * 3^1 * 5^4 * 7^1 * 13^1 * 17^3 * 29^1 * 37^1,0,"11,19,23,31,41,43,47",
1344717,2,"2,3,11,17,23,31,41,47",2^1 * 3^2 * 11^1 * 17^2 * 23^2 * 31^1 * 41^1 * 47^1,0,"5,7,13,19,29,37,43",
1359897,2,"2,3,7,11,17,23,29,37,47",2^1 * 3^1 * 7^2 * 11^1 * 17^1 * 23^1 * 29^2 * 37^1 * 47^1,0,"5,13,19,31,41,43",
1362635,2,"2,3,5,11,17,23,31,37,41",2^2 * 3^3 * 5^1 * 11^1 * 17^2 * 23^1 * 31^1 * 37^1 * 41^1,0,"7,13,19,29,43,47",
1370109,2,"2,3,5,7,13,19,23,37,43",2^1 * 3^1 * 5^1 * 7^1 * 13^1 * 19^1 * 23^2 * 37^1 * 43^2,0,"11,17,29,31,41,47",
1402874,2,"2,3,5,11,17,29,31,43",2^1 * 3^2 * 5^3 * 11^3 * 17^1 * 29^1 * 31^1 * 43^1,0,"7,13,19,23,37,41,47",
1413720,2,"2,3,5,7,11,17,29,41",2^3 * 3^3 * 5^1 * 7^1 * 11^1 * 17^1 * 29^2 * 41^2,0,"13,19,23,31,37,43,47",
1437500,2,"2,3,5,13,23,29,31,41",2^2 * 3^1 * 5^6 * 13^1 * 23^1 * 29^1 * 31^1 * 41^1,0,"7,11,17,19,37,43,47",
1459161,2,"2,3,11,17,19,43,47",2^1 * 3^3 * 11^1 * 17^3 * 19^2 * 43^1 * 47^1,0,"5,7,13,23,29,31,37,41",
1462499,2,"2,3,5,13,29,37,47",2^2 * 3^2 * 5^5 * 13^1 * 29^2 * 37^1 * 47^1,0,"7,11,17,19,23,31,41,43",
1510784,2,"2,3,5,11,19,29,31,37",2^7 * 3^3 * 5^1 * 11^1 * 19^2 * 29^1 * 31^1 * 37^1,0,"7,13,17,23,41,43,47",
1518803,2,"2,3,7,11,13,19,41,43",2^2 * 3^3 * 7^3 * 11^1 * 13^2 * 19^1 * 41^1 * 43^1,0,"5,17,23,29,31,37,47",
1536639,2,"2,3,5,7,13,31,41",2^7 * 3^1 * 5^1 * 7^4 * 13^1 * 31^2 * 41^1,0,"11,17,19,23,29,37,43,47",
1594175,2,"2,3,5,11,17,19,23,31",2^6 * 3^1 * 5^2 * 11^2 * 17^1 * 19^2 * 23^1 * 31^1,0,"7,13,29,37,41,43,47",
1600312,2,"2,7,11,13,17,19,31,41",2^3 * 7^1 * 11^1 * 13^1 * 17^1 * 19^2 * 31^1 * 41^2,0,"3,5,23,29,37,43,47",
1608574,2,"2,5,11,17,23,37,47",2^1 * 5^2 * 11^2 * 17^2 * 23^1 * 37^2 * 47^1,0,"3,7,13,19,29,31,41,43",
1625624,2,"2,3,5,7,11,13,17,29",2^3 * 3^2 * 5^4 * 7^2 * 11^1 * 13^1 * 17^2 * 29^1,0,"19,23,31,37,41,43,47",
1634660,2,"2,3,5,7,31,37,47",2^2 * 3^5 * 5^1 * 7^1 * 31^2 * 37^1 * 47^2,0,"11,13,17,19,23,29,41,43",
1643355,2,"2,3,5,7,11,13,17,37,47",2^2 * 3^3 * 5^1 * 7^1 * 11^1 * 13^3 * 17^1 * 37^1 * 47^1,0,"19,23,29,31,41,43",
1652144,2,"2,3,5,11,13,17,19,31,47",2^4 * 3^1 * 5^1 * 11^1 * 13^3 * 17^1 * 19^1 * 31^1 * 47^1,0,"7,23,29,37,41,43",
1708992,2,"2,3,11,13,17,19,23,37,43",2^6 * 3^3 * 11^1 * 13^1 * 17^1 * 19^1 * 23^1 * 37^1 * 43^1,0,"5,7,29,31,41,47",
1729749,2,"2,3,5,7,11,17,37,41",2^1 * 3^1 * 5^3 * 7^3 * 11^1 * 17^1 * 37^1 * 41^2,0,"13,19,23,29,31,43,47",
1739999,2,"2,3,5,29,31,37,41",2^5 * 3^1 * 5^4 * 29^1 * 31^1 * 37^2 * 41^1,0,"7,11,13,17,19,23,43,47",
1763124,2,"2,3,5,7,11,13,19,31,37",2^2 * 3^1 * 5^4 * 7^1 * 11^1 * 13^1 * 19^2 * 31^1 * 37^1,0,"17,23,29,41,43,47",
1771560,2,"2,3,5,7,11,19,37",2^3 * 3^2 * 5^1 * 7^1 * 11^6 * 19^1 * 37^1,0,"13,17,23,29,31,41,43,47",
1774223,2,"2,3,11,31,37,43",2^4 * 3^4 * 11^3 * 31^1 * 37^2 * 43^1,0,"5,7,13,17,19,23,29,41,47",
1776888,2,"2,3,23,29,31,37,43",2^3 * 3^2 * 23^1 * 29^1 * 31^2 * 37^1 * 43^2,0,"5,7,11,13,17,19,41,47",
1818242,2,"2,3,7,19,23,29,31,47",2^1 * 3^2 * 7^3 * 19^1 * 23^1 * 29^2 * 31^1 * 47^1,0,"5,11,13,17,37,41,43",
1820104,2,"2,5,7,11,13,17,19,23,37,43",2^3 * 5^1 * 7^2 * 11^1 * 13^1 * 17^1 * 19^1 * 23^1 * 37^1 * 43^1,0,"3,29,31,41,47",
1852200,2,"2,3,5,7,13,17,29",2^3 * 3^3 * 5^2 * 7^3 * 13^1 * 17^3 * 29^1,0,"11,19,23,31,37,41,43,47",
1860495,2,"2,3,5,7,11,13,29,31,47",2^4 * 3^1 * 5^1 * 7^1 * 11^2 * 13^1 * 29^1 * 31^2 * 47^1,0,"17,19,23,37,41,43",
1893375,2,"2,3,5,11,17,43",2^10 * 3^4 * 5^3 * 11^1 * 17^1 * 43^2,0,"7,13,19,23,29,31,37,41,47",
1922960,2,"2,3,5,13,23,29,31,43",2^4 * 3^1 * 5^1 * 13^1 * 23^1 * 29^1 * 31^2 * 43^2,0,"7,11,17,19,37,41,47",
1946720,2,"2,3,5,7,17,19,23,41",2^5 * 3^1 * 5^1 * 7^2 * 17^1 * 19^1 * 23^3 * 41^1,0,"11,13,29,31,37,43,47",
1951641,2,"2,3,7,11,19,23,29,41,43",2^1 * 3^3 * 7^1 * 11^1 * 19^1 * 23^1 * 29^1 * 41^2 * 43^1,0,"5,13,17,31,37,47",
1973699,2,"2,3,5,7,13,17,23,41,43",2^2 * 3^3 * 5^2 * 7^1 * 13^1 * 17^1 * 23^2 * 41^1 * 43^1,0,"11,19,29,31,37,47",
2001824,2,"2,3,5,7,11,31,41,47",2^5 * 3^2 * 5^2 * 7^1 * 11^3 * 31^1 * 41^1 * 47^1,0,"13,17,19,23,29,37,43",
2023424,2,"2,3,5,13,17,19,23",2^13 * 3^2 * 5^2 * 13^1 * 17^1 * 19^1 * 23^2,0,"7,11,29,31,37,41,43,47",
2055780,2,"2,3,5,7,13,19,29,41,47",2^2 * 3^7 * 5^1 * 7^1 * 13^1 * 19^1 * 29^1 * 41^1 * 47^1,0,"11,17,23,31,37,43",
2067999,2,"2,3,5,11,17,23,41,43,47",2^5 * 3^1 * 5^3 * 11^1 * 17^1 * 23^1 * 41^1 * 43^1 * 47^1,0,"7,13,19,29,31,37",
2076255,2,"2,3,5,7,13,23,29,31,37,43",2^5 * 3^2 * 5^1 * 7^1 * 13^1 * 23^1 * 29^1 * 31^1 * 37^1 * 43^1,0,"11,17,19,41,47",
2085135,2,"2,3,5,13,17,19,37",2^4 * 3^1 * 5^1 * 13^1 * 17^2 * 19^4 * 37^1,0,"7,11,23,29,31,41,43,47",
2122848,2,"2,3,7,13,31,47",2^5 * 3^6 * 7^1 * 13^1 * 31^2 * 47^2,0,"5,11,17,19,23,29,37,41,43",
2162094,2,"2,3,5,11,13,17,29,31,37,41,47",2^1 * 3^1 * 5^1 * 11^1 * 13^1 * 17^1 * 29^1 * 31^1 * 37^1 * 41^1 * 47^1,0,"7,19,23,43",
2185299,2,"2,3,5,13,17,23,41",2^2 * 3^5 * 5^2 * 13^1 * 17^1 * 23^2 * 41^2,0,"7,11,19,29,31,37,43,47",
2220777,2,"2,3,7,13,17,19,31,37,43",2^1 * 3^5 * 7^2 * 13^1 * 17^1 * 19^1 * 31^1 * 37^1 * 43^1,0,"5,11,23,29,41,47",
2267915,2,"2,3,5,7,13,19,23,29,37,41",2^2 * 3^1 * 5^1 * 7^3 * 13^1 * 19^1 * 23^1 * 29^1 * 37^1 * 41^1,0,"11,17,31,43,47",
2276351,2,"2,3,7,11,13,17,19,37,47",2^10 * 3^2 * 7^1 * 11^1 * 13^1 * 17^1 * 19^1 * 37^1 * 47^1,0,"5,23,29,31,41,43",
2285751,2,"2,3,7,13,17,29,43,47",2^3 * 3^1 * 7^5 * 13^1 * 17^1 * 29^1 * 43^1 * 47^1,0,"5,11,19,23,31,37,41",
2304323,2,"2,3,7,11,23,31,37,41",2^2 * 3^2 * 7^2 * 11^2 * 23^2 * 31^1 * 37^1 * 41^1,0,"5,13,17,19,29,43,47",
2307360,2,"2,3,5,7,11,19,23,31",2^5 * 3^1 * 5^1 * 7^4 * 11^1 * 19^1 * 23^1 * 31^2,0,"13,17,29,37,41,43,47",
2310399,2,"2,3,5,7,13,19,31",2^8 * 3^2 * 5^2 * 7^2 * 13^2 * 19^2 * 31^1,0,"11,17,23,29,37,41,43,47",
2345056,2,"2,7,11,13,19,23,29,31",2^5 * 7^1 * 11^1 * 13^1 * 19^2 * 23^2 * 29^1 * 31^1,0,"3,5,17,37,41,43,47",
2350079,2,"2,3,5,17,31,41,43",2^10 * 3^3 * 5^1 * 17^1 * 31^1 * 41^1 * 43^2,0,"7,11,13,19,23,29,37,47",
2351349,2,"2,3,5,7,11,13,29,31,37,41",2^1 * 3^4 * 5^2 * 7^1 * 11^1 * 13^1 * 29^1 * 31^1 * 37^1 * 41^1,0,"17,19,23,43,47",
2397680,2,"2,3,5,11,13,17,23,41,43",2^4 * 3^6 * 5^1 * 11^1 * 13^1 * 17^1 * 23^1 * 41^1 * 43^1,0,"7,19,29,31,37,47",
2404259,2,"2,3,5,11,13,17,19,23,37,43",2^2 * 3^2 * 5^1 * 11^1 * 13^1 * 17^1 * 19^2 * 23^1 * 37^1 * 43^1,0,"7,29,31,41,47",
2417875,2,"2,5,17,23,29,31,37",2^2 * 5^3 * 17^1 * 23^1 * 29^2 * 31^2 * 37^1,0,"3,7,11,13,19,41,43,47",
2547534,2,"2,3,5,11,17,29,41,43",2^1 * 3^1 * 5^1 * 11^4 * 17^2 * 29^1 * 41^1 * 43^1,0,"7,13,19,23,31,37,47",
2556800,2,"2,3,5,13,17,41,47",2^7 * 3^2 * 5^2 * 13^2 * 17^1 * 41^2 * 47^1,0,"7,11,19,23,29,31,37,43",
2560844,2,"2,3,5,7,11,13,29,37",2^2 * 3^1 * 5^1 * 7^1 * 11^3 * 13^1 * 29^3 * 37^1,0,"17,19,23,31,41,43,47",
2592512,2,"2,3,7,11,13,19,29,41,43",2^8 * 3^3 * 7^1 * 11^1 * 13^1 * 19^1 * 29^1 * 41^1 * 43^1,0,"5,17,23,31,37,47",
2598399,2,"2,3,5,7,17,29,37",2^9 * 3^5 * 5^2 * 7^1 * 17^2 * 29^1 * 37^1,0,"11,13,19,23,31,41,43,47",
2613247,2,"2,7,11,13,29,47",2^13 * 7^1 * 11^1 * 13^2 * 29^1 * 47^2,0,"3,5,17,19,23,31,37,41,43",
2697695,2,"2,3,5,7,11,13,17,19,29",2^5 * 3^2 * 5^1 * 7^3 * 11^2 * 13^1 * 17^1 * 19^1 * 29^1,0,"23,31,37,41,43,47",
2758535,2,"2,3,5,11,13,31,37,43",2^3 * 3^6 * 5^1 * 11^1 * 13^1 * 31^1 * 37^2 * 43^1,0,"7,17,19,23,29,41,47",
2766749,2,"2,3,5,7,17,31,37,43,47",2^1 * 3^1 * 5^3 * 7^1 * 17^1 * 31^1 * 37^2 * 43^1 * 47^1,0,"11,13,19,23,29,41",
2772224,2,"2,3,5,7,13,17,37",2^8 * 3^4 * 5^2 * 7^2 * 13^1 * 17^1 * 37^2,0,"11,19,23,29,31,41,43,47",
2812887,2,"2,3,7,11,13,17,37,41,43",2^3 * 3^4 * 7^1 * 11^2 * 13^1 * 17^1 * 37^1 * 41^1 * 43^1,0,"5,19,23,29,31,47",
2825760,2,"2,3,5,7,29,41",2^5 * 3^1 * 5^1 * 7^1 * 29^2 * 41^4,0,"11,13,17,19,23,31,37,43,47",
2829123,2,"2,3,11,17,29,41",2^2 * 3^2 * 11^1 * 17^1 * 29^4 * 41^2,0,"5,7,13,19,23,31,37,43,47",
2893400,2,"2,3,5,7,17,23,37",2^3 * 3^10 * 5^2 * 7^2 * 17^1 * 23^1 * 37^1,0,"11,13,19,29,31,41,43,47",
3063807,2,"2,3,11,17,19,23,41",2^14 * 3^2 * 11^1 * 17^1 * 19^2 * 23^1 * 41^1,0,"5,7,13,29,31,37,43,47",
3102449,2,"2,3,5,7,13,17,29,31,37,43",2^1 * 3^1 * 5^2 * 7^1 * 13^1 * 17^1 * 29^2 * 31^1 * 37^1 * 43^1,0,"11,19,23,41,47",
3107874,2,"2,3,5,7,11,23,31,47",2^1 * 3^1 * 5^3 * 7^2 * 11^1 * 23^2 * 31^2 * 47^1,0,"13,17,19,29,37,41,43",
3156543,2,"2,3,13,17,23,31,37,43",2^6 * 3^3 * 13^1 * 17^1 * 23^2 * 31^1 * 37^1 * 43^1,0,"5,7,11,19,29,41,47",
3162159,2,"2,3,5,7,11,13,29,47",2^4 * 3^5 * 5^1 * 7^1 * 11^1 * 13^2 * 29^2 * 47^1,0,"17,19,23,31,37,41,43",
3206268,2,"2,3,11,13,17,19,23,29,31",2^2 * 3^2 * 11^1 * 13^2 * 17^1 * 19^1 * 23^2 * 29^1 * 31^1,0,"5,7,37,41,43,47",
3258024,2,"2,3,5,7,11,19,41,43",2^3 * 3^1 * 5^2 * 7^1 * 11^1 * 19^4 * 41^1 * 43^1,0,"13,17,23,29,31,37,47",
3301375,2,"2,5,7,11,13,31",2^13 * 5^3 * 7^4 * 11^1 * 13^1 * 31^1,0,"3,17,19,23,29,37,41,43,47",
3331250,2,"2,3,5,7,11,13,19,23,41",2^1 * 3^2 * 5^5 * 7^1 * 11^2 * 13^1 * 19^1 * 23^1 * 41^1,0,"17,29,31,37,43,47",
3346109,2,"2,3,5,13,17,19,23,31",2^1 * 3^9 * 5^1 * 13^1 * 17^1 * 19^2 * 23^1 * 31^1,0,"7,11,29,37,41,43,47",
3418800,2,"2,3,5,7,11,37,43",2^4 * 3^1 * 5^2 * 7^1 * 11^1 * 37^1 * 43^4,0,"13,17,19,23,29,31,41,47",
3453839,2,"2,3,5,13,17,19,37,41",2^4 * 3^4 * 5^1 * 13^1 * 17^3 * 19^1 * 37^1 * 41^1,0,"7,11,23,29,31,43,47",
3520495,2,"2,5,7,11,17,23,43",2^4 * 5^1 * 7^1 * 11^3 * 17^1 * 23^2 * 43^2,0,"3,13,19,29,31,37,41,47",
3556995,2,"2,3,5,13,17,23,29,37,41",2^2 * 3^1 * 5^1 * 13^1 * 17^1 * 23^2 * 29^1 * 37^1 * 41^2,0,"7,11,19,31,43,47",
3681839,2,"2,3,5,7,19,23,29,31,47",2^4 * 3^1 * 5^1 * 7^1 * 19^2 * 23^2 * 29^1 * 31^1 * 47^1,0,"11,13,17,37,41,43",
3685175,2,"2,3,5,11,13,17,23,29,47",2^3 * 3^4 * 5^2 * 11^2 * 13^1 * 17^1 * 23^1 * 29^1 * 47^1,0,"7,19,31,37,41,43",
3699849,2,"2,3,5,7,11,23,29,31,43",2^1 * 3^1 * 5^2 * 7^1 * 11^1 * 23^1 * 29^1 * 31^2 * 43^2,0,"13,17,19,37,41,47",
3742375,2,"2,5,7,11,13,23,43,47",2^3 * 5^3 * 7^2 * 11^1 * 13^1 * 23^1 * 43^2 * 47^1,0,"3,17,19,29,31,37,41",
3757509,2,"2,3,5,7,17,23,31,47",2^1 * 3^5 * 5^1 * 7^1 * 17^1 * 23^1 * 31^2 * 47^2,0,"11,13,19,29,37,41,43",
3832191,2,"2,3,7,11,13,17,23,47",2^7 * 3^4 * 7^2 * 11^2 * 13^1 * 17^1 * 23^1 * 47^1,0,"5,19,29,31,37,41,43",
3864575,2,"2,3,5,11,13,17,23,37,47",2^11 * 3^1 * 5^2 * 11^1 * 13^1 * 17^1 * 23^1 * 37^1 * 47^1,0,"7,19,29,31,41,43",
3894467,2,"2,3,19,29,31,41,43,47",2^2 * 3^1 * 19^2 * 29^1 * 31^1 * 41^1 * 43^1 * 47^2,0,"5,7,11,13,17,23,37",
3897165,2,"2,3,5,7,13,17,19,23,29,31",2^1 * 3^1 * 5^1 * 7^3 * 13^1 * 17^2 * 19^1 * 23^1 * 29^1 * 31^1,0,"11,37,41,43,47",
3912138,2,"2,3,7,11,19,23,31,41,47",2^1 * 3^4 * 7^1 * 11^1 * 19^1 * 23^1 * 31^1 * 41^1 * 47^2,0,"5,13,17,29,37,43",
3930399,2,"2,3,5,11,17,29,37",2^5 * 3^2 * 5^2 * 11^1 * 17^3 * 29^1 * 37^2,0,"7,13,19,23,31,41,43,47",
3995000,2,"2,3,5,17,31,37,43,47",2^3 * 3^4 * 5^4 * 17^1 * 31^1 * 37^1 * 43^1 * 47^1,0,"7,11,13,19,23,29,41",
4004000,2,"2,3,5,7,11,13,23,29",2^5 * 3^2 * 5^3 * 7^1 * 11^1 * 13^1 * 23^2 * 29^2,0,"17,19,31,37,41,43,47",
4090624,2,"2,5,7,11,17,19,29",2^8 * 5^5 * 7^1 * 11^1 * 17^1 * 19^1 * 29^2,0,"3,13,23,31,37,41,43,47",
4096575,2,"2,3,5,7,11,17,23",2^6 * 3^4 * 5^2 * 7^1 * 11^2 * 17^2 * 23^2,0,"13,19,29,31,37,41,43,47",
4243455,2,"2,3,5,7,17,37,43",2^14 * 3^3 * 5^1 * 7^1 * 17^1 * 37^1 * 43^2,0,"11,13,19,23,29,31,41,47",
4439448,2,"2,3,7,13,17,31,43",2^3 * 3^4 * 7^4 * 13^1 * 17^1 * 31^1 * 43^2,0,"5,11,19,23,29,37,41,47",
4443663,2,"2,3,7,17,19,31,37,43",2^4 * 3^1 * 7^2 * 17^2 * 19^1 * 31^2 * 37^1 * 43^1,0,"5,11,13,23,29,41,47",
4492124,2,"2,3,5,7,11,13,41,43",2^2 * 3^3 * 5^3 * 7^2 * 11^3 * 13^1 * 41^1 * 43^1,0,"17,19,23,29,31,37,47",
4526522,2,"2,3,7,11,13,17,19,29,41,47",2^1 * 3^4 * 7^2 * 11^1 * 13^1 * 17^1 * 19^1 * 29^1 * 41^1 * 47^1,0,"5,23,31,37,43",
4588310,2,"2,3,5,7,13,19,31,41",2^1 * 3^1 * 5^1 * 7^6 * 13^1 * 19^2 * 31^1 * 41^1,0,"11,17,23,29,37,43,47",
4688719,2,"2,5,7,17,29,31,41,43,47",2^4 * 5^1 * 7^1 * 17^1 * 29^1 * 31^2 * 41^1 * 43^1 * 47^1,0,"3,11,13,19,23,37",
4712499,2,"2,3,5,11,13,29,41,43",2^2 * 3^5 * 5^5 * 11^1 * 13^1 * 29^1 * 41^1 * 43^1,0,"7,17,19,23,31,37,47",
4731375,2,"2,3,5,11,13,23,31,37,43",2^4 * 3^1 * 5^3 * 11^1 * 13^1 * 23^2 * 31^1 * 37^1 * 43^1,0,"7,17,19,29,41,47",
4765599,2,"2,3,5,7,19,23,29,31,37",2^5 * 3^2 * 5^2 * 7^1 * 19^1 * 23^1 * 29^1 * 31^2 * 37^1,0,"11,13,17,41,43,47",
4812129,2,"2,3,5,7,19,23,31,41,43",2^1 * 3^6 * 5^1 * 7^1 * 19^2 * 23^1 * 31^1 * 41^1 * 43^1,0,"11,13,17,29,37,47",
4860504,2,"2,3,5,11,13,17,19,37,43,47",2^3 * 3^2 * 5^1 * 11^1 * 13^1 * 17^1 * 19^2 * 37^1 * 43^1 * 47^1,0,"7,23,29,31,41",
4879680,2,"2,3,5,13,17,23,47",2^6 * 3^1 * 5^1 * 13^1 * 17^1 * 23^1 * 47^4,0,"7,11,19,29,31,37,41,43",
4987527,2,"2,3,7,13,17,23,31,41,43",2^3 * 3^1 * 7^1 * 13^2 * 17^1 * 23^1 * 31^1 * 41^2 * 43^1,0,"5,11,19,29,37,47",
5085024,2,"2,3,5,7,11,23,41,47",2^5 * 3^1 * 5^2 * 7^2 * 11^2 * 23^1 * 41^2 * 47^1,0,"13,17,19,29,31,37,43",
5142500,2,"2,3,5,7,11,13,17,23",2^2 * 3^3 * 5^4 * 7^2 * 11^2 * 13^2 * 17^1 * 23^1,0,"19,29,31,37,41,43,47",
5267024,2,"2,3,5,7,17,31,37,41",2^4 * 3^6 * 5^2 * 7^1 * 17^2 * 31^1 * 37^1 * 41^1,0,"11,13,19,23,29,43,47",
5319600,2,"2,3,5,7,11,13,19,23,31,37,47",2^4 * 3^1 * 5^2 * 7^1 * 11^1 * 13^1 * 19^1 * 23^1 * 31^1 * 37^1 * 47^1,0,"17,29,41,43",
5538974,2,"2,3,5,7,13,17,19,23,37",2^1 * 3^1 * 5^2 * 7^1 * 13^2 * 17^2 * 19^1 * 23^1 * 37^2,0,"11,29,31,41,43,47",
5541711,2,"2,3,7,11,17,19,23,37,43",2^4 * 3^1 * 7^1 * 11^1 * 17^1 * 19^2 * 23^1 * 37^2 * 43^1,0,"5,13,29,31,41,47",
5909760,2,"2,3,5,11,13,17,19",2^8 * 3^5 * 5^1 * 11^2 * 13^2 * 17^2 * 19^1,0,"7,23,29,31,37,41,43,47",
6159020,2,"2,3,5,7,11,19,29,37,41,47",2^2 * 3^1 * 5^1 * 7^1 * 11^2 * 19^2 * 29^1 * 37^1 * 41^1 * 47^1,0,"13,17,23,31,43",
6292362,2,"2,3,7,11,17,19,23,29,43",2^1 * 3^1 * 7^1 * 11^2 * 17^1 * 19^1 * 23^1 * 29^3 * 43^1,0,"5,13,31,37,41,47",
6362624,2,"2,3,5,17,19,43,47",2^9 * 3^1 * 5^3 * 17^2 * 19^2 * 43^1 * 47^1,0,"7,11,13,23,29,31,37,41",
6458880,2,"2,3,5,11,13,29,31,47",2^9 * 3^1 * 5^1 * 11^1 * 13^1 * 29^2 * 31^2 * 47^1,0,"7,17,19,23,37,41,43",
6615674,2,"2,3,5,11,13,23,37",2^1 * 3^7 * 5^2 * 11^2 * 13^2 * 23^2 * 37^1,0,"7,17,19,29,31,41,43,47",
6677055,2,"2,3,5,7,11,17,19,41,47",2^6 * 3^2 * 5^1 * 7^1 * 11^1 * 17^2 * 19^2 * 41^1 * 47^1,0,"13,23,29,31,37,43",
6702624,2,"2,3,5,17,29,37,43",2^5 * 3^2 * 5^3 * 17^1 * 29^1 * 37^2 * 43^2,0,"7,11,13,19,23,31,41,47",
6770555,2,"2,3,5,11,13,17,19,23,31,37",2^2 * 3^2 * 5^1 * 11^2 * 13^1 * 17^1 * 19^2 * 23^1 * 31^1 * 37^1,0,"7,29,41,43,47",
6978125,2,"2,3,5,7,11,17,29,37,43",2^1 * 3^1 * 5^5 * 7^1 * 11^1 * 17^1 * 29^1 * 37^1 * 43^2,0,"13,19,23,31,41,47",
7102224,2,"2,3,5,13,31,37,41,43",2^4 * 3^2 * 5^2 * 13^2 * 31^1 * 37^1 * 41^2 * 43^1,0,"7,11,17,19,23,29,47",
7104999,2,"2,3,5,7,11,23,29,37",2^3 * 3^1 * 5^4 * 7^2 * 11^2 * 23^2 * 29^1 * 37^1,0,"13,17,19,31,41,43,47",
7153024,2,"2,5,11,19,29,37,41,47",2^7 * 5^2 * 11^1 * 19^1 * 29^1 * 37^2 * 41^1 * 47^1,0,"3,7,13,17,23,31,43",
7240640,2,"2,3,5,11,17,37,41,43",2^6 * 3^1 * 5^1 * 11^3 * 17^1 * 37^2 * 41^1 * 43^1,0,"7,13,19,23,29,31,47",
7255625,2,"2,3,5,7,13,19,23,29,37,47",2^1 * 3^1 * 5^4 * 7^2 * 13^1 * 19^1 * 23^1 * 29^1 * 37^1 * 47^1,0,"11,17,31,41,43",
7331624,2,"2,3,5,7,17,19,31,37,47",2^3 * 3^2 * 5^3 * 7^3 * 17^1 * 19^1 * 31^1 * 37^1 * 47^1,0,"11,13,23,29,41,43",
7474999,2,"2,5,7,13,19,23,31,37",2^3 * 5^5 * 7^3 * 13^1 * 19^1 * 23^1 * 31^1 * 37^1,0,"3,11,17,29,41,43,47",
7491168,2,"2,3,7,17,19,23,37",2^5 * 3^2 * 7^2 * 17^2 * 19^1 * 23^2 * 37^2,0,"5,11,13,29,31,41,43,47",
7728819,2,"2,3,5,7,11,19,29,37,43",2^2 * 3^1 * 5^1 * 7^4 * 11^1 * 19^1 * 29^1 * 37^1 * 43^2,0,"13,17,23,31,41,47",
8070699,2,"2,3,5,7,11,13,17,23,29,37,47",2^2 * 3^1 * 5^2 * 7^1 * 11^2 * 13^1 * 17^1 * 23^1 * 29^1 * 37^1 * 47^1,0,"19,31,41,43",
8268799,2,"2,5,7,11,17,19,23,29",2^10 * 5^2 * 7^2 * 11^1 * 17^1 * 19^1 * 23^2 * 29^1,0,"3,13,31,37,41,43,47",
8319375,2,"2,3,5,13,17,23,29,37,47",2^4 * 3^3 * 5^4 * 13^1 * 17^1 * 23^1 * 29^1 * 37^1 * 47^1,0,"7,11,19,31,41,43",
8555624,2,"2,3,5,7,11,13,17,19,43",2^3 * 3^4 * 5^4 * 7^1 * 11^1 * 13^2 * 17^1 * 19^1 * 43^1,0,"23,29,31,37,41,47",
8577359,2,"2,3,5,7,11,19,29,31,47",2^4 * 3^3 * 5^1 * 7^1 * 11^1 * 19^2 * 29^2 * 31^1 * 47^1,0,"13,17,23,37,41,43",
8889776,2,"2,3,7,13,17,19,23,29,31,43",2^4 * 3^3 * 7^2 * 13^1 * 17^1 * 19^1 * 23^1 * 29^1 * 31^1 * 43^1,0,"5,11,37,41,47",
8912375,2,"2,3,5,11,31,37,41,47",2^3 * 3^3 * 5^3 * 11^3 * 31^1 * 37^1 * 41^1 * 47^1,0,"7,13,17,19,23,29,43",
8934464,2,"2,3,5,7,11,19,23,29,37,47",2^6 * 3^1 * 5^1 * 7^3 * 11^1 * 19^1 * 23^1 * 29^1 * 37^1 * 47^1,0,"13,17,31,41,43",
9170264,2,"2,3,5,13,29,31,37,41,47",2^3 * 3^1 * 5^1 * 13^1 * 29^3 * 31^1 * 37^1 * 41^1 * 47^1,0,"7,11,17,19,23,43",
9174815,2,"2,3,5,7,13,17,19,23,37,41",2^5 * 3^3 * 5^1 * 7^1 * 13^1 * 17^1 * 19^2 * 23^1 * 37^1 * 41^1,0,"11,29,31,43,47",
9217824,2,"2,3,5,7,11,17,23,29,41,43",2^5 * 3^1 * 5^2 * 7^1 * 11^1 * 17^1 * 23^2 * 29^1 * 41^1 * 43^1,0,"13,19,31,37,47",
9222499,2,"2,5,7,11,13,17,31,41",2^2 * 5^4 * 7^1 * 11^3 * 13^2 * 17^1 * 31^1 * 41^1,0,"3,19,23,29,37,43,47",
9345104,2,"2,3,5,7,11,17,29,31,43,47",2^4 * 3^3 * 5^1 * 7^1 * 11^1 * 17^2 * 29^1 * 31^1 * 43^1 * 47^1,0,"13,19,23,37,41",
9458085,2,"2,3,5,7,11,13,17,19,41",2^1 * 3^1 * 5^1 * 7^1 * 11^4 * 13^3 * 17^1 * 19^1 * 41^1,0,"23,29,31,37,43,47",
9611875,2,"2,5,7,13,29,41,43,47",2^2 * 5^4 * 7^1 * 13^3 * 29^1 * 41^1 * 43^1 * 47^1,0,"3,11,17,19,23,31,37",
10000165,2,"2,5,7,11,17,31,43",2^1 * 5^1 * 7^6 * 11^2 * 17^1 * 31^2 * 43^1,0,"3,13,19,23,29,37,41,47",
10088144,2,"2,3,5,11,19,23,31,43",2^4 * 3^5 * 5^1 * 11^1 * 19^2 * 23^1 * 31^1 * 43^2,0,"7,13,17,29,37,41,47",
10491039,2,"2,3,5,7,13,17,19,29,41",2^5 * 3^9 * 5^1 * 7^1 * 13^1 * 17^1 * 19^1 * 29^1 * 41^1,0,"11,23,31,37,43,47",
10556000,2,"2,3,5,7,13,19,29",2^5 * 3^4 * 5^3 * 7^1 * 13^1 * 19^4 * 29^1,0,"11,17,23,31,37,41,43,47",
10575376,2,"2,7,17,23,37,41,43,47",2^4 * 7^3 * 17^2 * 23^1 * 37^1 * 41^1 * 43^1 * 47^1,0,"3,5,11,13,19,29,31",
11156249,2,"2,3,5,7,13,17,19,31,47",2^1 * 3^1 * 5^6 * 7^1 * 13^1 * 17^1 * 19^1 * 31^2 * 47^1,0,"11,23,29,37,41,43",
11690624,2,"2,3,5,11,19,23,29,43",2^7 * 3^1 * 5^5 * 11^1 * 19^2 * 23^1 * 29^1 * 43^1,0,"7,13,17,31,37,41,47",
11859210,2,"2,3,5,7,11,13,19",2^1 * 3^4 * 5^1 * 7^1 * 11^4 * 13^1 * 19^4,0,"17,23,29,31,37,41,43,47",
12323584,2,"2,5,7,13,23,31,43",2^8 * 5^1 * 7^1 * 13^1 * 23^2 * 31^1 * 43^3,0,"3,11,17,19,29,37,41,47",
12890625,2,"2,3,5,7,11,19,23,43",2^1 * 3^1 * 5^8 * 7^3 * 11^1 * 19^1 * 23^1 * 43^1,0,"13,17,29,31,37,41,47",
13147875,2,"2,3,5,7,13,29,31,37",2^2 * 3^2 * 5^3 * 7^4 * 13^1 * 29^1 * 31^1 * 37^2,0,"11,17,19,23,41,43,47",
13466816,2,"2,3,7,11,13,29,37,47",2^6 * 3^6 * 7^2 * 11^2 * 13^1 * 29^1 * 37^1 * 47^1,0,"5,17,19,23,31,41,43",
13745536,2,"2,7,13,17,23,29,37,41",2^7 * 7^1 * 13^1 * 17^1 * 23^2 * 29^1 * 37^1 * 41^2,0,"3,5,11,19,31,43,47",
13994694,2,"2,3,5,7,11,13,23,37,41,43",2^1 * 3^4 * 5^1 * 7^2 * 11^1 * 13^1 * 23^2 * 37^1 * 41^1 * 43^1,0,"17,19,29,31,47",
14080572,2,"2,3,11,13,17,29,31,37",2^2 * 3^2 * 11^1 * 13^4 * 17^1 * 29^1 * 31^2 * 37^1,0,"5,7,19,23,41,43,47",
14235528,2,"2,3,7,11,17,23,37,41",2^3 * 3^1 * 7^6 * 11^2 * 17^1 * 23^1 * 37^1 * 41^1,0,"5,13,19,29,31,43,47",
14330524,2,"2,5,11,13,17,29,31,41,43",2^2 * 5^2 * 11^1 * 13^2 * 17^1 * 29^1 * 31^1 * 41^2 * 43^1,0,"3,7,19,23,37,47",
14574559,2,"2,5,7,11,13,17,29,37,47",2^5 * 5^1 * 7^2 * 11^1 * 13^2 * 17^2 * 29^1 * 37^1 * 47^1,0,"3,19,23,31,41,43",
14753024,2,"2,3,5,7,11,13,17,19,29,31",2^8 * 3^2 * 5^2 * 7^1 * 11^1 * 13^2 * 17^1 * 19^1 * 29^1 * 31^1,0,"23,37,41,43,47",
14786199,2,"2,3,5,11,13,19,37,41,47",2^3 * 3^3 * 5^2 * 11^2 * 13^1 * 19^2 * 37^1 * 41^1 * 47^1,0,"7,17,23,29,31,43",
15039999,2,"2,3,5,13,23,47",2^9 * 3^7 * 5^4 * 13^1 * 23^2 * 47^1,0,"7,11,17,19,29,31,37,41,43",
15054335,2,"2,3,5,11,29,47",2^9 * 3^5 * 5^1 * 11^2 * 29^1 * 47^3,0,"7,13,17,19,23,31,37,41,43",
15709275,2,"2,3,5,11,17,19,23,37,43",2^2 * 3^3 * 5^2 * 11^1 * 17^1 * 19^2 * 23^1 * 37^2 * 43^1,0,"7,13,29,31,41,47",
16092999,2,"2,3,5,7,11,13,17,19,29,31",2^3 * 3^4 * 5^3 * 7^1 * 11^2 * 13^1 * 17^1 * 19^1 * 29^1 * 31^1,0,"23,37,41,43,47",
16190090,2,"2,3,5,7,19,23,29,31,37,47",2^1 * 3^3 * 5^1 * 7^2 * 19^1 * 23^1 * 29^2 * 31^1 * 37^1 * 47^1,0,"11,13,17,41,43",
17229024,2,"2,3,5,11,17,23,31,43,47",2^5 * 3^4 * 5^2 * 11^1 * 17^2 * 23^1 * 31^1 * 43^1 * 47^1,0,"7,13,19,29,37,41",
17657288,2,"2,3,11,13,17,19,29,37,47",2^3 * 3^2 * 11^2 * 13^3 * 17^1 * 19^1 * 29^1 * 37^1 * 47^1,0,"5,7,23,31,41,43",
17903522,2,"2,3,7,11,13,23,31,37,43,47",2^1 * 3^1 * 7^2 * 11^2 * 13^2 * 23^1 * 31^1 * 37^1 * 43^1 * 47^1,0,"5,17,19,29,41",
18085704,2,"2,3,5,7,11,13,17,23,29",2^3 * 3^1 * 5^1 * 7^3 * 11^1 * 13^3 * 17^1 * 23^1 * 29^2,0,"19,31,37,41,43,47",
18113535,2,"2,3,5,7,11,19,23,37,43",2^10 * 3^2 * 5^1 * 7^2 * 11^1 * 19^2 * 23^1 * 37^1 * 43^1,0,"13,17,29,31,41,47",
18366425,2,"2,3,5,7,11,13,17,19,29,47",2^1 * 3^7 * 5^2 * 7^2 * 11^1 * 13^1 * 17^1 * 19^1 * 29^1 * 47^1,0,"23,31,37,41,43",
18703790,2,"2,3,5,7,17,19,41,47",2^1 * 3^4 * 5^1 * 7^4 * 17^3 * 19^1 * 41^1 * 47^1,0,"11,13,23,29,31,37,43",
19826575,2,"2,5,7,11,19,23,29,41",2^4 * 5^2 * 7^2 * 11^3 * 19^1 * 23^1 * 29^2 * 41^1,0,"3,13,17,31,37,43,47",
19936224,2,"2,3,5,7,11,19,29,31,47",2^5 * 3^2 * 5^2 * 7^1 * 11^1 * 19^2 * 29^1 * 31^1 * 47^2,0,"13,17,23,37,41,43",
20422205,2,"2,3,5,7,23,29,43,47",2^1 * 3^7 * 5^1 * 7^1 * 23^1 * 29^1 * 43^2 * 47^2,0,"11,13,17,19,31,37,41",
21386000,2,"2,3,5,7,13,17,19,31,37",2^4 * 3^1 * 5^3 * 7^2 * 13^1 * 17^2 * 19^2 * 31^1 * 37^1,0,"11,23,29,41,43,47",
21844800,2,"2,3,5,11,29,31,37,41,47",2^6 * 3^2 * 5^2 * 11^1 * 29^1 * 31^1 * 37^1 * 41^1 * 47^2,0,"7,13,17,19,23,43",
22653435,2,"2,3,5,7,13,17,23,31,37,47",2^2 * 3^1 * 5^1 * 7^4 * 13^2 * 17^1 * 23^1 * 31^1 * 37^1 * 47^1,0,"11,19,29,41,43",
22708191,2,"2,3,11,13,17,19,47",2^5 * 3^1 * 11^5 * 13^3 * 17^1 * 19^1 * 47^1,0,"5,7,23,29,31,37,41,43",
24019800,2,"2,3,5,7,13,19,29,43",2^3 * 3^1 * 5^2 * 7^2 * 13^4 * 19^1 * 29^2 * 43^1,0,"11,17,23,31,37,41,47",
24334344,2,"2,3,5,7,17,19,23,37,43,47",2^3 * 3^4 * 5^1 * 7^1 * 17^1 * 19^1 * 23^1 * 37^1 * 43^1 * 47^2,0,"11,13,29,31,41",
24601599,2,"2,3,5,11,19,29,31,41",2^10 * 3^2 * 5^2 * 11^2 * 19^1 * 29^1 * 31^2 * 41^1,0,"7,13,17,23,37,43,47",
24822720,2,"2,3,5,7,11,13,17,19,47",2^6 * 3^3 * 5^1 * 7^1 * 11^1 * 13^2 * 17^1 * 19^3 * 47^1,0,"23,29,31,37,41,43",
25836888,2,"2,3,7,11,13,17,23,31,41",2^3 * 3^1 * 7^1 * 11^2 * 13^2 * 17^2 * 23^2 * 31^1 * 41^1,0,"5,19,29,37,43,47",
25872147,2,"2,3,7,17,19,23,29,41",2^2 * 3^2 * 7^3 * 17^2 * 19^3 * 23^1 * 29^1 * 41^1,0,"5,11,13,31,37,43,47",
26044928,2,"2,3,7,13,29,31,37,43",2^9 * 3^3 * 7^1 * 13^2 * 29^2 * 31^1 * 37^1 * 43^1,0,"5,11,17,19,23,41,47",
26862380,2,"2,3,5,7,13,17,29,41,47",2^2 * 3^3 * 5^1 * 7^1 * 13^2 * 17^1 * 29^2 * 41^2 * 47^1,0,"11,19,23,31,37,43",
27005264,2,"2,3,5,7,11,13,17,29,37,41",2^4 * 3^3 * 5^1 * 7^1 * 11^2 * 13^1 * 17^1 * 29^1 * 37^1 * 41^2,0,"19,23,31,43,47",
27550319,2,"2,3,5,7,17,23,29,31,41,47",2^4 * 3^1 * 5^1 * 7^1 * 17^1 * 23^2 * 29^2 * 31^1 * 41^1 * 47^1,0,"11,13,19,37,43",
27984099,2,"2,3,5,11,13,23,37,41,43",2^2 * 3^1 * 5^2 * 11^1 * 13^1 * 23^4 * 37^1 * 41^1 * 43^1,0,"7,17,19,29,31,47",
27994680,2,"2,3,5,7,11,13,23,37",2^3 * 3^3 * 5^1 * 7^2 * 11^2 * 13^2 * 23^2 * 37^2,0,"17,19,29,31,41,43,47",
30138075,2,"2,3,5,11,17,29,31,41",2^2 * 3^5 * 5^2 * 11^2 * 17^2 * 29^2 * 31^1 * 41^1,0,"7,13,19,23,37,43,47",
30323600,2,"2,3,5,7,11,19,41,43,47",2^4 * 3^2 * 5^2 * 7^3 * 11^1 * 19^1 * 41^1 * 43^2 * 47^1,0,"13,17,23,29,31,37",
30533139,2,"2,3,5,7,11,13,17,31,37,43",2^2 * 3^3 * 5^1 * 7^1 * 11^3 * 13^1 * 17^2 * 31^1 * 37^1 * 43^1,0,"19,23,29,41,47",
30944913,2,"2,3,7,11,13,17,23,29,31,37,41",2^1 * 3^1 * 7^1 * 11^1 * 13^2 * 17^1 * 23^2 * 29^1 * 31^1 * 37^1 * 41^1,0,"5,19,43,47",
31904495,2,"2,3,5,7,13,17,19,23,29,43",2^4 * 3^3 * 5^1 * 7^1 * 13^2 * 17^1 * 19^1 * 23^1 * 29^1 * 43^2,0,"11,31,37,41,47",
32517264,2,"2,3,5,11,13,19,29,31,37,41",2^4 * 3^1 * 5^1 * 11^1 * 13^1 * 19^1 * 29^2 * 31^1 * 37^1 * 41^2,0,"7,17,23,43,47",
34028049,2,"2,3,5,7,11,17,19,29,31,37,43",2^1 * 3^1 * 5^2 * 7^2 * 11^1 * 17^1 * 19^1 * 29^1 * 31^2 * 37^1 * 43^1,0,"13,23,41,47",
34686000,2,"2,3,5,7,17,19,23,29,41,47",2^4 * 3^2 * 5^3 * 7^1 * 17^1 * 19^1 * 23^2 * 29^1 * 41^1 * 47^1,0,"11,13,31,37,43",
36315135,2,"2,3,5,11,13,31,41",2^13 * 3^11 * 5^1 * 11^1 * 13^1 * 31^1 * 41^1,0,"7,17,19,23,29,37,43,47",
36695672,2,"2,3,7,13,17,23,29,47",2^3 * 3^8 * 7^1 * 13^1 * 17^1 * 23^3 * 29^1 * 47^1,0,"5,11,19,31,37,41,43",
38526839,2,"2,3,5,11,13,23,41,43,47",2^3 * 3^4 * 5^1 * 11^1 * 13^1 * 23^1 * 41^3 * 43^1 * 47^1,0,"7,17,19,29,31,37",
39540864,2,"2,3,5,7,11,13,23,37,43,47",2^7 * 3^1 * 5^1 * 7^1 * 11^2 * 13^1 * 23^1 * 37^1 * 43^2 * 47^1,0,"17,19,29,31,41",
40750801,2,"2,7,13,17,19,23,31,37,41",2^1 * 7^3 * 13^2 * 17^1 * 19^1 * 23^1 * 31^1 * 37^1 * 41^2,0,"3,5,11,29,43,47",
41808150,2,"2,3,5,7,11,17,19,31,37,41",2^1 * 3^6 * 5^2 * 7^1 * 11^1 * 17^1 * 19^1 * 31^1 * 37^1 * 41^2,0,"13,23,29,43,47",
42788095,2,"2,5,7,13,19,23,37,43,47",2^8 * 5^1 * 7^1 * 13^2 * 19^1 * 23^1 * 37^2 * 43^1 * 47^1,0,"3,11,17,29,31,41",
43075584,2,"2,3,5,7,19,29,31,37,41",2^11 * 3^3 * 5^1 * 7^1 * 19^1 * 29^1 * 31^1 * 37^2 * 41^1,0,"11,13,17,23,43,47",
43283240,2,"2,3,5,7,11,13,17,23,43,47",2^3 * 3^4 * 5^1 * 7^1 * 11^1 * 13^1 * 17^2 * 23^1 * 43^2 * 47^1,0,"19,29,31,37,41",
44321375,2,"2,3,5,7,11,19,37,47",2^5 * 3^1 * 5^3 * 7^1 * 11^1 * 19^1 * 37^3 * 47^2,0,"13,17,23,29,31,41,43",
45759999,2,"2,3,5,11,13,19,29,31,47",2^9 * 3^1 * 5^4 * 11^1 * 13^1 * 19^2 * 29^1 * 31^1 * 47^1,0,"7,17,23,37,41,43",
48140736,2,"2,3,7,17,19,31,37,43,47",2^6 * 3^1 * 7^3 * 17^1 * 19^1 * 31^1 * 37^1 * 43^1 * 47^2,0,"5,11,13,23,29,41",
49667579,2,"2,3,5,13,23,31,37,43,47",2^2 * 3^4 * 5^1 * 13^4 * 23^1 * 31^1 * 37^1 * 43^1 * 47^1,0,"7,11,17,19,29,41",
50481024,2,"2,3,5,7,11,17,19,29,37",2^7 * 3^1 * 5^2 * 7^4 * 11^1 * 17^1 * 19^1 * 29^2 * 37^1,0,"13,23,31,41,43,47",
51009945,2,"2,3,5,7,13,17,19,41,47",2^1 * 3^1 * 5^1 * 7^1 * 13^4 * 17^2 * 19^1 * 41^2 * 47^1,0,"11,23,29,31,37,43",
53206725,2,"2,3,5,11,13,19,31,41,47",2^1 * 3^1 * 5^2 * 11^3 * 13^1 * 19^1 * 31^3 * 41^1 * 47^1,0,"7,17,23,29,37,43",
56319249,2,"2,3,5,7,13,17,19,23,31,43",2^1 * 3^1 * 5^3 * 7^1 * 13^2 * 17^1 * 19^3 * 23^1 * 31^1 * 43^1,0,"11,29,37,41,47",
56744792,2,"2,3,7,13,17,19,29,47",2^3 * 3^4 * 7^2 * 13^2 * 17^1 * 19^1 * 29^2 * 47^2,0,"5,11,23,31,37,41,43",
57274623,2,"2,3,7,11,23,29,43,47",2^8 * 3^2 * 7^1 * 11^2 * 23^1 * 29^2 * 43^2 * 47^1,0,"5,13,17,19,31,37,41",
59181759,2,"2,3,5,7,11,13,17,23,31,37,43",2^6 * 3^4 * 5^1 * 7^2 * 11^1 * 13^1 * 17^1 * 23^1 * 31^1 * 37^1 * 43^1,0,"19,29,41,47",
65875355,2,"2,3,5,7,13,19,29,37,41,43",2^2 * 3^6 * 5^1 * 7^2 * 13^2 * 19^1 * 29^1 * 37^1 * 41^1 * 43^1,0,"11,17,23,31,47",
69512013,2,"2,3,11,13,17,19,29,31,47",2^1 * 3^4 * 11^1 * 13^1 * 17^2 * 19^1 * 29^2 * 31^2 * 47^1,0,"5,7,23,37,41,43",
71843750,2,"2,3,5,7,11,17,19,37",2^1 * 3^2 * 5^6 * 7^3 * 11^2 * 17^1 * 19^1 * 37^2,0,"13,23,29,31,41,43,47",
76271624,2,"2,3,5,11,13,19,29,31",2^3 * 3^9 * 5^3 * 11^3 * 13^1 * 19^1 * 29^1 * 31^1,0,"7,17,23,37,41,43,47",
78125796,2,"2,3,7,19,29,31,37,43,47",2^2 * 3^4 * 7^3 * 19^1 * 29^1 * 31^1 * 37^1 * 43^2 * 47^1,0,"5,11,13,17,23,41",
79384832,2,"2,3,11,17,29,37,47",2^8 * 3^3 * 11^3 * 17^2 * 29^1 * 37^1 * 47^2,0,"5,7,13,19,23,31,41,43",
80061344,2,"2,3,5,7,11,13,19,23,29,31",2^5 * 3^3 * 5^1 * 7^4 * 11^2 * 13^1 * 19^1 * 23^1 * 29^1 * 31^1,0,"17,37,41,43,47",
80314367,2,"2,3,7,19,23,41,43",2^15 * 3^1 * 7^1 * 19^1 * 23^4 * 41^1 * 43^1,0,"5,11,13,17,29,31,37,47",
81538749,2,"2,3,5,17,23,29,37,41,43,47",2^1 * 3^2 * 5^4 * 17^2 * 23^1 * 29^1 * 37^1 * 41^1 * 43^1 * 47^1,0,"7,11,13,19,31",
83480319,2,"2,3,5,7,11,13,17,19,47",2^8 * 3^2 * 5^1 * 7^2 * 11^3 * 13^1 * 17^1 * 19^1 * 47^2,0,"23,29,31,37,41,43",
85459374,2,"2,3,5,7,11,13,17,23,29,31,41",2^1 * 3^4 * 5^5 * 7^1 * 11^1 * 13^1 * 17^1 * 23^1 * 29^1 * 31^1 * 41^1,0,"19,37,43,47",
96059600,2,"2,3,5,7,11,13,29",2^4 * 3^8 * 5^2 * 7^2 * 11^4 * 13^2 * 29^1,0,"17,19,23,31,37,41,43,47",
101273249,2,"2,3,5,7,11,13,17,19,29,31,47",2^1 * 3^1 * 5^3 * 7^2 * 11^2 * 13^2 * 17^1 * 19^1 * 29^1 * 31^1 * 47^1,0,"23,37,41,43",
102263634,2,"2,3,5,11,23,37,41,47",2^1 * 3^5 * 5^1 * 11^2 * 23^3 * 37^1 * 41^2 * 47^1,0,"7,13,17,19,29,31,43",
106846614,2,"2,3,5,7,17,19,23,29,31,41,43",2^1 * 3^6 * 5^1 * 7^1 * 17^1 * 19^2 * 23^1 * 29^1 * 31^1 * 41^1 * 43^1,0,"11,13,37,47",
118352640,2,"2,3,5,7,11,17,23,37,43",2^8 * 3^1 * 5^1 * 7^2 * 11^2 * 17^1 * 23^2 * 37^1 * 43^2,0,"13,19,29,31,41,47",
118374399,2,"2,3,5,11,13,17,23,31,43",2^14 * 3^3 * 5^2 * 11^1 * 13^1 * 17^2 * 23^1 * 31^1 * 43^1,0,"7,19,29,37,41,47",
119094299,2,"2,3,5,13,17,19,23,29,41",2^2 * 3^5 * 5^2 * 13^2 * 17^2 * 19^1 * 23^2 * 29^1 * 41^1,0,"7,11,31,37,43,47",
130850720,2,"2,3,5,7,11,13,19,31,41,43",2^5 * 3^4 * 5^1 * 7^1 * 11^1 * 13^1 * 19^1 * 31^2 * 41^2 * 43^1,0,"17,23,29,37,47",
132663167,2,"2,3,7,11,13,19,29,31,37,41",2^7 * 3^2 * 7^1 * 11^1 * 13^1 * 19^2 * 29^1 * 31^2 * 37^1 * 41^1,0,"5,17,23,43,47",
133919999,2,"2,3,5,17,19,29,31",2^8 * 3^3 * 5^4 * 17^2 * 19^1 * 29^3 * 31^1,0,"7,11,13,23,37,41,43,47",
136835244,2,"2,3,5,7,13,17,19,41,43",2^2 * 3^5 * 5^1 * 7^2 * 13^2 * 17^1 * 19^2 * 41^1 * 43^2,0,"11,23,29,31,37,47",
142416000,2,"2,3,5,7,13,19,23,41,43",2^7 * 3^2 * 5^3 * 7^3 * 13^1 * 19^1 * 23^1 * 41^2 * 43^1,0,"11,17,29,31,37,47",
154466675,2,"2,3,5,7,11,13,17,19,31,37,47",2^2 * 3^4 * 5^2 * 7^1 * 11^1 * 13^3 * 17^1 * 19^1 * 31^1 * 37^1 * 47^1,0,"23,29,41,43",
177182720,2,"2,3,5,11,13,17,29",2^11 * 3^6 * 5^1 * 11^3 * 13^1 * 17^2 * 29^2,0,"7,19,23,31,37,41,43,47",
181037024,2,"2,3,5,7,13,23,29,31",2^5 * 3^4 * 5^2 * 7^1 * 13^2 * 23^2 * 29^2 * 31^2,0,"11,17,19,37,41,43,47",
182827367,2,"2,3,17,19,23,29,31,47",2^3 * 3^6 * 17^1 * 19^2 * 23^1 * 29^1 * 31^3 * 47^1,0,"5,7,11,13,37,41,43",
182857499,2,"2,3,5,7,11,29,31,41,43",2^2 * 3^5 * 5^4 * 7^1 * 11^2 * 29^1 * 31^1 * 41^2 * 43^1,0,"13,17,19,23,37,47",
192469375,2,"2,5,7,11,17,29,37,41,43",2^7 * 5^4 * 7^1 * 11^2 * 17^2 * 29^1 * 37^1 * 41^1 * 43^1,0,"3,13,19,23,31,47",
209644479,2,"2,3,5,11,19,29,37,41,43",2^6 * 3^2 * 5^1 * 11^4 * 19^1 * 29^2 * 37^1 * 41^1 * 43^1,0,"7,13,17,23,31,47",
226987110,2,"2,3,5,7,13,17,19,41,43,47",2^1 * 3^4 * 5^1 * 7^3 * 13^2 * 17^1 * 19^1 * 41^2 * 43^1 * 47^1,0,"11,23,29,31,37",
227613749,2,"2,3,5,7,11,13,19,23,29,31,43",2^1 * 3^1 * 5^4 * 7^1 * 11^1 * 13^1 * 19^2 * 23^1 * 29^1 * 31^1 * 43^2,0,"17,37,41,47",
229856319,2,"2,3,5,7,11,17,19,23,29,31,47",2^6 * 3^3 * 5^1 * 7^1 * 11^2 * 17^1 * 19^1 * 23^2 * 29^1 * 31^1 * 47^1,0,"13,37,41,43",
261436560,2,"2,3,5,7,11,19,23,37,43,47",2^4 * 3^1 * 5^1 * 7^2 * 11^1 * 19^2 * 23^2 * 37^2 * 43^1 * 47^1,0,"13,17,29,31,41",
290642030,2,"2,3,5,7,17,19,23,29,37,41,43,47",2^1 * 3^2 * 5^1 * 7^2 * 17^1 * 19^1 * 23^1 * 29^2 * 37^1 * 41^1 * 43^1 * 47^1,0,"11,13,31",
293635440,2,"2,3,5,7,11,17,29,31,37,41",2^4 * 3^2 * 5^1 * 7^3 * 11^1 * 17^1 * 29^1 * 31^1 * 37^3 * 41^1,0,"13,19,23,43,47",
308915775,2,"2,3,5,7,13,19,31,37",2^6 * 3^4 * 5^2 * 7^1 * 13^6 * 19^1 * 31^1 * 37^1,0,"11,17,23,29,41,43,47",
308950928,2,"2,3,7,11,13,17,31,47",2^4 * 3^8 * 7^2 * 11^1 * 13^3 * 17^1 * 31^2 * 47^1,0,"5,19,23,29,37,41,43",
370256249,2,"2,3,5,7,11,13,19,31",2^1 * 3^1 * 5^5 * 7^2 * 11^7 * 13^1 * 19^1 * 31^1,0,"17,23,29,37,41,43,47",
382241600,2,"2,3,5,7,13,17,19,23,47",2^6 * 3^2 * 5^2 * 7^6 * 13^1 * 17^1 * 19^2 * 23^1 * 47^1,0,"11,29,31,37,41,43",
415704575,2,"2,3,5,7,11,13,23,31,41",2^9 * 3^1 * 5^2 * 7^1 * 11^3 * 13^1 * 23^1 * 31^2 * 41^2,0,"17,19,29,37,43,47",
457318224,2,"2,3,5,7,11,13,17,37,47",2^4 * 3^5 * 5^2 * 7^2 * 11^1 * 13^2 * 17^2 * 37^1 * 47^2,0,"19,23,29,31,41,43",
487530861,2,"2,3,7,13,17,19,23,29,31,43",2^1 * 3^1 * 7^1 * 13^2 * 17^2 * 19^4 * 23^1 * 29^1 * 31^1 * 43^1,0,"5,11,37,41,47",
490145733,2,"2,3,7,11,13,17,29,37,41,43",2^1 * 3^2 * 7^1 * 11^1 * 13^1 * 17^2 * 29^4 * 37^1 * 41^1 * 43^1,0,"5,19,23,31,47",
591130374,2,"2,3,5,11,17,19,29,41,43,47",2^1 * 3^1 * 5^3 * 11^4 * 17^1 * 19^1 * 29^1 * 41^2 * 43^1 * 47^1,0,"7,13,23,31,37",
611969280,2,"2,3,5,7,11,13,17,23,29,41,47",2^8 * 3^1 * 5^1 * 7^4 * 11^1 * 13^2 * 17^1 * 23^1 * 29^1 * 41^1 * 47^1,0,"19,31,37,43",
658831250,2,"2,3,5,7,11,13,19,23,29,31,37,43",2^1 * 3^1 * 5^5 * 7^1 * 11^1 * 13^1 * 19^1 * 23^1 * 29^1 * 31^1 * 37^2 * 43^1,0,"17,41,47",
876219200,2,"2,3,5,11,13,19,23,37,41",2^6 * 3^4 * 5^2 * 11^2 * 13^2 * 19^2 * 23^2 * 37^1 * 41^1,0,"7,17,29,31,43,47",
920577797,2,"2,3,7,19,29,31,37,41,43",2^1 * 3^5 * 7^2 * 19^2 * 29^1 * 31^1 * 37^1 * 41^3 * 43^1,0,"5,11,13,17,23,47",
929166875,2,"2,3,5,7,11,13,17,31,43,47",2^2 * 3^5 * 5^4 * 7^1 * 11^1 * 13^1 * 17^1 * 31^2 * 43^2 * 47^1,0,"19,23,29,37,41",
1018249595,2,"2,3,5,7,11,13,17,19,29,41,47",2^2 * 3^3 * 5^1 * 7^2 * 11^1 * 13^1 * 17^2 * 19^2 * 29^1 * 41^1 * 47^2,0,"23,31,37,43",
1075774400,2,"2,3,5,13,23,29,31,41",2^6 * 3^2 * 5^2 * 13^2 * 23^2 * 29^4 * 31^1 * 41^1,0,"7,11,17,19,37,43,47",
1236843399,2,"2,3,5,11,13,19,23,37,43,47",2^3 * 3^1 * 5^2 * 11^1 * 13^2 * 19^2 * 23^1 * 37^1 * 43^1 * 47^3,0,"7,17,29,31,41",
1611308699,2,"2,3,5,7,11,13,19,23,31",2^2 * 3^6 * 5^2 * 7^4 * 11^1 * 13^2 * 19^2 * 23^1 * 31^2,0,"17,29,37,41,43,47",
1777331555,2,"2,3,5,7,11,13,17,23,29,31,37,43,47",2^2 * 3^2 * 5^1 * 7^1 * 11^1 * 13^1 * 17^1 * 23^2 * 29^2 * 31^1 * 37^1 * 43^1 * 47^1,0,"19,41",
3463199999,2,"2,3,5,7,13,17,23,31,37",2^8 * 3^2 * 5^5 * 7^5 * 13^1 * 17^2 * 23^1 * 31^1 * 37^1,0,"11,19,29,41,43,47",
11214979424,2,"2,3,5,11,13,17,19,37,43",2^5 * 3^2 * 5^2 * 11^1 * 13^2 * 17^1 * 19^3 * 37^4 * 43^1,0,"7,23,29,31,41,47",
18184252800,2,"2,3,5,7,11,13,23,29,31,41,43",2^7 * 3^1 * 5^2 * 7^2 * 11^2 * 13^2 * 23^2 * 29^1 * 31^1 * 41^2 * 43^1,0,"17,19,37,47",
18487252224,2,"2,3,5,7,13,17,19,23,29,31,47",2^8 * 3^2 * 5^2 * 7^1 * 13^2 * 17^1 * 19^2 * 23^1 * 29^3 * 31^1 * 47^1,0,"11,37,41,43",
37060485120,2,"2,3,5,11,23,31,37,43,47",2^13 * 3^3 * 5^1 * 11^4 * 23^1 * 31^1 * 37^2 * 43^2 * 47^1,0,"7,13,17,19,29,41",
45105689160,2,"2,3,5,7,13,17,19,23,31,37,41",2^3 * 3^5 * 5^1 * 7^1 * 13^2 * 17^2 * 19^1 * 23^1 * 31^4 * 37^1 * 41^1,0,"11,29,43,47",
63927525375,2,"2,3,5,7,11,13,23,41",2^13 * 3^3 * 5^3 * 7^7 * 11^4 * 13^1 * 23^1 * 41^1,0,"17,19,29,31,37,43,47",
192459125000,2,"2,3,5,11,13,17,31,37,41,47",2^3 * 3^1 * 5^6 * 11^2 * 13^1 * 17^1 * 31^3 * 37^2 * 41^1 * 47^2,0,"7,19,23,29,43",
284582707199,2,"2,3,5,7,11,17,19,29,31,41,43,47",2^15 * 3^2 * 5^2 * 7^3 * 11^3 * 17^1 * 19^1 * 29^1 * 31^1 * 41^1 * 43^1 * 47^1,0,"13,23,37",
421138799639,2,"2,3,5,13,17,19,23,31,37,41,43",2^3 * 3^5 * 5^1 * 13^4 * 17^1 * 19^1 * 23^2 * 31^1 * 37^1 * 41^1 * 43^3,0,"7,11,29,47",
1109496723125,2,"2,3,5,7,11,17,19,23,29,31,41,43,47",2^1 * 3^1 * 5^4 * 7^1 * 11^2 * 17^1 * 19^2 * 23^1 * 29^2 * 31^2 * 41^2 * 43^1 * 47^1,0,"13,37",
