m,r,Nr_prime_support,Nr_factorization,pi_complete_order_omega,missing_from_target_support,extra_primes
1,2,2,2^1,0,"3,5,7,11,13,17,19,23,29,31,37,41,43",
2,2,"2,3",2^1 * 3^1,0,"5,7,11,13,17,19,23,29,31,37,41,43",
3,2,"2,3",2^2 * 3^1,0,"5,7,11,13,17,19,23,29,31,37,41,43",
4,2,"2,5",2^2 * 5^1,0,"3,7,11,13,17,19,23,29,31,37,41,43",
5,2,"2,3,5",2^1 * 3^1 * 5^1,0,"7,11,13,17,19,23,29,31,37,41,43",
6,2,"2,3,7",2^1 * 3^1 * 7^1,0,"5,11,13,17,19,23,29,31,37,41,43",
7,2,"2,7",2^3 * 7^1,0,"3,5,11,13,17,19,23,29,31,37,41,43",
8,2,"2,3",2^3 * 3^2,0,"5,7,11,13,17,19,23,29,31,37,41,43",
9,2,"2,3,5",2^1 * 3^2 * 5^1,0,"7,11,13,17,19,23,29,31,37,41,43",
10,2,"2,5,11",2^1 * 5^1 * 11^1,0,"3,7,13,17,19,23,29,31,37,41,43",
11,2,"2,3,11",2^2 * 3^1 * 11^1,0,"5,7,13,17,19,23,29,31,37,41,43",
12,2,"2,3,13",2^2 * 3^1 * 13^1,0,"5,7,11,17,19,23,29,31,37,41,43",
13,2,"2,7,13",2^1 * 7^1 * 13^1,0,"3,5,11,17,19,23,29,31,37,41,43",
14,2,"2,3,5,7",2^1 * 3^1 * 5^1 * 7^1,0,"11,13,17,19,23,29,31,37,41,43",
15,2,"2,3,5",2^4 * 3^1 * 5^1,0,"7,11,13,17,19,23,29,31,37,41,43",
16,2,"2,17",2^4 * 17^1,0,"3,5,7,11,13,19,23,29,31,37,41,43",
17,2,"2,3,17",2^1 * 3^2 * 17^1,0,"5,7,11,13,19,23,29,31,37,41,43",
18,2,"2,3,19",2^1 * 3^2 * 19^1,0,"5,7,11,13,17,23,29,31,37,41,43",
19,2,"2,5,19",2^2 * 5^1 * 19^1,0,"3,7,11,13,17,23,29,31,37,41,43",
20,2,"2,3,5,7",2^2 * 3^1 * 5^1 * 7^1,0,"11,13,17,19,23,29,31,37,41,43",
21,2,"2,3,7,11",2^1 * 3^1 * 7^1 * 11^1,0,"5,13,17,19,23,29,31,37,41,43",
22,2,"2,11,23",2^1 * 11^1 * 23^1,0,"3,5,7,13,17,19,29,31,37,41,43",
23,2,"2,3,23",2^3 * 3^1 * 23^1,0,"5,7,11,13,17,19,29,31,37,41,43",
24,2,"2,3,5",2^3 * 3^1 * 5^2,0,"7,11,13,17,19,23,29,31,37,41,43",
25,2,"2,5,13",2^1 * 5^2 * 13^1,0,"3,7,11,17,19,23,29,31,37,41,43",
26,2,"2,3,13",2^1 * 3^3 * 13^1,0,"5,7,11,17,19,23,29,31,37,41,43",
27,2,"2,3,7",2^2 * 3^3 * 7^1,0,"5,11,13,17,19,23,29,31,37,41,43",
28,2,"2,7,29",2^2 * 7^1 * 29^1,0,"3,5,11,13,17,19,23,31,37,41,43",
29,2,"2,3,5,29",2^1 * 3^1 * 5^1 * 29^1,0,"7,11,13,17,19,23,31,37,41,43",
30,2,"2,3,5,31",2^1 * 3^1 * 5^1 * 31^1,0,"7,11,13,17,19,23,29,37,41,43",
31,2,"2,31",2^5 * 31^1,0,"3,5,7,11,13,17,19,23,29,37,41,43",
32,2,"2,3,11",2^5 * 3^1 * 11^1,0,"5,7,13,17,19,23,29,31,37,41,43",
33,2,"2,3,11,17",2^1 * 3^1 * 11^1 * 17^1,0,"5,7,13,19,23,29,31,37,41,43",
34,2,"2,5,7,17",2^1 * 5^1 * 7^1 * 17^1,0,"3,11,13,19,23,29,31,37,41,43",
35,2,"2,3,5,7",2^2 * 3^2 * 5^1 * 7^1,0,"11,13,17,19,23,29,31,37,41,43",
36,2,"2,3,37",2^2 * 3^2 * 37^1,0,"5,7,11,13,17,19,23,29,31,41,43",
37,2,"2,19,37",2^1 * 19^1 * 37^1,0,"3,5,7,11,13,17,23,29,31,41,43",
38,2,"2,3,13,19",2^1 * 3^1 * 13^1 * 19^1,0,"5,7,11,17,23,29,31,37,41,43",
39,2,"2,3,5,13",2^3 * 3^1 * 5^1 * 13^1,0,"7,11,17,19,23,29,31,37,41,43",
40,2,"2,5,41",2^3 * 5^1 * 41^1,0,"3,7,11,13,17,19,23,29,31,37,43",
41,2,"2,3,7,41",2^1 * 3^1 * 7^1 * 41^1,0,"5,11,13,17,19,23,29,31,37,43",
42,2,"2,3,7,43",2^1 * 3^1 * 7^1 * 43^1,0,"5,11,13,17,19,23,29,31,37,41",
43,2,"2,11,43",2^2 * 11^1 * 43^1,0,"3,5,7,13,17,19,23,29,31,37,41",
44,2,"2,3,5,11",2^2 * 3^2 * 5^1 * 11^1,0,"7,13,17,19,23,29,31,37,41,43",
45,2,"2,3,5,23",2^1 * 3^2 * 5^1 * 23^1,0,"7,11,13,17,19,29,31,37,41,43",
48,2,"2,3,7",2^4 * 3^1 * 7^2,0,"5,11,13,17,19,23,29,31,37,41,43",
49,2,"2,5,7",2^1 * 5^2 * 7^2,0,"3,11,13,17,19,23,29,31,37,41,43",
50,2,"2,3,5,17",2^1 * 3^1 * 5^2 * 17^1,0,"7,11,13,19,23,29,31,37,41,43",
51,2,"2,3,13,17",2^2 * 3^1 * 13^1 * 17^1,0,"5,7,11,19,23,29,31,37,41,43",
54,2,"2,3,5,11",2^1 * 3^3 * 5^1 * 11^1,0,"7,13,17,19,23,29,31,37,41,43",
55,2,"2,5,7,11",2^3 * 5^1 * 7^1 * 11^1,0,"3,13,17,19,23,29,31,37,41,43",
56,2,"2,3,7,19",2^3 * 3^1 * 7^1 * 19^1,0,"5,11,13,17,23,29,31,37,41,43",
57,2,"2,3,19,29",2^1 * 3^1 * 19^1 * 29^1,0,"5,7,11,13,17,23,31,37,41,43",
62,2,"2,3,7,31",2^1 * 3^2 * 7^1 * 31^1,0,"5,11,13,17,19,23,29,37,41,43",
63,2,"2,3,7",2^6 * 3^2 * 7^1,0,"5,11,13,17,19,23,29,31,37,41,43",
64,2,"2,5,13",2^6 * 5^1 * 13^1,0,"3,7,11,17,19,23,29,31,37,41,43",
65,2,"2,3,5,11,13",2^1 * 3^1 * 5^1 * 11^1 * 13^1,0,"7,17,19,23,29,31,37,41,43",
68,2,"2,3,17,23",2^2 * 3^1 * 17^1 * 23^1,0,"5,7,11,13,19,29,31,37,41,43",
69,2,"2,3,5,7,23",2^1 * 3^1 * 5^1 * 7^1 * 23^1,0,"11,13,17,19,29,31,37,41,43",
74,2,"2,3,5,37",2^1 * 3^1 * 5^2 * 37^1,0,"7,11,13,17,19,23,29,31,41,43",
75,2,"2,3,5,19",2^2 * 3^1 * 5^2 * 19^1,0,"7,11,13,17,23,29,31,37,41,43",
76,2,"2,7,11,19",2^2 * 7^1 * 11^1 * 19^1,0,"3,5,13,17,23,29,31,37,41,43",
77,2,"2,3,7,11,13",2^1 * 3^1 * 7^1 * 11^1 * 13^1,0,"5,17,19,23,29,31,37,41,43",
80,2,"2,3,5",2^4 * 3^4 * 5^1,0,"7,11,13,17,19,23,29,31,37,41,43",
81,2,"2,3,41",2^1 * 3^4 * 41^1,0,"5,7,11,13,17,19,23,29,31,37,43",
84,2,"2,3,5,7,17",2^2 * 3^1 * 5^1 * 7^1 * 17^1,0,"11,13,19,23,29,31,37,41,43",
85,2,"2,5,17,43",2^1 * 5^1 * 17^1 * 43^1,0,"3,7,11,13,19,23,29,31,37,41",
86,2,"2,3,29,43",2^1 * 3^1 * 29^1 * 43^1,0,"5,7,11,13,17,19,23,31,37,41",
87,2,"2,3,11,29",2^3 * 3^1 * 11^1 * 29^1,0,"5,7,13,17,19,23,31,37,41,43",
90,2,"2,3,5,7,13",2^1 * 3^2 * 5^1 * 7^1 * 13^1,0,"11,17,19,23,29,31,37,41,43",
91,2,"2,7,13,23",2^2 * 7^1 * 13^1 * 23^1,0,"3,5,11,17,19,29,31,37,41,43",
92,2,"2,3,23,31",2^2 * 3^1 * 23^1 * 31^1,0,"5,7,11,13,17,19,29,37,41,43",
95,2,"2,3,5,19",2^5 * 3^1 * 5^1 * 19^1,0,"7,11,13,17,23,29,31,37,41,43",
98,2,"2,3,7,11",2^1 * 3^2 * 7^2 * 11^1,0,"5,13,17,19,23,29,31,37,41,43",
99,2,"2,3,5,11",2^2 * 3^2 * 5^2 * 11^1,0,"7,13,17,19,23,29,31,37,41,43",
104,2,"2,3,5,7,13",2^3 * 3^1 * 5^1 * 7^1 * 13^1,0,"11,17,19,23,29,31,37,41,43",
110,2,"2,3,5,11,37",2^1 * 3^1 * 5^1 * 11^1 * 37^1,0,"7,13,17,19,23,29,31,41,43",
111,2,"2,3,7,37",2^4 * 3^1 * 7^1 * 37^1,0,"5,11,13,17,19,23,29,31,41,43",
114,2,"2,3,5,19,23",2^1 * 3^1 * 5^1 * 19^1 * 23^1,0,"7,11,13,17,29,31,37,41,43",
115,2,"2,5,23,29",2^2 * 5^1 * 23^1 * 29^1,0,"3,7,11,13,17,19,31,37,41,43",
116,2,"2,3,13,29",2^2 * 3^2 * 13^1 * 29^1,0,"5,7,11,17,19,23,31,37,41,43",
119,2,"2,3,5,7,17",2^3 * 3^1 * 5^1 * 7^1 * 17^1,0,"11,13,19,23,29,31,37,41,43",
120,2,"2,3,5,11",2^3 * 3^1 * 5^1 * 11^2,0,"7,13,17,19,23,29,31,37,41,43",
123,2,"2,3,31,41",2^2 * 3^1 * 31^1 * 41^1,0,"5,7,11,13,17,19,23,29,37,43",
124,2,"2,5,31",2^2 * 5^3 * 31^1,0,"3,7,11,13,17,19,23,29,37,41,43",
125,2,"2,3,5,7",2^1 * 3^2 * 5^3 * 7^1,0,"11,13,17,19,23,29,31,37,41,43",
128,2,"2,3,43",2^7 * 3^1 * 43^1,0,"5,7,11,13,17,19,23,29,31,37,41",
129,2,"2,3,5,13,43",2^1 * 3^1 * 5^1 * 13^1 * 43^1,0,"7,11,17,19,23,29,31,37,41",
132,2,"2,3,7,11,19",2^2 * 3^1 * 7^1 * 11^1 * 19^1,0,"5,13,17,23,29,31,37,41,43",
135,2,"2,3,5,17",2^3 * 3^3 * 5^1 * 17^1,0,"7,11,13,19,23,29,31,37,41,43",
143,2,"2,3,11,13",2^4 * 3^2 * 11^1 * 13^1,0,"5,7,17,19,23,29,31,37,41,43",
144,2,"2,3,5,29",2^4 * 3^2 * 5^1 * 29^1,0,"7,11,13,17,19,23,31,37,41,43",
147,2,"2,3,7,37",2^2 * 3^1 * 7^2 * 37^1,0,"5,11,13,17,19,23,29,31,41,43",
152,2,"2,3,17,19",2^3 * 3^2 * 17^1 * 19^1,0,"5,7,11,13,23,29,31,37,41,43",
153,2,"2,3,7,11,17",2^1 * 3^2 * 7^1 * 11^1 * 17^1,0,"5,13,19,23,29,31,37,41,43",
154,2,"2,5,7,11,31",2^1 * 5^1 * 7^1 * 11^1 * 31^1,0,"3,13,17,19,23,29,37,41,43",
155,2,"2,3,5,13,31",2^2 * 3^1 * 5^1 * 13^1 * 31^1,0,"7,11,17,19,23,29,37,41,43",
160,2,"2,5,7,23",2^5 * 5^1 * 7^1 * 23^1,0,"3,11,13,17,19,29,31,37,41,43",
161,2,"2,3,7,23",2^1 * 3^4 * 7^1 * 23^1,0,"5,11,13,17,19,29,31,37,41,43",
164,2,"2,3,5,11,41",2^2 * 3^1 * 5^1 * 11^1 * 41^1,0,"7,13,17,19,23,29,31,37,43",
168,2,"2,3,7,13",2^3 * 3^1 * 7^1 * 13^2,0,"5,11,17,19,23,29,31,37,41,43",
169,2,"2,5,13,17",2^1 * 5^1 * 13^2 * 17^1,0,"3,7,11,19,23,29,31,37,41,43",
170,2,"2,3,5,17,19",2^1 * 3^2 * 5^1 * 17^1 * 19^1,0,"7,11,13,23,29,31,37,41,43",
171,2,"2,3,19,43",2^2 * 3^2 * 19^1 * 43^1,0,"5,7,11,13,17,23,29,31,37,41",
174,2,"2,3,5,7,29",2^1 * 3^1 * 5^2 * 7^1 * 29^1,0,"11,13,17,19,23,31,37,41,43",
175,2,"2,5,7,11",2^4 * 5^2 * 7^1 * 11^1,0,"3,13,17,19,23,29,31,37,41,43",
184,2,"2,5,23,37",2^3 * 5^1 * 23^1 * 37^1,0,"3,7,11,13,17,19,29,31,41,43",
185,2,"2,3,5,31,37",2^1 * 3^1 * 5^1 * 31^1 * 37^1,0,"7,11,13,17,19,23,29,41,43",
186,2,"2,3,11,17,31",2^1 * 3^1 * 11^1 * 17^1 * 31^1,0,"5,7,13,19,23,29,37,41,43",
189,2,"2,3,5,7,19",2^1 * 3^3 * 5^1 * 7^1 * 19^1,0,"11,13,17,23,29,31,37,41,43",
195,2,"2,3,5,7,13",2^2 * 3^1 * 5^1 * 7^2 * 13^1,0,"11,17,19,23,29,31,37,41,43",
203,2,"2,3,7,17,29",2^2 * 3^1 * 7^1 * 17^1 * 29^1,0,"5,11,13,19,23,31,37,41,43",
204,2,"2,3,5,17,41",2^2 * 3^1 * 5^1 * 17^1 * 41^1,0,"7,11,13,19,23,29,31,37,43",
207,2,"2,3,13,23",2^4 * 3^2 * 13^1 * 23^1,0,"5,7,11,17,19,29,31,37,41,43",
208,2,"2,11,13,19",2^4 * 11^1 * 13^1 * 19^1,0,"3,5,7,17,23,29,31,37,41,43",
209,2,"2,3,5,7,11,19",2^1 * 3^1 * 5^1 * 7^1 * 11^1 * 19^1,0,"13,17,23,29,31,37,41,43",
215,2,"2,3,5,43",2^3 * 3^3 * 5^1 * 43^1,0,"7,11,13,17,19,23,29,31,37,41",
216,2,"2,3,7,31",2^3 * 3^3 * 7^1 * 31^1,0,"5,11,13,17,19,23,29,37,41,43",
220,2,"2,5,11,13,17",2^2 * 5^1 * 11^1 * 13^1 * 17^1,0,"3,7,19,23,29,31,37,41,43",
221,2,"2,3,13,17,37",2^1 * 3^1 * 13^1 * 17^1 * 37^1,0,"5,7,11,19,23,29,31,41,43",
224,2,"2,3,5,7",2^5 * 3^2 * 5^2 * 7^1,0,"11,13,17,19,23,29,31,37,41,43",
230,2,"2,3,5,7,11,23",2^1 * 3^1 * 5^1 * 7^1 * 11^1 * 23^1,0,"13,17,19,29,31,37,41,43",
231,2,"2,3,7,11,29",2^3 * 3^1 * 7^1 * 11^1 * 29^1,0,"5,13,17,19,23,31,37,41,43",
242,2,"2,3,11",2^1 * 3^5 * 11^2,0,"5,7,13,17,19,23,29,31,37,41,43",
245,2,"2,3,5,7,41",2^1 * 3^1 * 5^1 * 7^2 * 41^1,0,"11,13,17,19,23,29,31,37,43",
246,2,"2,3,13,19,41",2^1 * 3^1 * 13^1 * 19^1 * 41^1,0,"5,7,11,17,23,29,31,37,43",
247,2,"2,13,19,31",2^3 * 13^1 * 19^1 * 31^1,0,"3,5,7,11,17,23,29,37,41,43",
252,2,"2,3,7,11,23",2^2 * 3^2 * 7^1 * 11^1 * 23^1,0,"5,13,17,19,29,31,37,41,43",
255,2,"2,3,5,17",2^8 * 3^1 * 5^1 * 17^1,0,"7,11,13,19,23,29,31,37,41,43",
258,2,"2,3,7,37,43",2^1 * 3^1 * 7^1 * 37^1 * 43^1,0,"5,11,13,17,19,23,29,31,41",
259,2,"2,5,7,13,37",2^2 * 5^1 * 7^1 * 13^1 * 37^1,0,"3,11,17,19,23,29,31,41,43",
260,2,"2,3,5,13,29",2^2 * 3^2 * 5^1 * 13^1 * 29^1,0,"7,11,17,19,23,31,37,41,43",
272,2,"2,3,7,13,17",2^4 * 3^1 * 7^1 * 13^1 * 17^1,0,"5,11,19,23,29,31,37,41,43",
275,2,"2,3,5,11,23",2^2 * 3^1 * 5^2 * 11^1 * 23^1,0,"7,13,17,19,29,31,37,41,43",
279,2,"2,3,5,7,31",2^3 * 3^2 * 5^1 * 7^1 * 31^1,0,"11,13,17,19,23,29,37,41,43",
285,2,"2,3,5,11,13,19",2^1 * 3^1 * 5^1 * 11^1 * 13^1 * 19^1,0,"7,17,23,29,31,37,41,43",
286,2,"2,7,11,13,41",2^1 * 7^1 * 11^1 * 13^1 * 41^1,0,"3,5,17,19,23,29,31,37,43",
287,2,"2,3,7,41",2^5 * 3^2 * 7^1 * 41^1,0,"5,11,13,17,19,23,29,31,37,43",
288,2,"2,3,17",2^5 * 3^2 * 17^2,0,"5,7,11,13,19,23,29,31,37,41,43",
289,2,"2,5,17,29",2^1 * 5^1 * 17^2 * 29^1,0,"3,7,11,13,19,23,31,37,41,43",
296,2,"2,3,11,37",2^3 * 3^3 * 11^1 * 37^1,0,"5,7,13,17,19,23,29,31,41,43",
299,2,"2,3,5,13,23",2^2 * 3^1 * 5^2 * 13^1 * 23^1,0,"7,11,17,19,29,31,37,41,43",
300,2,"2,3,5,7,43",2^2 * 3^1 * 5^2 * 7^1 * 43^1,0,"11,13,17,19,23,29,31,37,41",
319,2,"2,5,11,29",2^6 * 5^1 * 11^1 * 29^1,0,"3,7,13,17,19,23,31,37,41,43",
322,2,"2,7,17,19,23",2^1 * 7^1 * 17^1 * 19^1 * 23^1,0,"3,5,11,13,29,31,37,41,43",
323,2,"2,3,17,19",2^2 * 3^4 * 17^1 * 19^1,0,"5,7,11,13,23,29,31,37,41,43",
324,2,"2,3,5,13",2^2 * 3^4 * 5^2 * 13^1,0,"7,11,17,19,23,29,31,37,41,43",
340,2,"2,5,11,17,31",2^2 * 5^1 * 11^1 * 17^1 * 31^1,0,"3,7,13,19,23,29,37,41,43",
341,2,"2,3,11,19,31",2^1 * 3^2 * 11^1 * 19^1 * 31^1,0,"5,7,13,17,23,29,37,41,43",
342,2,"2,3,7,19",2^1 * 3^2 * 7^3 * 19^1,0,"5,11,13,17,23,29,31,37,41,43",
343,2,"2,7,43",2^3 * 7^3 * 43^1,0,"3,5,11,13,17,19,23,29,31,37,41",
344,2,"2,3,5,23,43",2^3 * 3^1 * 5^1 * 23^1 * 43^1,0,"7,11,13,17,19,29,31,37,41",
350,2,"2,3,5,7,13",2^1 * 3^3 * 5^2 * 7^1 * 13^1,0,"11,17,19,23,29,31,37,41,43",
351,2,"2,3,11,13",2^5 * 3^3 * 11^1 * 13^1,0,"5,7,17,19,23,29,31,37,41,43",
360,2,"2,3,5,19",2^3 * 3^2 * 5^1 * 19^2,0,"7,11,13,17,23,29,31,37,41,43",
363,2,"2,3,7,11,13",2^2 * 3^1 * 7^1 * 11^2 * 13^1,0,"5,17,19,23,29,31,37,41,43",
368,2,"2,3,23,41",2^4 * 3^2 * 23^1 * 41^1,0,"5,7,11,13,17,19,29,31,37,43",
369,2,"2,3,5,37,41",2^1 * 3^2 * 5^1 * 37^1 * 41^1,0,"7,11,13,17,19,23,29,31,43",
374,2,"2,3,5,11,17",2^1 * 3^1 * 5^3 * 11^1 * 17^1,0,"7,13,19,23,29,31,37,41,43",
377,2,"2,3,7,13,29",2^1 * 3^3 * 7^1 * 13^1 * 29^1,0,"5,11,17,19,23,31,37,41,43",
384,2,"2,3,5,7,11",2^7 * 3^1 * 5^1 * 7^1 * 11^1,0,"13,17,19,23,29,31,37,41,43",
390,2,"2,3,5,13,17,23",2^1 * 3^1 * 5^1 * 13^1 * 17^1 * 23^1,0,"7,11,19,29,31,37,41,43",
391,2,"2,7,17,23",2^3 * 7^2 * 17^1 * 23^1,0,"3,5,11,13,19,29,31,37,41,43",
399,2,"2,3,5,7,19",2^4 * 3^1 * 5^2 * 7^1 * 19^1,0,"11,13,17,23,29,31,37,41,43",
405,2,"2,3,5,7,29",2^1 * 3^4 * 5^1 * 7^1 * 29^1,0,"11,13,17,19,23,31,37,41,43",
406,2,"2,7,11,29,37",2^1 * 7^1 * 11^1 * 29^1 * 37^1,0,"3,5,13,17,19,23,31,41,43",
407,2,"2,3,11,17,37",2^3 * 3^1 * 11^1 * 17^1 * 37^1,0,"5,7,13,19,23,29,31,41,43",
429,2,"2,3,5,11,13,43",2^1 * 3^1 * 5^1 * 11^1 * 13^1 * 43^1,0,"7,17,19,23,29,31,37,41",
434,2,"2,3,5,7,29,31",2^1 * 3^1 * 5^1 * 7^1 * 29^1 * 31^1,0,"11,13,17,19,23,37,41,43",
440,2,"2,3,5,7,11",2^3 * 3^2 * 5^1 * 7^2 * 11^1,0,"13,17,19,23,29,31,37,41,43",
441,2,"2,3,7,13,17",2^1 * 3^2 * 7^2 * 13^1 * 17^1,0,"5,11,19,23,29,31,37,41,43",
450,2,"2,3,5,11,41",2^1 * 3^2 * 5^2 * 11^1 * 41^1,0,"7,13,17,19,23,29,31,37,43",
455,2,"2,3,5,7,13,19",2^3 * 3^1 * 5^1 * 7^1 * 13^1 * 19^1,0,"11,17,23,29,31,37,41,43",
459,2,"2,3,5,17,23",2^2 * 3^3 * 5^1 * 17^1 * 23^1,0,"7,11,13,19,29,31,37,41,43",
464,2,"2,3,5,29,31",2^4 * 3^1 * 5^1 * 29^1 * 31^1,0,"7,11,13,17,19,23,37,41,43",
475,2,"2,5,7,17,19",2^2 * 5^2 * 7^1 * 17^1 * 19^1,0,"3,11,13,23,29,31,37,41,43",
480,2,"2,3,5,13,37",2^5 * 3^1 * 5^1 * 13^1 * 37^1,0,"7,11,17,19,23,29,31,41,43",
483,2,"2,3,7,11,23",2^2 * 3^1 * 7^1 * 11^2 * 23^1,0,"5,13,17,19,29,31,37,41,43",
492,2,"2,3,17,29,41",2^2 * 3^1 * 17^1 * 29^1 * 41^1,0,"5,7,11,13,19,23,31,37,43",
493,2,"2,13,17,19,29",2^1 * 13^1 * 17^1 * 19^1 * 29^1,0,"3,5,7,11,23,31,37,41,43",
494,2,"2,3,5,11,13,19",2^1 * 3^2 * 5^1 * 11^1 * 13^1 * 19^1,0,"7,17,23,29,31,37,41,43",
495,2,"2,3,5,11,31",2^4 * 3^2 * 5^1 * 11^1 * 31^1,0,"7,13,17,19,23,29,37,41,43",
506,2,"2,3,11,13,23",2^1 * 3^1 * 11^1 * 13^2 * 23^1,0,"5,7,17,19,29,31,37,41,43",
512,2,"2,3,19",2^9 * 3^3 * 19^1,0,"5,7,11,13,17,23,29,31,37,41,43",
527,2,"2,3,11,17,31",2^4 * 3^1 * 11^1 * 17^1 * 31^1,0,"5,7,13,19,23,29,37,41,43",
528,2,"2,3,11,23",2^4 * 3^1 * 11^1 * 23^2,0,"5,7,13,17,19,29,31,37,41,43",
532,2,"2,7,13,19,41",2^2 * 7^1 * 13^1 * 19^1 * 41^1,0,"3,5,11,17,23,29,31,37,43",
539,2,"2,3,5,7,11",2^2 * 3^3 * 5^1 * 7^2 * 11^1,0,"13,17,19,23,29,31,37,41,43",
550,2,"2,5,11,19,29",2^1 * 5^2 * 11^1 * 19^1 * 29^1,0,"3,7,13,17,23,31,37,41,43",
551,2,"2,3,19,23,29",2^3 * 3^1 * 19^1 * 23^1 * 29^1,0,"5,7,11,13,17,31,37,41,43",
558,2,"2,3,13,31,43",2^1 * 3^2 * 13^1 * 31^1 * 43^1,0,"5,7,11,17,19,23,29,37,41",
559,2,"2,5,7,13,43",2^4 * 5^1 * 7^1 * 13^1 * 43^1,0,"3,11,17,19,23,29,31,37,41",
560,2,"2,3,5,7,11,17",2^4 * 3^1 * 5^1 * 7^1 * 11^1 * 17^1,0,"13,19,23,29,31,37,41,43",
574,2,"2,5,7,23,41",2^1 * 5^2 * 7^1 * 23^1 * 41^1,0,"3,11,13,17,19,29,31,37,43",
575,2,"2,3,5,23",2^6 * 3^2 * 5^2 * 23^1,0,"7,11,13,17,19,29,31,37,41,43",
588,2,"2,3,7,19,31",2^2 * 3^1 * 7^2 * 19^1 * 31^1,0,"5,11,13,17,23,29,37,41,43",
594,2,"2,3,5,7,11,17",2^1 * 3^3 * 5^1 * 7^1 * 11^1 * 17^1,0,"13,19,23,29,31,37,41,43",
608,2,"2,3,7,19,29",2^5 * 3^1 * 7^1 * 19^1 * 29^1,0,"5,11,13,17,23,31,37,41,43",
615,2,"2,3,5,7,11,41",2^3 * 3^1 * 5^1 * 7^1 * 11^1 * 41^1,0,"13,17,19,23,29,31,37,43",
620,2,"2,3,5,23,31",2^2 * 3^3 * 5^1 * 23^1 * 31^1,0,"7,11,13,17,19,29,37,41,43",
624,2,"2,3,5,13",2^4 * 3^1 * 5^4 * 13^1,0,"7,11,17,19,23,29,31,37,41,43",
629,2,"2,3,5,7,17,37",2^1 * 3^2 * 5^1 * 7^1 * 17^1 * 37^1,0,"11,13,19,23,29,31,41,43",
637,2,"2,7,11,13,29",2^1 * 7^2 * 11^1 * 13^1 * 29^1,0,"3,5,17,19,23,31,37,41,43",
644,2,"2,3,5,7,23,43",2^2 * 3^1 * 5^1 * 7^1 * 23^1 * 43^1,0,"11,13,17,19,29,31,37,41",
645,2,"2,3,5,17,19,43",2^1 * 3^1 * 5^1 * 17^1 * 19^1 * 43^1,0,"7,11,13,23,29,31,37,41",
650,2,"2,3,5,7,13,31",2^1 * 3^1 * 5^2 * 7^1 * 13^1 * 31^1,0,"11,17,19,23,29,37,41,43",
665,2,"2,3,5,7,19,37",2^1 * 3^2 * 5^1 * 7^1 * 19^1 * 37^1,0,"11,13,17,23,29,31,41,43",
666,2,"2,3,23,29,37",2^1 * 3^2 * 23^1 * 29^1 * 37^1,0,"5,7,11,13,17,19,31,41,43",
675,2,"2,3,5,13",2^2 * 3^3 * 5^2 * 13^2,0,"7,11,17,19,23,29,31,37,41,43",
696,2,"2,3,17,29,41",2^3 * 3^1 * 17^1 * 29^1 * 41^1,0,"5,7,11,13,19,23,31,37,43",
702,2,"2,3,13,19,37",2^1 * 3^3 * 13^1 * 19^1 * 37^1,0,"5,7,11,17,23,29,31,41,43",
703,2,"2,11,19,37",2^6 * 11^1 * 19^1 * 37^1,0,"3,5,7,13,17,23,29,31,41,43",
713,2,"2,3,7,17,23,31",2^1 * 3^1 * 7^1 * 17^1 * 23^1 * 31^1,0,"5,11,13,19,29,37,41,43",
714,2,"2,3,5,7,11,13,17",2^1 * 3^1 * 5^1 * 7^1 * 11^1 * 13^1 * 17^1,0,"19,23,29,31,37,41,43",
725,2,"2,3,5,11,29",2^1 * 3^1 * 5^2 * 11^2 * 29^1,0,"7,13,17,19,23,31,37,41,43",
728,2,"2,3,7,13",2^3 * 3^6 * 7^1 * 13^1,0,"5,11,17,19,23,29,31,37,41,43",
735,2,"2,3,5,7,23",2^5 * 3^1 * 5^1 * 7^2 * 23^1,0,"11,13,17,19,29,31,37,41,43",
740,2,"2,3,5,13,19,37",2^2 * 3^1 * 5^1 * 13^1 * 19^1 * 37^1,0,"7,11,17,23,29,31,41,43",
759,2,"2,3,5,11,19,23",2^3 * 3^1 * 5^1 * 11^1 * 19^1 * 23^1,0,"7,13,17,29,31,37,41,43",
774,2,"2,3,5,31,43",2^1 * 3^2 * 5^2 * 31^1 * 43^1,0,"7,11,13,17,19,23,29,37,41",
779,2,"2,3,5,13,19,41",2^2 * 3^1 * 5^1 * 13^1 * 19^1 * 41^1,0,"7,11,17,23,29,31,37,43",
782,2,"2,3,17,23,29",2^1 * 3^3 * 17^1 * 23^1 * 29^1,0,"5,7,11,13,19,31,37,41,43",
783,2,"2,3,7,29",2^4 * 3^3 * 7^2 * 29^1,0,"5,11,13,17,19,23,31,37,41,43",
805,2,"2,5,7,13,23,31",2^1 * 5^1 * 7^1 * 13^1 * 23^1 * 31^1,0,"3,11,17,19,29,37,41,43",
816,2,"2,3,17,19,43",2^4 * 3^1 * 17^1 * 19^1 * 43^1,0,"5,7,11,13,23,29,31,37,41",
819,2,"2,3,5,7,13,41",2^2 * 3^2 * 5^1 * 7^1 * 13^1 * 41^1,0,"11,17,19,23,29,31,37,43",
832,2,"2,7,13,17",2^6 * 7^2 * 13^1 * 17^1,0,"3,5,11,19,23,29,31,37,41,43",
836,2,"2,3,11,19,31",2^2 * 3^3 * 11^1 * 19^1 * 31^1,0,"5,7,13,17,23,29,37,41,43",
840,2,"2,3,5,7,29",2^3 * 3^1 * 5^1 * 7^1 * 29^2,0,"11,13,17,19,23,31,37,41,43",
850,2,"2,5,17,23,37",2^1 * 5^2 * 17^1 * 23^1 * 37^1,0,"3,7,11,13,19,29,31,41,43",
860,2,"2,3,5,7,41,43",2^2 * 3^1 * 5^1 * 7^1 * 41^1 * 43^1,0,"11,13,17,19,23,29,31,37",
867,2,"2,3,7,17,31",2^2 * 3^1 * 7^1 * 17^2 * 31^1,0,"5,11,13,19,23,29,37,41,43",
874,2,"2,5,7,19,23",2^1 * 5^3 * 7^1 * 19^1 * 23^1,0,"3,11,13,17,29,31,37,41,43",
896,2,"2,3,7,13,23",2^7 * 3^1 * 7^1 * 13^1 * 23^1,0,"5,11,17,19,29,31,37,41,43",
899,2,"2,3,5,29,31",2^2 * 3^2 * 5^2 * 29^1 * 31^1,0,"7,11,13,17,19,23,37,41,43",
902,2,"2,3,7,11,41,43",2^1 * 3^1 * 7^1 * 11^1 * 41^1 * 43^1,0,"5,13,17,19,23,29,31,37",
924,2,"2,3,5,7,11,37",2^2 * 3^1 * 5^2 * 7^1 * 11^1 * 37^1,0,"13,17,19,23,29,31,41,43",
930,2,"2,3,5,7,19,31",2^1 * 3^1 * 5^1 * 7^2 * 19^1 * 31^1,0,"11,13,17,23,29,37,41,43",
935,2,"2,3,5,11,13,17",2^3 * 3^2 * 5^1 * 11^1 * 13^1 * 17^1,0,"7,19,23,29,31,37,41,43",
945,2,"2,3,5,7,11,43",2^1 * 3^3 * 5^1 * 7^1 * 11^1 * 43^1,0,"13,17,19,23,29,31,37,41",
960,2,"2,3,5,31",2^6 * 3^1 * 5^1 * 31^2,0,"7,11,13,17,19,23,29,37,41,43",
961,2,"2,13,31,37",2^1 * 13^1 * 31^2 * 37^1,0,"3,5,7,11,17,19,23,29,41,43",
968,2,"2,3,11,17,19",2^3 * 3^1 * 11^2 * 17^1 * 19^1,0,"5,7,13,23,29,31,37,41,43",
988,2,"2,13,19,23,43",2^2 * 13^1 * 19^1 * 23^1 * 43^1,0,"3,5,7,11,17,29,31,37,41",
989,2,"2,3,5,11,23,43",2^1 * 3^2 * 5^1 * 11^1 * 23^1 * 43^1,0,"7,13,17,19,29,31,37,41",
999,2,"2,3,5,37",2^3 * 3^3 * 5^3 * 37^1,0,"7,11,13,17,19,23,29,31,41,43",
1000,2,"2,5,7,11,13",2^3 * 5^3 * 7^1 * 11^1 * 13^1,0,"3,17,19,23,29,31,37,41,43",
1014,2,"2,3,5,7,13,29",2^1 * 3^1 * 5^1 * 7^1 * 13^2 * 29^1,0,"11,17,19,23,31,37,41,43",
1023,2,"2,3,11,31",2^10 * 3^1 * 11^1 * 31^1,0,"5,7,13,17,19,23,29,37,41,43",
1024,2,"2,5,41",2^10 * 5^2 * 41^1,0,"3,7,11,13,17,19,23,29,31,37,43",
1025,2,"2,3,5,19,41",2^1 * 3^3 * 5^2 * 19^1 * 41^1,0,"7,11,13,17,23,29,31,37,43",
1035,2,"2,3,5,7,23,37",2^2 * 3^2 * 5^1 * 7^1 * 23^1 * 37^1,0,"11,13,17,19,29,31,41,43",
1044,2,"2,3,5,11,19,29",2^2 * 3^2 * 5^1 * 11^1 * 19^1 * 29^1,0,"7,13,17,23,31,37,41,43",
1053,2,"2,3,13,17,31",2^1 * 3^4 * 13^1 * 17^1 * 31^1,0,"5,7,11,19,23,29,37,41,43",
1088,2,"2,3,11,17",2^6 * 3^2 * 11^2 * 17^1,0,"5,7,13,19,23,29,31,37,41,43",
1104,2,"2,3,5,13,17,23",2^4 * 3^1 * 5^1 * 13^1 * 17^1 * 23^1,0,"7,11,19,29,31,37,41,43",
1147,2,"2,7,31,37,41",2^2 * 7^1 * 31^1 * 37^1 * 41^1,0,"3,5,11,13,17,19,23,29,43",
1155,2,"2,3,5,7,11,17",2^2 * 3^1 * 5^1 * 7^1 * 11^1 * 17^2,0,"13,19,23,29,31,37,41,43",
1160,2,"2,3,5,29,43",2^3 * 3^3 * 5^1 * 29^1 * 43^1,0,"7,11,13,17,19,23,31,37,41",
1183,2,"2,7,13,37",2^5 * 7^1 * 13^2 * 37^1,0,"3,5,11,17,19,23,29,31,41,43",
1188,2,"2,3,11,29,41",2^2 * 3^3 * 11^1 * 29^1 * 41^1,0,"5,7,13,17,19,23,31,37,43",
1189,2,"2,5,7,17,29,41",2^1 * 5^1 * 7^1 * 17^1 * 29^1 * 41^1,0,"3,11,13,19,23,31,37,43",
1196,2,"2,3,7,13,19,23",2^2 * 3^2 * 7^1 * 13^1 * 19^1 * 23^1,0,"5,11,17,29,31,37,41,43",
1209,2,"2,3,5,11,13,31",2^1 * 3^1 * 5^1 * 11^2 * 13^1 * 31^1,0,"7,17,19,23,29,37,41,43",
1215,2,"2,3,5,19",2^6 * 3^5 * 5^1 * 19^1,0,"7,11,13,17,23,29,31,37,41,43",
1224,2,"2,3,5,7,17",2^3 * 3^2 * 5^2 * 7^2 * 17^1,0,"11,13,19,23,29,31,37,41,43",
1247,2,"2,3,13,29,43",2^5 * 3^1 * 13^1 * 29^1 * 43^1,0,"5,7,11,17,19,23,31,37,41",
1274,2,"2,3,5,7,13,17",2^1 * 3^1 * 5^2 * 7^2 * 13^1 * 17^1,0,"11,19,23,29,31,37,41,43",
1275,2,"2,3,5,11,17,29",2^2 * 3^1 * 5^2 * 11^1 * 17^1 * 29^1,0,"7,13,19,23,31,37,41,43",
1287,2,"2,3,7,11,13,23",2^3 * 3^2 * 7^1 * 11^1 * 13^1 * 23^1,0,"5,17,19,29,31,37,41,43",
1295,2,"2,3,5,7,37",2^4 * 3^4 * 5^1 * 7^1 * 37^1,0,"11,13,17,19,23,29,31,41,43",
1311,2,"2,3,19,23,41",2^5 * 3^1 * 19^1 * 23^1 * 41^1,0,"5,7,11,13,17,29,31,37,43",
1330,2,"2,5,7,11,19",2^1 * 5^1 * 7^1 * 11^3 * 19^1,0,"3,13,17,23,29,31,37,41,43",
1331,2,"2,3,11,37",2^2 * 3^2 * 11^3 * 37^1,0,"5,7,13,17,19,23,29,31,41,43",
1332,2,"2,3,31,37,43",2^2 * 3^2 * 31^1 * 37^1 * 43^1,0,"5,7,11,13,17,19,23,29,41",
1333,2,"2,23,29,31,43",2^1 * 23^1 * 29^1 * 31^1 * 43^1,0,"3,5,7,11,13,17,19,37,41",
1352,2,"2,3,11,13,41",2^3 * 3^1 * 11^1 * 13^2 * 41^1,0,"5,7,17,19,23,29,31,37,43",
1364,2,"2,3,5,7,11,13,31",2^2 * 3^1 * 5^1 * 7^1 * 11^1 * 13^1 * 31^1,0,"17,19,23,29,37,41,43",
1368,2,"2,3,19,37",2^3 * 3^2 * 19^1 * 37^2,0,"5,7,11,13,17,23,29,31,41,43",
1375,2,"2,5,11,43",2^5 * 5^3 * 11^1 * 43^1,0,"3,7,13,17,19,23,29,31,37,41",
1376,2,"2,3,17,43",2^5 * 3^4 * 17^1 * 43^1,0,"5,7,11,13,19,23,29,31,37,41",
1394,2,"2,3,5,17,31,41",2^1 * 3^2 * 5^1 * 17^1 * 31^1 * 41^1,0,"7,11,13,19,23,29,37,43",
1425,2,"2,3,5,19,23,31",2^1 * 3^1 * 5^2 * 19^1 * 23^1 * 31^1,0,"7,11,13,17,29,37,41,43",
1443,2,"2,3,13,19,37",2^2 * 3^1 * 13^1 * 19^2 * 37^1,0,"5,7,11,17,23,29,31,41,43",
1444,2,"2,5,17,19",2^2 * 5^1 * 17^2 * 19^2,0,"3,7,11,13,23,29,31,37,41,43",
1449,2,"2,3,5,7,23,29",2^1 * 3^2 * 5^2 * 7^1 * 23^1 * 29^1,0,"11,13,17,19,31,37,41,43",
1462,2,"2,7,11,17,19,43",2^1 * 7^1 * 11^1 * 17^1 * 19^1 * 43^1,0,"3,5,13,23,29,31,37,41",
1479,2,"2,3,5,17,29,37",2^3 * 3^1 * 5^1 * 17^1 * 29^1 * 37^1,0,"7,11,13,19,23,31,41,43",
1495,2,"2,5,11,13,17,23",2^3 * 5^1 * 11^1 * 13^1 * 17^1 * 23^1,0,"3,7,19,29,31,37,41,43",
1517,2,"2,3,11,23,37,41",2^1 * 3^1 * 11^1 * 23^1 * 37^1 * 41^1,0,"5,7,13,17,19,29,31,43",
1518,2,"2,3,7,11,23,31",2^1 * 3^1 * 7^2 * 11^1 * 23^1 * 31^1,0,"5,13,17,19,29,37,41,43",
1519,2,"2,5,7,19,31",2^4 * 5^1 * 7^2 * 19^1 * 31^1,0,"3,11,13,17,23,29,37,41,43",
1520,2,"2,3,5,13,19",2^4 * 3^2 * 5^1 * 13^2 * 19^1,0,"7,11,17,23,29,31,37,41,43",
1539,2,"2,3,5,7,11,19",2^2 * 3^4 * 5^1 * 7^1 * 11^1 * 19^1,0,"13,17,23,29,31,37,41,43",
1547,2,"2,3,7,13,17,43",2^2 * 3^2 * 7^1 * 13^1 * 17^1 * 43^1,0,"5,11,19,23,29,31,37,41",
1595,2,"2,3,5,7,11,19,29",2^2 * 3^1 * 5^1 * 7^1 * 11^1 * 19^1 * 29^1,0,"13,17,23,31,37,41,43",
1599,2,"2,3,5,13,41",2^6 * 3^1 * 5^2 * 13^1 * 41^1,0,"7,11,17,19,23,29,31,37,43",
1624,2,"2,5,7,13,29",2^3 * 5^3 * 7^1 * 13^1 * 29^1,0,"3,11,17,19,23,31,37,41,43",
1664,2,"2,3,5,13,37",2^7 * 3^2 * 5^1 * 13^1 * 37^1,0,"7,11,17,19,23,29,31,41,43",
1665,2,"2,3,5,7,17,37",2^1 * 3^2 * 5^1 * 7^2 * 17^1 * 37^1,0,"11,13,19,23,29,31,41,43",
1680,2,"2,3,5,7,41",2^4 * 3^1 * 5^1 * 7^1 * 41^2,0,"11,13,17,19,23,29,31,37,43",
1681,2,"2,29,41",2^1 * 29^2 * 41^2,0,"3,5,7,11,13,17,19,23,31,37,43",
1682,2,"2,3,11,17,29",2^1 * 3^2 * 11^1 * 17^1 * 29^2,0,"5,7,13,19,23,31,37,41,43",
1700,2,"2,3,5,7,17",2^2 * 3^5 * 5^2 * 7^1 * 17^1,0,"11,13,19,23,29,31,37,41,43",
1701,2,"2,3,7,23,37",2^1 * 3^5 * 7^1 * 23^1 * 37^1,0,"5,11,13,17,19,29,31,41,43",
1715,2,"2,3,5,7,11,13",2^2 * 3^1 * 5^1 * 7^3 * 11^1 * 13^1,0,"17,19,23,29,31,37,41,43",
1728,2,"2,3,7,13,19",2^6 * 3^3 * 7^1 * 13^1 * 19^1,0,"5,11,17,23,29,31,37,41,43",
1763,2,"2,3,7,41,43",2^2 * 3^2 * 7^2 * 41^1 * 43^1,0,"5,11,13,17,19,23,29,31,37",
1767,2,"2,3,13,17,19,31",2^3 * 3^1 * 13^1 * 17^1 * 19^1 * 31^1,0,"5,7,11,23,29,37,41,43",
1804,2,"2,5,11,19,41",2^2 * 5^1 * 11^1 * 19^2 * 41^1,0,"3,7,13,17,23,29,31,37,43",
1805,2,"2,3,5,7,19,43",2^1 * 3^1 * 5^1 * 7^1 * 19^2 * 43^1,0,"11,13,17,23,29,31,37,41",
1848,2,"2,3,7,11,43",2^3 * 3^1 * 7^1 * 11^1 * 43^2,0,"5,13,17,19,23,29,31,37,41",
1849,2,"2,5,37,43",2^1 * 5^2 * 37^1 * 43^2,0,"3,7,11,13,17,19,23,29,31,41",
1859,2,"2,3,5,11,13,31",2^2 * 3^1 * 5^1 * 11^1 * 13^2 * 31^1,0,"7,17,19,23,29,37,41,43",
1862,2,"2,3,7,19,23",2^1 * 3^4 * 7^2 * 19^1 * 23^1,0,"5,11,13,17,29,31,37,41,43",
1885,2,"2,5,13,23,29,41",2^1 * 5^1 * 13^1 * 23^1 * 29^1 * 41^1,0,"3,7,11,17,19,31,37,43",
1886,2,"2,3,17,23,37,41",2^1 * 3^1 * 17^1 * 23^1 * 37^1 * 41^1,0,"5,7,11,13,19,29,31,43",
1924,2,"2,5,7,11,13,37",2^2 * 5^2 * 7^1 * 11^1 * 13^1 * 37^1,0,"3,17,19,23,29,31,41,43",
1935,2,"2,3,5,11,43",2^4 * 3^2 * 5^1 * 11^2 * 43^1,0,"7,13,17,19,23,29,31,37,41",
2000,2,"2,3,5,23,29",2^4 * 3^1 * 5^3 * 23^1 * 29^1,0,"7,11,13,17,19,31,37,41,43",
2001,2,"2,3,7,11,13,23,29",2^1 * 3^1 * 7^1 * 11^1 * 13^1 * 23^1 * 29^1,0,"5,17,19,31,37,41,43",
2015,2,"2,3,5,7,13,31",2^5 * 3^2 * 5^1 * 7^1 * 13^1 * 31^1,0,"11,17,19,23,29,37,41,43",
2023,2,"2,7,11,17,23",2^3 * 7^1 * 11^1 * 17^2 * 23^1,0,"3,5,13,19,29,31,37,41,43",
2024,2,"2,3,5,11,23",2^3 * 3^4 * 5^2 * 11^1 * 23^1,0,"7,13,17,19,29,31,37,41,43",
2057,2,"2,3,7,11,17",2^1 * 3^1 * 7^3 * 11^2 * 17^1,0,"5,13,19,23,29,31,37,41,43",
2079,2,"2,3,5,7,11,13",2^5 * 3^3 * 5^1 * 7^1 * 11^1 * 13^1,0,"17,19,23,29,31,37,41,43",
2090,2,"2,3,5,11,17,19,41",2^1 * 3^1 * 5^1 * 11^1 * 17^1 * 19^1 * 41^1,0,"7,13,23,29,31,37,43",
2106,2,"2,3,7,13,43",2^1 * 3^4 * 7^2 * 13^1 * 43^1,0,"5,11,17,19,23,29,31,37,41",
2107,2,"2,7,17,31,43",2^2 * 7^2 * 17^1 * 31^1 * 43^1,0,"3,5,11,13,19,23,29,37,41",
2108,2,"2,3,17,19,31,37",2^2 * 3^1 * 17^1 * 19^1 * 31^1 * 37^1,0,"5,7,11,13,23,29,41,43",
2145,2,"2,3,5,11,13,29,37",2^1 * 3^1 * 5^1 * 11^1 * 13^1 * 29^1 * 37^1,0,"7,17,19,23,31,41,43",
2175,2,"2,3,5,17,29",2^7 * 3^1 * 5^2 * 17^1 * 29^1,0,"7,11,13,19,23,31,37,41,43",
2184,2,"2,3,5,7,13,19,23",2^3 * 3^1 * 5^1 * 7^1 * 13^1 * 19^1 * 23^1,0,"11,17,29,31,37,41,43",
2204,2,"2,3,5,7,19,29",2^2 * 3^2 * 5^1 * 7^2 * 19^1 * 29^1,0,"11,13,17,23,31,37,41,43",
2232,2,"2,3,7,11,29,31",2^3 * 3^2 * 7^1 * 11^1 * 29^1 * 31^1,0,"5,13,17,19,23,37,41,43",
2254,2,"2,5,7,11,23,41",2^1 * 5^1 * 7^2 * 11^1 * 23^1 * 41^1,0,"3,13,17,19,29,31,37,43",
2261,2,"2,3,7,13,17,19,29",2^1 * 3^1 * 7^1 * 13^1 * 17^1 * 19^1 * 29^1,0,"5,11,23,31,37,41,43",
2294,2,"2,3,5,17,31,37",2^1 * 3^3 * 5^1 * 17^1 * 31^1 * 37^1,0,"7,11,13,19,23,29,41,43",
2295,2,"2,3,5,7,17,41",2^3 * 3^3 * 5^1 * 7^1 * 17^1 * 41^1,0,"11,13,19,23,29,31,37,43",
2299,2,"2,5,11,19,23",2^2 * 5^2 * 11^2 * 19^1 * 23^1,0,"3,7,13,17,29,31,37,41,43",
2365,2,"2,5,7,11,13,43",2^1 * 5^1 * 7^1 * 11^1 * 13^2 * 43^1,0,"3,17,19,23,29,31,37,41",
2375,2,"2,3,5,11,19",2^3 * 3^3 * 5^3 * 11^1 * 19^1,0,"7,13,17,23,29,31,37,41,43",
2400,2,"2,3,5,7",2^5 * 3^1 * 5^2 * 7^4,0,"11,13,17,19,23,29,31,37,41,43",
2430,2,"2,3,5,11,13,17",2^1 * 3^5 * 5^1 * 11^1 * 13^1 * 17^1,0,"7,19,23,29,31,37,41,43",
2431,2,"2,11,13,17,19",2^7 * 11^1 * 13^1 * 17^1 * 19^1,0,"3,5,7,23,29,31,37,41,43",
2450,2,"2,3,5,7,19,43",2^1 * 3^1 * 5^2 * 7^2 * 19^1 * 43^1,0,"11,13,17,23,29,31,37,41",
2464,2,"2,5,7,11,17,29",2^5 * 5^1 * 7^1 * 11^1 * 17^1 * 29^1,0,"3,13,19,23,31,37,41,43",
2499,2,"2,3,5,7,17",2^2 * 3^1 * 5^4 * 7^2 * 17^1,0,"11,13,19,23,29,31,37,41,43",
2541,2,"2,3,7,11,31,41",2^1 * 3^1 * 7^1 * 11^2 * 31^1 * 41^1,0,"5,13,17,19,23,29,37,43",
2552,2,"2,3,11,23,29,37",2^3 * 3^1 * 11^1 * 23^1 * 29^1 * 37^1,0,"5,7,13,17,19,31,41,43",
2583,2,"2,3,7,17,19,41",2^3 * 3^2 * 7^1 * 17^1 * 19^1 * 41^1,0,"5,11,13,23,29,31,37,43",
2600,2,"2,3,5,13,17",2^3 * 3^2 * 5^2 * 13^1 * 17^2,0,"7,11,19,23,29,31,37,41,43",
2624,2,"2,3,5,7,41",2^6 * 3^1 * 5^3 * 7^1 * 41^1,0,"11,13,17,19,23,29,31,37,43",
2639,2,"2,3,5,7,11,13,29",2^4 * 3^1 * 5^1 * 7^1 * 11^1 * 13^1 * 29^1,0,"17,19,23,31,37,41,43",
2645,2,"2,3,5,7,23",2^1 * 3^3 * 5^1 * 7^2 * 23^2,0,"11,13,17,19,29,31,37,41,43",
2664,2,"2,3,5,13,37,41",2^3 * 3^2 * 5^1 * 13^1 * 37^1 * 41^1,0,"7,11,17,19,23,29,31,43",
2665,2,"2,5,13,31,41,43",2^1 * 5^1 * 13^1 * 31^1 * 41^1 * 43^1,0,"3,7,11,17,19,23,29,37",
2736,2,"2,3,7,17,19,23",2^4 * 3^2 * 7^1 * 17^1 * 19^1 * 23^1,0,"5,11,13,29,31,37,41,43",
2737,2,"2,7,17,23,37",2^1 * 7^1 * 17^1 * 23^1 * 37^2,0,"3,5,11,13,19,29,31,41,43",
2754,2,"2,3,5,17,19,29",2^1 * 3^4 * 5^1 * 17^1 * 19^1 * 29^1,0,"7,11,13,23,31,37,41,43",
2783,2,"2,3,11,23,29",2^5 * 3^1 * 11^2 * 23^1 * 29^1,0,"5,7,13,17,19,31,37,41,43",
2849,2,"2,3,5,7,11,19,37",2^1 * 3^1 * 5^2 * 7^1 * 11^1 * 19^1 * 37^1,0,"13,17,23,29,31,41,43",
2870,2,"2,3,5,7,11,29,41",2^1 * 3^2 * 5^1 * 7^1 * 11^1 * 29^1 * 41^1,0,"13,17,19,23,31,37,43",
2924,2,"2,3,5,13,17,43",2^2 * 3^2 * 5^2 * 13^1 * 17^1 * 43^1,0,"7,11,19,23,29,31,37,41",
2925,2,"2,3,5,7,11,13,19",2^1 * 3^2 * 5^2 * 7^1 * 11^1 * 13^1 * 19^1,0,"17,23,29,31,37,41,43",
2944,2,"2,5,19,23,31",2^7 * 5^1 * 19^1 * 23^1 * 31^1,0,"3,7,11,13,17,29,37,41,43",
2975,2,"2,3,5,7,17,31",2^5 * 3^1 * 5^2 * 7^1 * 17^1 * 31^1,0,"11,13,19,23,29,37,41,43",
3024,2,"2,3,5,7,11",2^4 * 3^3 * 5^2 * 7^1 * 11^2,0,"13,17,19,23,29,31,37,41,43",
3059,2,"2,3,5,7,17,19,23",2^2 * 3^2 * 5^1 * 7^1 * 17^1 * 19^1 * 23^1,0,"11,13,29,31,37,41,43",
3135,2,"2,3,5,7,11,19",2^6 * 3^1 * 5^1 * 7^2 * 11^1 * 19^1,0,"13,17,23,29,31,37,41,43",
3145,2,"2,5,11,13,17,37",2^1 * 5^1 * 11^2 * 13^1 * 17^1 * 37^1,0,"3,7,19,23,29,31,41,43",
3219,2,"2,3,5,7,23,29,37",2^2 * 3^1 * 5^1 * 7^1 * 23^1 * 29^1 * 37^1,0,"11,13,17,19,31,41,43",
3224,2,"2,3,5,13,31,43",2^3 * 3^1 * 5^2 * 13^1 * 31^1 * 43^1,0,"7,11,17,19,23,29,37,41",
3248,2,"2,3,7,19,29",2^4 * 3^2 * 7^1 * 19^2 * 29^1,0,"5,11,13,17,23,31,37,41,43",
3249,2,"2,3,5,13,19",2^1 * 3^2 * 5^3 * 13^1 * 19^2,0,"7,11,17,23,29,31,37,41,43",
3255,2,"2,3,5,7,11,31,37",2^3 * 3^1 * 5^1 * 7^1 * 11^1 * 31^1 * 37^1,0,"13,17,19,23,29,41,43",
3267,2,"2,3,11,19,43",2^2 * 3^3 * 11^2 * 19^1 * 43^1,0,"5,7,13,17,23,29,31,37,41",
3311,2,"2,3,7,11,23,43",2^4 * 3^2 * 7^1 * 11^1 * 23^1 * 43^1,0,"5,13,17,19,29,31,37,41",
3366,2,"2,3,7,11,13,17,37",2^1 * 3^2 * 7^1 * 11^1 * 13^1 * 17^1 * 37^1,0,"5,19,23,29,31,41,43",
3380,2,"2,3,5,7,13,23",2^2 * 3^1 * 5^1 * 7^2 * 13^2 * 23^1,0,"11,17,19,29,31,37,41,43",
3440,2,"2,3,5,31,37,43",2^4 * 3^1 * 5^1 * 31^1 * 37^1 * 43^1,0,"7,11,13,17,19,23,29,41",
3450,2,"2,3,5,7,17,23,29",2^1 * 3^1 * 5^2 * 7^1 * 17^1 * 23^1 * 29^1,0,"11,13,19,31,37,41,43",
3509,2,"2,3,5,11,13,29",2^1 * 3^3 * 5^1 * 11^2 * 13^1 * 29^1,0,"7,17,19,23,31,37,41,43",
3519,2,"2,3,5,11,17,23",2^6 * 3^2 * 5^1 * 11^1 * 17^1 * 23^1,0,"7,13,19,29,31,37,41,43",
3552,2,"2,3,11,17,19,37",2^5 * 3^1 * 11^1 * 17^1 * 19^1 * 37^1,0,"5,7,13,23,29,31,41,43",
3564,2,"2,3,5,11,23,31",2^2 * 3^4 * 5^1 * 11^1 * 23^1 * 31^1,0,"7,13,17,19,29,37,41,43",
3625,2,"2,5,7,29,37",2^1 * 5^3 * 7^2 * 29^1 * 37^1,0,"3,11,13,17,19,23,31,41,43",
3626,2,"2,3,7,13,31,37",2^1 * 3^2 * 7^2 * 13^1 * 31^1 * 37^1,0,"5,11,17,19,23,29,41,43",
3654,2,"2,3,5,7,17,29,43",2^1 * 3^2 * 5^1 * 7^1 * 17^1 * 29^1 * 43^1,0,"11,13,19,23,31,37,41",
3689,2,"2,3,5,7,17,31,41",2^1 * 3^2 * 5^1 * 7^1 * 17^1 * 31^1 * 41^1,0,"11,13,19,23,29,37,43",
3740,2,"2,3,5,11,17,29,43",2^2 * 3^1 * 5^1 * 11^1 * 17^1 * 29^1 * 43^1,0,"7,13,19,23,31,37,41",
3750,2,"2,3,5,11,31",2^1 * 3^1 * 5^4 * 11^2 * 31^1,0,"7,13,17,19,23,29,37,41,43",
3772,2,"2,7,11,23,41",2^2 * 7^3 * 11^1 * 23^1 * 41^1,0,"3,5,13,17,19,29,31,37,43",
3773,2,"2,3,7,11,17,37",2^1 * 3^1 * 7^3 * 11^1 * 17^1 * 37^1,0,"5,13,19,23,29,31,41,43",
3875,2,"2,3,5,17,19,31",2^2 * 3^1 * 5^3 * 17^1 * 19^1 * 31^1,0,"7,11,13,23,29,37,41,43",
3887,2,"2,3,13,23",2^4 * 3^5 * 13^2 * 23^1,0,"5,7,11,17,19,29,31,37,41,43",
3968,2,"2,3,7,31",2^7 * 3^4 * 7^2 * 31^1,0,"5,11,13,17,19,23,29,37,41,43",
3999,2,"2,3,5,31,43",2^5 * 3^1 * 5^3 * 31^1 * 43^1,0,"7,11,13,17,19,23,29,37,41",
4059,2,"2,3,5,7,11,29,41",2^2 * 3^2 * 5^1 * 7^1 * 11^1 * 29^1 * 41^1,0,"13,17,19,23,31,37,43",
4095,2,"2,3,5,7,13",2^12 * 3^2 * 5^1 * 7^1 * 13^1,0,"11,17,19,23,29,31,37,41,43",
4185,2,"2,3,5,7,13,23,31",2^1 * 3^3 * 5^1 * 7^1 * 13^1 * 23^1 * 31^1,0,"11,17,19,29,37,41,43",
4199,2,"2,3,5,7,13,17,19",2^3 * 3^1 * 5^2 * 7^1 * 13^1 * 17^1 * 19^1,0,"11,23,29,31,37,41,43",
4224,2,"2,3,5,11,13",2^7 * 3^1 * 5^2 * 11^1 * 13^2,0,"7,17,19,23,29,31,37,41,43",
4255,2,"2,5,7,19,23,37",2^5 * 5^1 * 7^1 * 19^1 * 23^1 * 37^1,0,"3,11,13,17,29,31,41,43",
4256,2,"2,3,7,11,19,43",2^5 * 3^2 * 7^1 * 11^1 * 19^1 * 43^1,0,"5,13,17,23,29,31,37,41",
4263,2,"2,3,7,13,29,41",2^3 * 3^1 * 7^2 * 13^1 * 29^1 * 41^1,0,"5,11,17,19,23,31,37,43",
4300,2,"2,5,11,17,23,43",2^2 * 5^2 * 11^1 * 17^1 * 23^1 * 43^1,0,"3,7,13,19,29,31,37,41",
4374,2,"2,3,5,7",2^1 * 3^7 * 5^4 * 7^1,0,"11,13,17,19,23,29,31,37,41,43",
4550,2,"2,3,5,7,13,37,41",2^1 * 3^1 * 5^2 * 7^1 * 13^1 * 37^1 * 41^1,0,"11,17,19,23,29,31,43",
4624,2,"2,5,17,37",2^4 * 5^3 * 17^2 * 37^1,0,"3,7,11,13,19,23,29,31,41,43",
4640,2,"2,3,5,7,13,17,29",2^5 * 3^1 * 5^1 * 7^1 * 13^1 * 17^1 * 29^1,0,"11,19,23,31,37,41,43",
4674,2,"2,3,5,11,17,19,41",2^1 * 3^1 * 5^2 * 11^1 * 17^1 * 19^1 * 41^1,0,"7,13,23,29,31,37,43",
4692,2,"2,3,13,17,19,23",2^2 * 3^1 * 13^1 * 17^1 * 19^2 * 23^1,0,"5,7,11,29,31,37,41,43",
4760,2,"2,3,5,7,17,23",2^3 * 3^2 * 5^1 * 7^1 * 17^1 * 23^2,0,"11,13,19,29,31,37,41,43",
4773,2,"2,3,7,11,31,37,43",2^1 * 3^1 * 7^1 * 11^1 * 31^1 * 37^1 * 43^1,0,"5,13,17,19,23,29,41",
4784,2,"2,3,5,11,13,23,29",2^4 * 3^1 * 5^1 * 11^1 * 13^1 * 23^1 * 29^1,0,"7,17,19,31,37,41,43",
4900,2,"2,5,7,13,29",2^2 * 5^2 * 7^2 * 13^2 * 29^1,0,"3,11,17,19,23,31,37,41,43",
4901,2,"2,3,13,19,29,43",2^1 * 3^1 * 13^2 * 19^1 * 29^1 * 43^1,0,"5,7,11,17,23,31,37,41",
4913,2,"2,3,7,13,17",2^1 * 3^3 * 7^1 * 13^1 * 17^3,0,"5,11,19,23,29,31,37,41,43",
4920,2,"2,3,5,7,19,37,41",2^3 * 3^1 * 5^1 * 7^1 * 19^1 * 37^1 * 41^1,0,"11,13,17,23,29,31,43",
4959,2,"2,3,5,19,29,31",2^5 * 3^2 * 5^1 * 19^1 * 29^1 * 31^1,0,"7,11,13,17,23,37,41,43",
4960,2,"2,5,11,31,41",2^5 * 5^1 * 11^2 * 31^1 * 41^1,0,"3,7,13,17,19,23,29,37,43",
4991,2,"2,3,7,13,23,31",2^7 * 3^1 * 7^1 * 13^1 * 23^1 * 31^1,0,"5,11,17,19,29,37,41,43",
5031,2,"2,3,13,17,37,43",2^3 * 3^2 * 13^1 * 17^1 * 37^1 * 43^1,0,"5,7,11,19,23,29,31,41",
5082,2,"2,3,7,11,13,17,23",2^1 * 3^1 * 7^1 * 11^2 * 13^1 * 17^1 * 23^1,0,"5,19,29,31,37,41,43",
5083,2,"2,13,17,23,31,41",2^2 * 13^1 * 17^1 * 23^1 * 31^1 * 41^1,0,"3,5,7,11,19,29,37,43",
5103,2,"2,3,7,11,29",2^4 * 3^6 * 7^1 * 11^1 * 29^1,0,"5,13,17,19,23,31,37,41,43",
5202,2,"2,3,11,17,43",2^1 * 3^2 * 11^2 * 17^2 * 43^1,0,"5,7,13,19,23,29,31,37,41",
5289,2,"2,3,5,23,41,43",2^1 * 3^1 * 5^1 * 23^2 * 41^1 * 43^1,0,"7,11,13,17,19,29,31,37",
5290,2,"2,5,11,13,23,37",2^1 * 5^1 * 11^1 * 13^1 * 23^2 * 37^1,0,"3,7,17,19,29,31,41,43",
5291,2,"2,3,7,11,13,37",2^2 * 3^3 * 7^2 * 11^1 * 13^1 * 37^1,0,"5,17,19,23,29,31,41,43",
5375,2,"2,3,5,7,43",2^8 * 3^1 * 5^3 * 7^1 * 43^1,0,"11,13,17,19,23,29,31,37,41",
5439,2,"2,3,5,7,17,37",2^6 * 3^1 * 5^1 * 7^2 * 17^1 * 37^1,0,"11,13,19,23,29,31,41,43",
5576,2,"2,3,11,13,17,41",2^3 * 3^1 * 11^1 * 13^2 * 17^1 * 41^1,0,"5,7,19,23,29,31,37,43",
5589,2,"2,3,5,13,23,43",2^1 * 3^5 * 5^1 * 13^1 * 23^1 * 43^1,0,"7,11,17,19,29,31,37,41",
5624,2,"2,3,5,19,37",2^3 * 3^2 * 5^4 * 19^1 * 37^1,0,"7,11,13,17,23,29,31,41,43",
5642,2,"2,3,7,11,13,19,31",2^1 * 3^3 * 7^1 * 11^1 * 13^1 * 19^1 * 31^1,0,"5,17,23,29,37,41,43",
5719,2,"2,5,7,11,13,19,43",2^3 * 5^1 * 7^1 * 11^1 * 13^1 * 19^1 * 43^1,0,"3,17,23,29,31,37,41",
5775,2,"2,3,5,7,11,19",2^4 * 3^1 * 5^2 * 7^1 * 11^1 * 19^2,0,"13,17,23,29,31,37,41,43",
5796,2,"2,3,7,11,17,23,31",2^2 * 3^2 * 7^1 * 11^1 * 17^1 * 23^1 * 31^1,0,"5,13,19,29,37,41,43",
5831,2,"2,3,7,17",2^3 * 3^6 * 7^3 * 17^1,0,"5,11,13,19,23,29,31,37,41,43",
5887,2,"2,7,23,29",2^8 * 7^1 * 23^1 * 29^2,0,"3,5,11,13,17,19,31,37,41,43",
5915,2,"2,3,5,7,13,17,29",2^2 * 3^1 * 5^1 * 7^1 * 13^2 * 17^1 * 29^1,0,"11,19,23,31,37,41,43",
5928,2,"2,3,7,11,13,19",2^3 * 3^1 * 7^2 * 11^2 * 13^1 * 19^1,0,"5,17,23,29,31,37,41,43",
5984,2,"2,3,5,7,11,17,19",2^5 * 3^2 * 5^1 * 7^1 * 11^1 * 17^1 * 19^1,0,"13,23,29,31,37,41,43",
6068,2,"2,3,7,17,37,41",2^2 * 3^1 * 7^1 * 17^2 * 37^1 * 41^1,0,"5,11,13,19,23,29,31,43",
6075,2,"2,3,5,7,31",2^2 * 3^5 * 5^2 * 7^2 * 31^1,0,"11,13,17,19,23,29,37,41,43",
6137,2,"2,3,11,17,19,31",2^1 * 3^2 * 11^1 * 17^1 * 19^2 * 31^1,0,"5,7,13,23,29,37,41,43",
6149,2,"2,3,5,11,13,41,43",2^1 * 3^1 * 5^2 * 11^1 * 13^1 * 41^1 * 43^1,0,"7,17,19,23,29,31,37",
6174,2,"2,3,5,7,13,19",2^1 * 3^2 * 5^2 * 7^3 * 13^1 * 19^1,0,"11,17,23,29,31,37,41,43",
6272,2,"2,3,7,17,41",2^7 * 3^2 * 7^2 * 17^1 * 41^1,0,"5,11,13,19,23,29,31,37,43",
6292,2,"2,7,11,13,29,31",2^2 * 7^1 * 11^2 * 13^1 * 29^1 * 31^1,0,"3,5,17,19,23,37,41,43",
6324,2,"2,3,5,11,17,23,31",2^2 * 3^1 * 5^2 * 11^1 * 17^1 * 23^1 * 31^1,0,"7,13,19,29,37,41,43",
6479,2,"2,3,5,11,19,31",2^4 * 3^4 * 5^1 * 11^1 * 19^1 * 31^1,0,"7,13,17,23,29,37,41,43",
6560,2,"2,3,5,41",2^5 * 3^8 * 5^1 * 41^1,0,"7,11,13,17,19,23,29,31,37,43",
6578,2,"2,3,11,13,17,23,43",2^1 * 3^2 * 11^1 * 13^1 * 17^1 * 23^1 * 43^1,0,"5,7,19,29,31,37,41",
6600,2,"2,3,5,7,11,23,41",2^3 * 3^1 * 5^2 * 7^1 * 11^1 * 23^1 * 41^1,0,"13,17,19,29,31,37,43",
6655,2,"2,5,11,13",2^9 * 5^1 * 11^3 * 13^1,0,"3,7,17,19,23,29,31,37,41,43",
6664,2,"2,5,7,17,31,43",2^3 * 5^1 * 7^2 * 17^1 * 31^1 * 43^1,0,"3,11,13,19,23,29,37,41",
6669,2,"2,3,5,13,19,23,29",2^1 * 3^3 * 5^1 * 13^1 * 19^1 * 23^1 * 29^1,0,"7,11,17,31,37,41,43",
6727,2,"2,7,29,31",2^3 * 7^1 * 29^2 * 31^2,0,"3,5,11,13,17,19,23,37,41,43",
6859,2,"2,5,7,19",2^2 * 5^1 * 7^3 * 19^3,0,"3,11,13,17,23,29,31,37,41,43",
6929,2,"2,3,5,7,11,13,41",2^1 * 3^2 * 5^1 * 7^1 * 11^1 * 13^2 * 41^1,0,"17,19,23,29,31,37,43",
6992,2,"2,3,7,19,23,37",2^4 * 3^3 * 7^1 * 19^1 * 23^1 * 37^1,0,"5,11,13,17,29,31,41,43",
7104,2,"2,3,5,7,29,37",2^6 * 3^1 * 5^1 * 7^2 * 29^1 * 37^1,0,"11,13,17,19,23,31,41,43",
7105,2,"2,5,7,11,17,19,29",2^1 * 5^1 * 7^2 * 11^1 * 17^1 * 19^1 * 29^1,0,"3,13,23,31,37,41,43",
7175,2,"2,3,5,7,13,23,41",2^3 * 3^1 * 5^2 * 7^1 * 13^1 * 23^1 * 41^1,0,"11,17,19,29,31,37,43",
7215,2,"2,3,5,11,13,37,41",2^4 * 3^1 * 5^1 * 11^1 * 13^1 * 37^1 * 41^1,0,"7,17,19,23,29,31,43",
7224,2,"2,3,5,7,17,43",2^3 * 3^1 * 5^2 * 7^1 * 17^2 * 43^1,0,"11,13,19,23,29,31,37,41",
7395,2,"2,3,5,17,29,43",2^2 * 3^1 * 5^1 * 17^1 * 29^1 * 43^2,0,"7,11,13,19,23,31,37,41",
7424,2,"2,3,5,11,29",2^8 * 3^3 * 5^2 * 11^1 * 29^1,0,"7,13,17,19,23,31,37,41,43",
7524,2,"2,3,5,7,11,19,43",2^2 * 3^2 * 5^2 * 7^1 * 11^1 * 19^1 * 43^1,0,"13,17,23,29,31,37,41",
7568,2,"2,3,11,29,43",2^4 * 3^2 * 11^1 * 29^2 * 43^1,0,"5,7,13,17,19,23,31,37,41",
7656,2,"2,3,11,13,19,29,31",2^3 * 3^1 * 11^1 * 13^1 * 19^1 * 29^1 * 31^1,0,"5,7,17,23,37,41,43",
7695,2,"2,3,5,13,19,37",2^4 * 3^4 * 5^1 * 13^1 * 19^1 * 37^1,0,"7,11,17,23,29,31,41,43",
7749,2,"2,3,5,7,31,41",2^1 * 3^3 * 5^3 * 7^1 * 31^1 * 41^1,0,"11,13,17,19,23,29,37,43",
7865,2,"2,3,5,11,13,19,23",2^1 * 3^2 * 5^1 * 11^2 * 13^1 * 19^1 * 23^1,0,"7,17,29,31,37,41,43",
7888,2,"2,7,17,23,29",2^4 * 7^3 * 17^1 * 23^1 * 29^1,0,"3,5,11,13,19,31,37,41,43",
7904,2,"2,3,5,13,17,19,31",2^5 * 3^1 * 5^1 * 13^1 * 17^1 * 19^1 * 31^1,0,"7,11,23,29,37,41,43",
7935,2,"2,3,5,23,31",2^8 * 3^1 * 5^1 * 23^2 * 31^1,0,"7,11,13,17,19,29,37,41,43",
7955,2,"2,3,5,13,17,37,43",2^2 * 3^2 * 5^1 * 13^1 * 17^1 * 37^1 * 43^1,0,"7,11,19,23,29,31,41",
8091,2,"2,3,7,17,29,31",2^2 * 3^2 * 7^1 * 17^2 * 29^1 * 31^1,0,"5,11,13,19,23,37,41,43",
8280,2,"2,3,5,7,13,23",2^3 * 3^2 * 5^1 * 7^2 * 13^2 * 23^1,0,"11,17,19,29,31,37,41,43",
8463,2,"2,3,7,13,23,31",2^4 * 3^1 * 7^1 * 13^1 * 23^2 * 31^1,0,"5,11,17,19,29,37,41,43",
8525,2,"2,3,5,7,11,29,31",2^1 * 3^1 * 5^2 * 7^2 * 11^1 * 29^1 * 31^1,0,"13,17,19,23,37,41,43",
8568,2,"2,3,7,11,17,19,41",2^3 * 3^2 * 7^1 * 11^1 * 17^1 * 19^1 * 41^1,0,"5,13,23,29,31,37,43",
8624,2,"2,3,5,7,11,23",2^4 * 3^1 * 5^3 * 7^2 * 11^1 * 23^1,0,"13,17,19,29,31,37,41,43",
8670,2,"2,3,5,13,17,23,29",2^1 * 3^1 * 5^1 * 13^1 * 17^2 * 23^1 * 29^1,0,"7,11,19,31,37,41,43",
8815,2,"2,5,19,29,41,43",2^4 * 5^1 * 19^1 * 29^1 * 41^1 * 43^1,0,"3,7,11,13,17,23,31,37",
8855,2,"2,3,5,7,11,23,41",2^3 * 3^3 * 5^1 * 7^1 * 11^1 * 23^1 * 41^1,0,"13,17,19,29,31,37,43",
8959,2,"2,5,7,17,31",2^8 * 5^1 * 7^1 * 17^2 * 31^1,0,"3,11,13,19,23,29,37,41,43",
8990,2,"2,3,5,29,31,37",2^1 * 3^5 * 5^1 * 29^1 * 31^1 * 37^1,0,"7,11,13,17,19,23,41,43",
9176,2,"2,3,7,19,23,31,37",2^3 * 3^1 * 7^1 * 19^1 * 23^1 * 31^1 * 37^1,0,"5,11,13,17,29,41,43",
9250,2,"2,5,11,29,37",2^1 * 5^3 * 11^1 * 29^2 * 37^1,0,"3,7,13,17,19,23,31,41,43",
9360,2,"2,3,5,11,13,23,37",2^4 * 3^2 * 5^1 * 11^1 * 13^1 * 23^1 * 37^1,0,"7,17,19,29,31,41,43",
9424,2,"2,5,13,19,29,31",2^4 * 5^2 * 13^1 * 19^1 * 29^1 * 31^1,0,"3,7,11,17,23,37,41,43",
9471,2,"2,3,7,11,37,41",2^8 * 3^1 * 7^1 * 11^1 * 37^1 * 41^1,0,"5,13,17,19,23,29,31,43",
9503,2,"2,3,11,13,17,43",2^5 * 3^3 * 11^1 * 13^1 * 17^1 * 43^1,0,"5,7,19,23,29,31,37,41",
9632,2,"2,3,7,13,19,43",2^5 * 3^1 * 7^1 * 13^2 * 19^1 * 43^1,0,"5,11,17,23,29,31,37,41",
9800,2,"2,3,5,7,11",2^3 * 3^4 * 5^2 * 7^2 * 11^2,0,"13,17,19,23,29,31,37,41,43",
9801,2,"2,3,11,13,29",2^1 * 3^4 * 11^2 * 13^2 * 29^1,0,"5,7,17,19,23,31,37,41,43",
9889,2,"2,5,11,23,29,31,43",2^1 * 5^1 * 11^1 * 23^1 * 29^1 * 31^1 * 43^1,0,"3,7,13,17,19,37,41",
9975,2,"2,3,5,7,19,29,43",2^3 * 3^1 * 5^2 * 7^1 * 19^1 * 29^1 * 43^1,0,"11,13,17,23,31,37,41",
10044,2,"2,3,5,7,31,41",2^2 * 3^4 * 5^1 * 7^2 * 31^1 * 41^1,0,"11,13,17,19,23,29,37,43",
10240,2,"2,5,7,11,19",2^11 * 5^1 * 7^2 * 11^1 * 19^1,0,"3,13,17,23,29,31,37,41,43",
10373,2,"2,3,7,11,13,19,23,41",2^1 * 3^1 * 7^1 * 11^1 * 13^1 * 19^1 * 23^1 * 41^1,0,"5,17,29,31,37,43",
10449,2,"2,3,5,11,19,43",2^1 * 3^5 * 5^2 * 11^1 * 19^1 * 43^1,0,"7,13,17,23,29,31,37,41",
10556,2,"2,3,7,13,17,23,29",2^2 * 3^3 * 7^1 * 13^1 * 17^1 * 23^1 * 29^1,0,"5,11,19,31,37,41,43",
10625,2,"2,3,5,7,11,17,23",2^1 * 3^1 * 5^4 * 7^1 * 11^1 * 17^1 * 23^1,0,"13,19,29,31,37,41,43",
10647,2,"2,3,7,11,13",2^3 * 3^2 * 7^1 * 11^3 * 13^2,0,"5,17,19,23,29,31,37,41,43",
10659,2,"2,3,5,11,13,17,19,41",2^2 * 3^1 * 5^1 * 11^1 * 13^1 * 17^1 * 19^1 * 41^1,0,"7,23,29,31,37,43",
10692,2,"2,3,11,17,37",2^2 * 3^5 * 11^1 * 17^2 * 37^1,0,"5,7,13,19,23,29,31,41,43",
10829,2,"2,3,5,7,13,17,19",2^1 * 3^1 * 5^1 * 7^2 * 13^1 * 17^1 * 19^2,0,"11,23,29,31,37,41,43",
10878,2,"2,3,7,11,23,37,43",2^1 * 3^1 * 7^2 * 11^1 * 23^1 * 37^1 * 43^1,0,"5,13,17,19,29,31,41",
10879,2,"2,5,11,17,23,43",2^7 * 5^1 * 11^1 * 17^1 * 23^1 * 43^1,0,"3,7,13,19,29,31,37,41",
10880,2,"2,3,5,13,17,31",2^7 * 3^3 * 5^1 * 13^1 * 17^1 * 31^1,0,"7,11,19,23,29,37,41,43",
11136,2,"2,3,7,29,37,43",2^7 * 3^1 * 7^1 * 29^1 * 37^1 * 43^1,0,"5,11,13,17,19,23,31,41",
11270,2,"2,3,5,7,13,17,23",2^1 * 3^1 * 5^1 * 7^2 * 13^1 * 17^2 * 23^1,0,"11,19,29,31,37,41,43",
11339,2,"2,3,5,7,17,23,29",2^2 * 3^4 * 5^1 * 7^1 * 17^1 * 23^1 * 29^1,0,"11,13,19,31,37,41,43",
11438,2,"2,3,7,19,31,41,43",2^1 * 3^2 * 7^1 * 19^1 * 31^1 * 41^1 * 43^1,0,"5,11,13,17,23,29,37",
11439,2,"2,3,5,11,13,31,41",2^4 * 3^2 * 5^1 * 11^1 * 13^1 * 31^1 * 41^1,0,"7,17,19,23,29,37,43",
11661,2,"2,3,7,13,17,23",2^1 * 3^1 * 7^3 * 13^2 * 17^1 * 23^1,0,"5,11,19,29,31,37,41,43",
11780,2,"2,3,5,7,11,17,19,31",2^2 * 3^2 * 5^1 * 7^1 * 11^1 * 17^1 * 19^1 * 31^1,0,"13,23,29,37,41,43",
11913,2,"2,3,7,11,19,23,37",2^1 * 3^1 * 7^1 * 11^1 * 19^2 * 23^1 * 37^1,0,"5,13,17,29,31,41,43",
11934,2,"2,3,5,7,11,13,17,31",2^1 * 3^3 * 5^1 * 7^1 * 11^1 * 13^1 * 17^1 * 31^1,0,"19,23,29,37,41,43",
12005,2,"2,3,5,7,23,29",2^1 * 3^2 * 5^1 * 7^4 * 23^1 * 29^1,0,"11,13,17,19,31,37,41,43",
12121,2,"2,11,17,19,23,29,31",2^1 * 11^1 * 17^1 * 19^1 * 23^1 * 29^1 * 31^1,0,"3,5,7,13,37,41,43",
12167,2,"2,3,13,23",2^3 * 3^2 * 13^2 * 23^3,0,"5,7,11,17,19,29,31,37,41,43",
12320,2,"2,3,5,7,11,37",2^5 * 3^2 * 5^1 * 7^1 * 11^1 * 37^2,0,"13,17,19,23,29,31,41,43",
12341,2,"2,3,7,11,17,41,43",2^1 * 3^1 * 7^1 * 11^2 * 17^1 * 41^1 * 43^1,0,"5,13,19,23,29,31,37",
12375,2,"2,3,5,7,11,13,17",2^3 * 3^2 * 5^3 * 7^1 * 11^1 * 13^1 * 17^1,0,"19,23,29,31,37,41,43",
12635,2,"2,3,5,7,13,19",2^2 * 3^5 * 5^1 * 7^1 * 13^1 * 19^2,0,"11,17,23,29,31,37,41,43",
12672,2,"2,3,11,19,23,29",2^7 * 3^2 * 11^1 * 19^1 * 23^1 * 29^1,0,"5,7,13,17,31,37,41,43",
13224,2,"2,3,5,19,23,29",2^3 * 3^1 * 5^2 * 19^1 * 23^2 * 29^1,0,"7,11,13,17,31,37,41,43",
13243,2,"2,7,11,17,19,41,43",2^2 * 7^1 * 11^1 * 17^1 * 19^1 * 41^1 * 43^1,0,"3,5,13,23,29,31,37",
13299,2,"2,3,5,7,11,13,19,31",2^2 * 3^1 * 5^2 * 7^1 * 11^1 * 13^1 * 19^1 * 31^1,0,"17,23,29,37,41,43",
13310,2,"2,3,5,11,17,29",2^1 * 3^3 * 5^1 * 11^3 * 17^1 * 29^1,0,"7,13,19,23,31,37,41,43",
13311,2,"2,3,13,17,29",2^10 * 3^3 * 13^1 * 17^1 * 29^1,0,"5,7,11,19,23,31,37,41,43",
13376,2,"2,3,7,11,13,19",2^6 * 3^1 * 7^3 * 11^1 * 13^1 * 19^1,0,"5,17,23,29,31,37,41,43",
13454,2,"2,3,5,7,13,23,31",2^1 * 3^2 * 5^1 * 7^1 * 13^1 * 23^1 * 31^2,0,"11,17,19,29,37,41,43",
13455,2,"2,3,5,13,23,29",2^4 * 3^2 * 5^1 * 13^1 * 23^1 * 29^2,0,"7,11,17,19,31,37,41,43",
13689,2,"2,3,5,13,37",2^1 * 3^4 * 5^1 * 13^2 * 37^2,0,"7,11,17,19,23,29,31,41,43",
13717,2,"2,11,19,29,43",2^1 * 11^1 * 19^3 * 29^1 * 43^1,0,"3,5,7,13,17,23,31,37,41",
13775,2,"2,3,5,7,19,29,41",2^4 * 3^1 * 5^2 * 7^1 * 19^1 * 29^1 * 41^1,0,"11,13,17,23,31,37,43",
13888,2,"2,7,17,19,31,43",2^6 * 7^1 * 17^1 * 19^1 * 31^1 * 43^1,0,"3,5,11,13,23,29,37,41",
13949,2,"2,3,5,13,29,31,37",2^1 * 3^2 * 5^2 * 13^1 * 29^1 * 31^1 * 37^1,0,"7,11,17,19,23,41,43",
14079,2,"2,3,5,11,13,19",2^8 * 3^1 * 5^1 * 11^1 * 13^1 * 19^2,0,"7,17,23,29,31,37,41,43",
14104,2,"2,5,7,13,31,41,43",2^3 * 5^1 * 7^1 * 13^1 * 31^1 * 41^1 * 43^1,0,"3,11,17,19,23,29,37",
14144,2,"2,3,5,13,17,23,41",2^6 * 3^1 * 5^1 * 13^1 * 17^1 * 23^1 * 41^1,0,"7,11,19,29,31,37,43",
14364,2,"2,3,5,7,13,17,19",2^2 * 3^3 * 5^1 * 7^1 * 13^2 * 17^1 * 19^1,0,"11,23,29,31,37,41,43",
14399,2,"2,3,5,7,11,17",2^6 * 3^2 * 5^2 * 7^1 * 11^2 * 17^1,0,"13,19,23,29,31,37,41,43",
14534,2,"2,3,5,13,17,19,43",2^1 * 3^2 * 5^1 * 13^2 * 17^1 * 19^1 * 43^1,0,"7,11,23,29,31,37,41",
14651,2,"2,3,7,11,13,23,37",2^2 * 3^2 * 7^2 * 11^1 * 13^1 * 23^1 * 37^1,0,"5,17,19,29,31,41,43",
14800,2,"2,5,19,37,41",2^4 * 5^2 * 19^2 * 37^1 * 41^1,0,"3,7,11,13,17,23,29,31,43",
15092,2,"2,3,7,11,13,43",2^2 * 3^3 * 7^3 * 11^1 * 13^1 * 43^1,0,"5,17,19,23,29,31,37,41",
15375,2,"2,3,5,31,41",2^4 * 3^1 * 5^3 * 31^2 * 41^1,0,"7,11,13,17,19,23,29,37,43",
15456,2,"2,3,7,13,23,29,41",2^5 * 3^1 * 7^1 * 13^1 * 23^1 * 29^1 * 41^1,0,"5,11,17,19,31,37,43",
15624,2,"2,3,5,7,31",2^3 * 3^2 * 5^6 * 7^1 * 31^1,0,"11,13,17,19,23,29,37,41,43",
15872,2,"2,3,11,13,31,37",2^9 * 3^1 * 11^1 * 13^1 * 31^1 * 37^1,0,"5,7,17,19,23,29,41,43",
16169,2,"2,3,5,7,11,19,23,37",2^1 * 3^1 * 5^1 * 7^2 * 11^1 * 19^1 * 23^1 * 37^1,0,"13,17,29,31,41,43",
16399,2,"2,5,23,31,41",2^4 * 5^2 * 23^2 * 31^1 * 41^1,0,"3,7,11,13,17,19,29,37,43",
16523,2,"2,3,13,17,31,41",2^2 * 3^5 * 13^1 * 17^1 * 31^1 * 41^1,0,"5,7,11,19,23,29,37,43",
16575,2,"2,3,5,7,13,17,37",2^6 * 3^1 * 5^2 * 7^1 * 13^1 * 17^1 * 37^1,0,"11,19,23,29,31,41,43",
16605,2,"2,3,5,19,23,41",2^1 * 3^4 * 5^1 * 19^2 * 23^1 * 41^1,0,"7,11,13,17,29,31,37,43",
16640,2,"2,3,5,13,43",2^8 * 3^2 * 5^1 * 13^1 * 43^2,0,"7,11,17,19,23,29,31,37,41",
16928,2,"2,3,11,19,23",2^5 * 3^4 * 11^1 * 19^1 * 23^2,0,"5,7,13,17,29,31,37,41,43",
17199,2,"2,3,5,7,13,43",2^4 * 3^3 * 5^2 * 7^2 * 13^1 * 43^1,0,"11,17,19,23,29,31,37,41",
17204,2,"2,3,5,11,17,23,31,37",2^2 * 3^1 * 5^1 * 11^1 * 17^1 * 23^1 * 31^1 * 37^1,0,"7,13,19,29,41,43",
17328,2,"2,3,13,19,31,43",2^4 * 3^1 * 13^1 * 19^2 * 31^1 * 43^1,0,"5,7,11,17,23,29,37,41",
17424,2,"2,3,5,11,17,41",2^4 * 3^2 * 5^2 * 11^2 * 17^1 * 41^1,0,"7,13,19,23,29,31,37,43",
17457,2,"2,3,7,11,23,29,43",2^1 * 3^1 * 7^1 * 11^1 * 23^2 * 29^1 * 43^1,0,"5,13,17,19,31,37,41",
17500,2,"2,5,7,11,37,43",2^2 * 5^4 * 7^1 * 11^1 * 37^1 * 43^1,0,"3,13,17,19,23,29,31,41",
17544,2,"2,3,5,11,17,29,43",2^3 * 3^1 * 5^1 * 11^2 * 17^1 * 29^1 * 43^1,0,"7,13,19,23,31,37,41",
17575,2,"2,5,13,19,37",2^3 * 5^2 * 13^3 * 19^1 * 37^1,0,"3,7,11,17,23,29,31,41,43",
17576,2,"2,3,7,13,31",2^3 * 3^4 * 7^1 * 13^3 * 31^1,0,"5,11,17,19,23,29,37,41,43",
17835,2,"2,3,5,7,13,29,41",2^2 * 3^1 * 5^1 * 7^3 * 13^1 * 29^1 * 41^1,0,"11,17,19,23,31,37,43",
17917,2,"2,17,19,23,31,41",2^1 * 17^2 * 19^1 * 23^1 * 31^1 * 41^1,0,"3,5,7,11,13,29,37,43",
18240,2,"2,3,5,17,19,29,37",2^6 * 3^1 * 5^1 * 17^1 * 19^1 * 29^1 * 37^1,0,"7,11,13,23,31,41,43",
18490,2,"2,5,11,41,43",2^1 * 5^1 * 11^1 * 41^2 * 43^2,0,"3,7,13,17,19,23,29,31,37",
18791,2,"2,3,19,23,29,43",2^3 * 3^4 * 19^1 * 23^1 * 29^1 * 43^1,0,"5,7,11,13,17,31,37,41",
19227,2,"2,3,11,13,17,19,23,29",2^2 * 3^1 * 11^1 * 13^1 * 17^1 * 19^1 * 23^1 * 29^1,0,"5,7,31,37,41,43",
19250,2,"2,3,5,7,11,23,31",2^1 * 3^3 * 5^3 * 7^1 * 11^1 * 23^1 * 31^1,0,"13,17,19,29,37,41,43",
19343,2,"2,3,13,23,29,31",2^4 * 3^1 * 13^1 * 23^1 * 29^2 * 31^1,0,"5,7,11,17,19,37,41,43",
19499,2,"2,3,5,13,17,31,37",2^2 * 3^1 * 5^3 * 13^1 * 17^1 * 31^1 * 37^1,0,"7,11,19,23,29,41,43",
19550,2,"2,3,5,7,17,19,23",2^1 * 3^1 * 5^2 * 7^3 * 17^1 * 19^1 * 23^1,0,"11,13,29,31,37,41,43",
19683,2,"2,3,7,19,37",2^2 * 3^9 * 7^1 * 19^1 * 37^1,0,"5,11,13,17,23,29,31,41,43",
19720,2,"2,5,13,17,29,37,41",2^3 * 5^1 * 13^1 * 17^1 * 29^1 * 37^1 * 41^1,0,"3,7,11,19,23,31,43",
19844,2,"2,3,5,7,11,41",2^2 * 3^4 * 5^1 * 7^2 * 11^2 * 41^1,0,"13,17,19,23,29,31,37,43",
19964,2,"2,3,5,7,11,23,31",2^2 * 3^1 * 5^1 * 7^1 * 11^3 * 23^1 * 31^1,0,"13,17,19,29,37,41,43",
20124,2,"2,3,5,7,13,23,43",2^2 * 3^2 * 5^3 * 7^1 * 13^1 * 23^1 * 43^1,0,"11,17,19,29,31,37,41",
20349,2,"2,3,5,7,11,17,19,37",2^1 * 3^2 * 5^2 * 7^1 * 11^1 * 17^1 * 19^1 * 37^1,0,"13,23,29,31,41,43",
20424,2,"2,3,5,19,23,37,43",2^3 * 3^1 * 5^2 * 19^1 * 23^1 * 37^1 * 43^1,0,"7,11,13,17,29,31,41",
20735,2,"2,3,5,11,13,29",2^8 * 3^4 * 5^1 * 11^1 * 13^1 * 29^1,0,"7,17,19,23,31,37,41,43",
21141,2,"2,3,11,29,31",2^1 * 3^6 * 11^1 * 29^1 * 31^2,0,"5,7,13,17,19,23,37,41,43",
21504,2,"2,3,5,7,11,17,23",2^10 * 3^1 * 5^1 * 7^1 * 11^1 * 17^1 * 23^1,0,"13,19,29,31,37,41,43",
21735,2,"2,3,5,7,11,13,19,23",2^3 * 3^3 * 5^1 * 7^1 * 11^1 * 13^1 * 19^1 * 23^1,0,"17,29,31,37,41,43",
22015,2,"2,5,7,17,37,43",2^9 * 5^1 * 7^1 * 17^1 * 37^1 * 43^1,0,"3,11,13,19,23,29,31,41",
22099,2,"2,5,7,11,13,17,41",2^2 * 5^2 * 7^2 * 11^1 * 13^1 * 17^1 * 41^1,0,"3,19,23,29,31,37,43",
22274,2,"2,3,5,7,11,37,43",2^1 * 3^4 * 5^2 * 7^1 * 11^1 * 37^1 * 43^1,0,"13,17,19,23,29,31,41",
22385,2,"2,3,5,7,11,13,37,41",2^1 * 3^1 * 5^1 * 7^1 * 11^2 * 13^1 * 37^1 * 41^1,0,"17,19,23,29,31,43",
22815,2,"2,3,5,13,23,31",2^5 * 3^3 * 5^1 * 13^2 * 23^1 * 31^1,0,"7,11,17,19,29,37,41,43",
23000,2,"2,3,5,11,17,23,41",2^3 * 3^1 * 5^3 * 11^1 * 17^1 * 23^1 * 41^1,0,"7,13,19,29,31,37,43",
23199,2,"2,3,5,11,19,29,37",2^5 * 3^1 * 5^2 * 11^1 * 19^1 * 29^1 * 37^1,0,"7,13,17,23,31,41,43",
23275,2,"2,5,7,11,19,23",2^2 * 5^2 * 7^2 * 11^1 * 19^1 * 23^2,0,"3,13,17,29,31,37,41,43",
23374,2,"2,5,11,13,17,29,31",2^1 * 5^3 * 11^1 * 13^1 * 17^1 * 29^1 * 31^1,0,"3,7,19,23,37,41,43",
23408,2,"2,3,7,11,17,19",2^4 * 3^4 * 7^1 * 11^1 * 17^2 * 19^1,0,"5,13,23,29,31,37,41,43",
23715,2,"2,3,5,7,11,17,31",2^2 * 3^2 * 5^1 * 7^2 * 11^2 * 17^1 * 31^1,0,"13,19,23,29,37,41,43",
23750,2,"2,3,5,7,13,19,29",2^1 * 3^2 * 5^4 * 7^1 * 13^1 * 19^1 * 29^1,0,"11,17,23,31,37,41,43",
24024,2,"2,3,5,7,11,13,31",2^3 * 3^1 * 5^2 * 7^1 * 11^1 * 13^1 * 31^2,0,"17,19,23,29,37,41,43",
24149,2,"2,3,5,7,19,23,31,41",2^1 * 3^1 * 5^2 * 7^1 * 19^1 * 23^1 * 31^1 * 41^1,0,"11,13,17,29,37,43",
24272,2,"2,3,29,31,37,41",2^4 * 3^3 * 29^1 * 31^1 * 37^1 * 41^1,0,"5,7,11,13,17,19,23,43",
24794,2,"2,3,5,7,11,19,23,29",2^1 * 3^2 * 5^1 * 7^2 * 11^1 * 19^1 * 23^1 * 29^1,0,"13,17,31,37,41,43",
25024,2,"2,5,7,11,13,17,23",2^6 * 5^2 * 7^1 * 11^1 * 13^1 * 17^1 * 23^1,0,"3,19,29,31,37,41,43",
25584,2,"2,3,5,7,13,17,41,43",2^4 * 3^1 * 5^1 * 7^1 * 13^1 * 17^1 * 41^1 * 43^1,0,"11,19,23,29,31,37",
25839,2,"2,3,5,11,17,19,29",2^4 * 3^4 * 5^1 * 11^1 * 17^1 * 19^1 * 29^1,0,"7,13,23,31,37,41,43",
25920,2,"2,3,5,7,23",2^6 * 3^4 * 5^1 * 7^2 * 23^2,0,"11,13,17,19,29,31,37,41,43",
26010,2,"2,3,5,17,19,37",2^1 * 3^2 * 5^1 * 17^2 * 19^1 * 37^2,0,"7,11,13,23,29,31,41,43",
26999,2,"2,3,5,7,19,29",2^3 * 3^3 * 5^3 * 7^2 * 19^1 * 29^1,0,"11,13,17,23,31,37,41,43",
27047,2,"2,3,7,17,23,37,43",2^3 * 3^1 * 7^2 * 17^1 * 23^1 * 37^1 * 43^1,0,"5,11,13,19,29,31,41",
27404,2,"2,3,5,7,13,17,29,31",2^2 * 3^3 * 5^1 * 7^1 * 13^1 * 17^1 * 29^1 * 31^1,0,"11,19,23,37,41,43",
27455,2,"2,3,5,11,13,17,19",2^6 * 3^1 * 5^1 * 11^1 * 13^1 * 17^2 * 19^1,0,"7,23,29,31,37,41,43",
27675,2,"2,3,5,11,17,37,41",2^2 * 3^3 * 5^2 * 11^1 * 17^1 * 37^1 * 41^1,0,"7,13,19,23,29,31,43",
27950,2,"2,3,5,7,11,13,43",2^1 * 3^1 * 5^2 * 7^1 * 11^3 * 13^1 * 43^1,0,"17,19,23,29,31,37,41",
28125,2,"2,3,5,7,41",2^1 * 3^2 * 5^5 * 7^3 * 41^1,0,"11,13,17,19,23,29,31,37,43",
28560,2,"2,3,5,7,13,17",2^4 * 3^1 * 5^1 * 7^1 * 13^4 * 17^1,0,"11,19,23,29,31,37,41,43",
28594,2,"2,5,7,17,19,29,43",2^1 * 5^1 * 7^1 * 17^1 * 19^1 * 29^2 * 43^1,0,"3,11,13,23,31,37,41",
28749,2,"2,3,5,7,23,37",2^1 * 3^1 * 5^4 * 7^1 * 23^1 * 37^2,0,"11,13,17,19,29,31,41,43",
28860,2,"2,3,5,7,13,19,31,37",2^2 * 3^1 * 5^1 * 7^2 * 13^1 * 19^1 * 31^1 * 37^1,0,"11,17,23,29,41,43",
28899,2,"2,3,5,13,17,19",2^2 * 3^2 * 5^2 * 13^2 * 17^2 * 19^1,0,"7,11,23,29,31,37,41,43",
29232,2,"2,3,7,23,29,31,41",2^4 * 3^2 * 7^1 * 23^1 * 29^1 * 31^1 * 41^1,0,"5,11,13,17,19,37,43",
29240,2,"2,3,5,17,19,43",2^3 * 3^4 * 5^1 * 17^1 * 19^2 * 43^1,0,"7,11,13,23,29,31,37,41",
29325,2,"2,3,5,11,17,23,31,43",2^1 * 3^1 * 5^2 * 11^1 * 17^1 * 23^1 * 31^1 * 43^1,0,"7,13,19,29,37,41",
29600,2,"2,3,5,11,13,23,37",2^5 * 3^2 * 5^2 * 11^1 * 13^1 * 23^1 * 37^1,0,"7,17,19,29,31,41,43",
29601,2,"2,3,11,13,19,23,41",2^1 * 3^2 * 11^1 * 13^1 * 19^2 * 23^1 * 41^1,0,"5,7,17,29,31,37,43",
29791,2,"2,7,19,31",2^5 * 7^2 * 19^1 * 31^3,0,"3,5,11,13,17,23,29,37,41,43",
29970,2,"2,3,5,17,37,41,43",2^1 * 3^4 * 5^1 * 17^1 * 37^1 * 41^1 * 43^1,0,"7,11,13,19,23,29,31",
30380,2,"2,3,5,7,13,19,31,41",2^2 * 3^1 * 5^1 * 7^2 * 13^1 * 19^1 * 31^1 * 41^1,0,"11,17,23,29,37,43",
30624,2,"2,3,5,7,11,29",2^5 * 3^1 * 5^4 * 7^2 * 11^1 * 29^1,0,"13,17,19,23,31,37,41,43",
30855,2,"2,3,5,7,11,17,19,29",2^3 * 3^1 * 5^1 * 7^1 * 11^2 * 17^1 * 19^1 * 29^1,0,"13,23,31,37,41,43",
31212,2,"2,3,7,13,17",2^2 * 3^3 * 7^4 * 13^1 * 17^2,0,"5,11,19,23,29,31,37,41,43",
31433,2,"2,3,13,17,31,43",2^1 * 3^1 * 13^2 * 17^1 * 31^1 * 43^2,0,"5,7,11,19,23,29,37,41",
31464,2,"2,3,5,7,19,23,29,31",2^3 * 3^2 * 5^1 * 7^1 * 19^1 * 23^1 * 29^1 * 31^1,0,"11,13,17,37,41,43",
31487,2,"2,3,23,37,41",2^8 * 3^1 * 23^1 * 37^2 * 41^1,0,"5,7,11,13,17,19,29,31,43",
31899,2,"2,3,5,7,11,29,31",2^2 * 3^1 * 5^2 * 7^3 * 11^1 * 29^1 * 31^1,0,"13,17,19,23,37,41,43",
32798,2,"2,3,13,23,29,31",2^1 * 3^1 * 13^1 * 23^2 * 29^2 * 31^1,0,"5,7,11,17,19,37,41,43",
32799,2,"2,3,5,13,29,41",2^5 * 3^1 * 5^2 * 13^1 * 29^2 * 41^1,0,"7,11,17,19,23,31,37,43",
33263,2,"2,3,7,11,29,31,37",2^4 * 3^3 * 7^1 * 11^1 * 29^1 * 31^1 * 37^1,0,"5,13,17,19,23,41,43",
33669,2,"2,3,5,7,13,29,37,43",2^1 * 3^3 * 5^1 * 7^1 * 13^1 * 29^1 * 37^1 * 43^1,0,"11,17,19,23,31,41",
34224,2,"2,3,5,23,31,37",2^4 * 3^1 * 5^2 * 23^1 * 31^1 * 37^2,0,"7,11,13,17,19,29,41,43",
34595,2,"2,3,5,11,17,31,37",2^2 * 3^2 * 5^1 * 11^1 * 17^1 * 31^2 * 37^1,0,"7,13,19,23,29,41,43",
35321,2,"2,3,7,11,13,19,29",2^1 * 3^1 * 7^1 * 11^1 * 13^2 * 19^1 * 29^2,0,"5,17,23,31,37,41,43",
35815,2,"2,5,11,13,19,29,37",2^3 * 5^1 * 11^2 * 13^1 * 19^1 * 29^1 * 37^1,0,"3,7,17,23,31,41,43",
36162,2,"2,3,7,29,41,43",2^1 * 3^2 * 7^2 * 29^2 * 41^1 * 43^1,0,"5,11,13,17,19,23,31,37",
37179,2,"2,3,5,11,13,17",2^2 * 3^7 * 5^1 * 11^1 * 13^2 * 17^1,0,"7,19,23,29,31,37,41,43",
37323,2,"2,3,7,11,13,29,31,43",2^2 * 3^2 * 7^1 * 11^1 * 13^1 * 29^1 * 31^1 * 43^1,0,"5,17,19,23,37,41",
37925,2,"2,3,5,7,37,41,43",2^1 * 3^2 * 5^2 * 7^2 * 37^1 * 41^1 * 43^1,0,"11,13,17,19,23,29,31",
37961,2,"2,3,7,11,17,19,29,37",2^1 * 3^3 * 7^1 * 11^1 * 17^1 * 19^1 * 29^1 * 37^1,0,"5,13,23,31,41,43",
38570,2,"2,3,5,7,13,19,23,29,43",2^1 * 3^1 * 5^1 * 7^1 * 13^1 * 19^1 * 23^1 * 29^1 * 43^1,0,"11,17,31,37,41",
38961,2,"2,3,7,11,13,23,37",2^1 * 3^4 * 7^1 * 11^2 * 13^1 * 23^1 * 37^1,0,"5,17,19,29,31,41,43",
39215,2,"2,3,5,11,19,23,31,43",2^4 * 3^1 * 5^1 * 11^1 * 19^1 * 23^1 * 31^1 * 43^1,0,"7,13,17,29,37,41",
40204,2,"2,5,11,17,19,23,43",2^2 * 5^1 * 11^1 * 17^1 * 19^1 * 23^2 * 43^1,0,"3,7,13,29,31,37,41",
40425,2,"2,3,5,7,11,17,29,41",2^1 * 3^1 * 5^2 * 7^2 * 11^1 * 17^1 * 29^1 * 41^1,0,"13,19,23,31,37,43",
40959,2,"2,3,5,37,41",2^13 * 3^3 * 5^1 * 37^1 * 41^1,0,"7,11,13,17,19,23,29,31,43",
41040,2,"2,3,5,7,11,13,19,41",2^4 * 3^3 * 5^1 * 7^1 * 11^1 * 13^1 * 19^1 * 41^1,0,"17,23,29,31,37,43",
41261,2,"2,3,11,13,23,31",2^1 * 3^1 * 11^3 * 13^1 * 23^2 * 31^1,0,"5,7,17,19,29,37,41,43",
41327,2,"2,3,7,11,13,17,41",2^4 * 3^2 * 7^1 * 11^1 * 13^1 * 17^2 * 41^1,0,"5,19,23,29,31,37,43",
41514,2,"2,3,5,11,17,19,23,37",2^1 * 3^1 * 5^1 * 11^1 * 17^1 * 19^2 * 23^1 * 37^1,0,"7,13,29,31,41,43",
41615,2,"2,3,5,7,17,29,41",2^4 * 3^2 * 5^1 * 7^1 * 17^2 * 29^1 * 41^1,0,"11,13,19,23,31,37,43",
41624,2,"2,3,5,11,37,43",2^3 * 3^2 * 5^3 * 11^2 * 37^1 * 43^1,0,"7,13,17,19,23,29,31,41",
42483,2,"2,3,7,13,17,19,43",2^2 * 3^1 * 7^2 * 13^1 * 17^2 * 19^1 * 43^1,0,"5,11,23,29,31,37,41",
42624,2,"2,3,5,11,31,37",2^7 * 3^2 * 5^3 * 11^1 * 31^1 * 37^1,0,"7,13,17,19,23,29,41,43",
42687,2,"2,3,17,23,29,31",2^6 * 3^4 * 17^1 * 23^1 * 29^1 * 31^1,0,"5,7,11,13,19,37,41,43",
43263,2,"2,3,11,13,19,23",2^8 * 3^2 * 11^1 * 13^2 * 19^1 * 23^1,0,"5,7,17,29,31,37,41,43",
43400,2,"2,3,5,7,17,23,31,37",2^3 * 3^1 * 5^2 * 7^1 * 17^1 * 23^1 * 31^1 * 37^1,0,"11,13,19,29,41,43",
43680,2,"2,3,5,7,11,13,19",2^5 * 3^1 * 5^1 * 7^1 * 11^2 * 13^1 * 19^2,0,"17,23,29,31,37,41,43",
44505,2,"2,3,5,7,11,17,23,43",2^1 * 3^2 * 5^1 * 7^1 * 11^1 * 17^2 * 23^1 * 43^1,0,"13,19,29,31,37,41",
44954,2,"2,3,5,7,13,19,37",2^1 * 3^5 * 5^1 * 7^1 * 13^2 * 19^1 * 37^1,0,"11,17,23,29,31,41,43",
45695,2,"2,3,5,7,13,17,19,37",2^7 * 3^1 * 5^1 * 7^1 * 13^1 * 17^1 * 19^1 * 37^1,0,"11,23,29,31,41,43",
46207,2,"2,7,19,23,41",2^7 * 7^2 * 19^2 * 23^1 * 41^1,0,"3,5,11,13,17,29,31,37,43",
46655,2,"2,3,5,7,31,43",2^6 * 3^6 * 5^1 * 7^1 * 31^1 * 43^1,0,"11,13,17,19,23,29,37,41",
47124,2,"2,3,5,7,11,13,17,29",2^2 * 3^2 * 5^3 * 7^1 * 11^1 * 13^1 * 17^1 * 29^1,0,"19,23,31,37,41,43",
47150,2,"2,3,5,13,23,31,41",2^1 * 3^2 * 5^2 * 13^2 * 23^1 * 31^1 * 41^1,0,"7,11,17,19,29,37,43",
47385,2,"2,3,5,13,19,29,43",2^1 * 3^6 * 5^1 * 13^1 * 19^1 * 29^1 * 43^1,0,"7,11,17,23,31,37,41",
47600,2,"2,3,5,7,17,41,43",2^4 * 3^3 * 5^2 * 7^1 * 17^1 * 41^1 * 43^1,0,"11,13,19,23,29,31,37",
47915,2,"2,3,5,7,11,37",2^2 * 3^2 * 5^1 * 7^1 * 11^3 * 37^2,0,"13,17,19,23,29,31,41,43",
48749,2,"2,3,5,13,29,41",2^1 * 3^1 * 5^4 * 13^1 * 29^1 * 41^2,0,"7,11,17,19,23,31,37,43",
48762,2,"2,3,7,11,13,31,43",2^1 * 3^4 * 7^1 * 11^2 * 13^1 * 31^1 * 43^1,0,"5,17,19,23,29,37,41",
48840,2,"2,3,5,11,13,17,37",2^3 * 3^1 * 5^1 * 11^1 * 13^2 * 17^2 * 37^1,0,"7,19,23,29,31,41,43",
49010,2,"2,3,5,13,17,29,31",2^1 * 3^1 * 5^1 * 13^2 * 17^1 * 29^1 * 31^2,0,"7,11,19,23,37,41,43",
49247,2,"2,3,11,19,37",2^5 * 3^4 * 11^3 * 19^1 * 37^1,0,"5,7,13,17,23,29,31,41,43",
50024,2,"2,3,5,13,23,29,37",2^3 * 3^1 * 5^2 * 13^2 * 23^1 * 29^1 * 37^1,0,"7,11,17,19,31,41,43",
50653,2,"2,19,31,37,43",2^1 * 19^1 * 31^1 * 37^3 * 43^1,0,"3,5,7,11,13,17,23,29,41",
52325,2,"2,3,5,7,13,17,19,23",2^1 * 3^4 * 5^2 * 7^1 * 13^1 * 17^1 * 19^1 * 23^1,0,"11,29,31,37,41,43",
52479,2,"2,3,5,7,17,41",2^8 * 3^2 * 5^1 * 7^3 * 17^1 * 41^1,0,"11,13,19,23,29,31,37,43",
53360,2,"2,3,5,7,11,23,29",2^4 * 3^2 * 5^1 * 7^2 * 11^2 * 23^1 * 29^1,0,"13,17,19,31,37,41,43",
53504,2,"2,3,5,11,19,29,41",2^8 * 3^2 * 5^1 * 11^1 * 19^1 * 29^1 * 41^1,0,"7,13,17,23,31,37,43",
53750,2,"2,3,5,19,23,41,43",2^1 * 3^1 * 5^4 * 19^1 * 23^1 * 41^1 * 43^1,0,"7,11,13,17,29,31,37",
55055,2,"2,3,5,7,11,13,31,37",2^4 * 3^1 * 5^1 * 7^1 * 11^2 * 13^1 * 31^1 * 37^1,0,"17,19,23,29,41,43",
56202,2,"2,3,7,17,19,29,31,37",2^1 * 3^1 * 7^2 * 17^1 * 19^1 * 29^1 * 31^1 * 37^1,0,"5,11,13,23,41,43",
56375,2,"2,3,5,11,29,41",2^3 * 3^5 * 5^3 * 11^1 * 29^1 * 41^1,0,"7,13,17,19,23,31,37,43",
58310,2,"2,3,5,7,11,17,19,31",2^1 * 3^2 * 5^1 * 7^3 * 11^1 * 17^1 * 19^1 * 31^1,0,"13,23,29,37,41,43",
58652,2,"2,3,7,11,19,31,43",2^2 * 3^2 * 7^3 * 11^1 * 19^1 * 31^1 * 43^1,0,"5,13,17,23,29,37,41",
58695,2,"2,3,5,7,11,13,23,29,43",2^3 * 3^1 * 5^1 * 7^1 * 11^1 * 13^1 * 23^1 * 29^1 * 43^1,0,"17,19,31,37,41",
58995,2,"2,3,5,7,19,23,43",2^2 * 3^3 * 5^1 * 7^3 * 19^1 * 23^1 * 43^1,0,"11,13,17,29,31,37,41",
60515,2,"2,3,5,7,13,19,41",2^2 * 3^2 * 5^1 * 7^2 * 13^1 * 19^1 * 41^2,0,"11,17,23,29,31,37,43",
60543,2,"2,3,7,11,31,43",2^7 * 3^2 * 7^1 * 11^1 * 31^2 * 43^1,0,"5,13,17,19,23,29,37,41",
60605,2,"2,3,5,7,13,17,23,31,37",2^1 * 3^2 * 5^1 * 7^1 * 13^1 * 17^1 * 23^1 * 31^1 * 37^1,0,"11,19,29,41,43",
61008,2,"2,3,13,19,31,41",2^4 * 3^1 * 13^2 * 19^2 * 31^1 * 41^1,0,"5,7,11,17,23,29,37,43",
63426,2,"2,3,7,11,13,17,31,41",2^1 * 3^1 * 7^1 * 11^1 * 13^1 * 17^1 * 31^2 * 41^1,0,"5,19,23,29,37,43",
63713,2,"2,3,7,13,29,37,41",2^1 * 3^1 * 7^1 * 13^3 * 29^1 * 37^1 * 41^1,0,"5,11,17,19,23,31,43",
64124,2,"2,3,5,17,19,23,41",2^2 * 3^3 * 5^3 * 17^1 * 19^1 * 23^1 * 41^1,0,"7,11,13,29,31,37,43",
67080,2,"2,3,5,7,13,37,43",2^3 * 3^1 * 5^1 * 7^2 * 13^1 * 37^2 * 43^1,0,"11,17,19,23,29,31,41",
67424,2,"2,3,5,7,29,31,43",2^5 * 3^1 * 5^2 * 7^2 * 29^1 * 31^1 * 43^1,0,"11,13,17,19,23,37,41",
67599,2,"2,3,5,7,13,29,37",2^4 * 3^2 * 5^2 * 7^1 * 13^2 * 29^1 * 37^1,0,"11,17,19,23,31,41,43",
68782,2,"2,7,11,13,17,37",2^1 * 7^1 * 11^1 * 13^2 * 17^3 * 37^1,0,"3,5,19,23,29,31,41,43",
69874,2,"2,5,7,13,23,31,43",2^1 * 5^3 * 7^2 * 13^1 * 23^1 * 31^1 * 43^1,0,"3,11,17,19,29,37,41",
70356,2,"2,3,7,11,13,19,23,41",2^2 * 3^1 * 7^1 * 11^1 * 13^1 * 19^1 * 23^2 * 41^1,0,"5,17,29,31,37,43",
71484,2,"2,3,5,7,17,23,29,37",2^2 * 3^1 * 5^1 * 7^1 * 17^1 * 23^1 * 29^2 * 37^1,0,"11,13,19,31,41,43",
71874,2,"2,3,5,11,23",2^1 * 3^3 * 5^5 * 11^3 * 23^1,0,"7,13,17,19,29,31,37,41,43",
72500,2,"2,3,5,11,13,29",2^2 * 3^1 * 5^4 * 11^1 * 13^3 * 29^1,0,"7,17,19,23,31,37,41,43",
73185,2,"2,3,5,7,17,23,37,41,43",2^1 * 3^1 * 5^1 * 7^1 * 17^1 * 23^1 * 37^1 * 41^1 * 43^1,0,"11,13,19,29,31",
75140,2,"2,3,5,11,13,17,23",2^2 * 3^3 * 5^1 * 11^2 * 13^1 * 17^2 * 23^1,0,"7,19,29,31,37,41,43",
75809,2,"2,3,5,7,19,41,43",2^1 * 3^1 * 5^1 * 7^1 * 19^2 * 41^1 * 43^2,0,"11,13,17,23,29,31,37",
76383,2,"2,3,7,11,23,31,41",2^5 * 3^4 * 7^1 * 11^1 * 23^1 * 31^1 * 41^1,0,"5,13,17,19,29,37,43",
76544,2,"2,3,5,7,13,23",2^8 * 3^7 * 5^1 * 7^1 * 13^1 * 23^1,0,"11,17,19,29,31,37,41,43",
76874,2,"2,3,5,7,17,19,41",2^1 * 3^1 * 5^4 * 7^1 * 17^2 * 19^1 * 41^1,0,"11,13,23,29,31,37,43",
77440,2,"2,5,7,11,13,23,37",2^7 * 5^1 * 7^1 * 11^2 * 13^1 * 23^1 * 37^1,0,"3,17,19,29,31,41,43",
77571,2,"2,3,11,13,17,41,43",2^2 * 3^3 * 11^1 * 13^2 * 17^1 * 41^1 * 43^1,0,"5,7,19,23,29,31,37",
77615,2,"2,3,5,7,11,19,43",2^4 * 3^2 * 5^1 * 7^2 * 11^1 * 19^2 * 43^1,0,"13,17,23,29,31,37,41",
78336,2,"2,3,7,17,19,31",2^9 * 3^2 * 7^1 * 17^1 * 19^2 * 31^1,0,"5,11,13,23,29,37,41,43",
78624,2,"2,3,5,7,13,17,37",2^5 * 3^3 * 5^3 * 7^1 * 13^1 * 17^1 * 37^1,0,"11,19,23,29,31,41,43",
80919,2,"2,3,5,7,17,37",2^3 * 3^7 * 5^1 * 7^1 * 17^2 * 37^1,0,"11,13,19,23,29,31,41,43",
81344,2,"2,3,5,11,17,29,31,41",2^6 * 3^1 * 5^1 * 11^1 * 17^1 * 29^1 * 31^1 * 41^1,0,"7,13,19,23,37,43",
81548,2,"2,3,13,17,19,29,37,41",2^2 * 3^2 * 13^1 * 17^1 * 19^1 * 29^1 * 37^1 * 41^1,0,"5,7,11,23,31,43",
81795,2,"2,3,5,7,11,13,19,41",2^2 * 3^1 * 5^1 * 7^1 * 11^2 * 13^2 * 19^1 * 41^1,0,"17,23,29,31,37,43",
82368,2,"2,3,7,11,13,41",2^6 * 3^2 * 7^2 * 11^1 * 13^1 * 41^2,0,"5,17,19,23,29,31,37,43",
82620,2,"2,3,5,7,11,17,29,37",2^2 * 3^5 * 5^1 * 7^1 * 11^1 * 17^1 * 29^1 * 37^1,0,"13,19,23,31,41,43",
82943,2,"2,3,7,17,41",2^10 * 3^4 * 7^1 * 17^2 * 41^1,0,"5,11,13,19,23,29,31,37,43",
83520,2,"2,3,5,17,29",2^6 * 3^2 * 5^1 * 17^4 * 29^1,0,"7,11,13,19,23,31,37,41,43",
83979,2,"2,3,5,7,13,17,19,31,43",2^2 * 3^2 * 5^1 * 7^1 * 13^1 * 17^1 * 19^1 * 31^1 * 43^1,0,"11,23,29,37,41",
85063,2,"2,7,11,19,31,37",2^3 * 7^3 * 11^2 * 19^1 * 31^1 * 37^1,0,"3,5,13,17,23,29,41,43",
87464,2,"2,3,5,7,13,17,29",2^3 * 3^1 * 5^1 * 7^3 * 13^1 * 17^1 * 29^2,0,"11,19,23,31,37,41,43",
88319,2,"2,3,5,7,11,23,31,37",2^8 * 3^1 * 5^1 * 7^1 * 11^1 * 23^1 * 31^1 * 37^1,0,"13,17,19,29,41,43",
88451,2,"2,3,7,11,13,17,43",2^2 * 3^5 * 7^1 * 11^2 * 13^1 * 17^1 * 43^1,0,"5,19,23,29,31,37,41",
89375,2,"2,3,5,7,11,13,19",2^5 * 3^1 * 5^4 * 7^2 * 11^1 * 13^1 * 19^1,0,"17,23,29,31,37,41,43",
89999,2,"2,3,5,7,13,23,43",2^4 * 3^2 * 5^4 * 7^1 * 13^1 * 23^1 * 43^1,0,"11,17,19,29,31,37,41",
91839,2,"2,3,5,7,11,23,41",2^6 * 3^1 * 5^1 * 7^1 * 11^3 * 23^1 * 41^1,0,"13,17,19,29,31,37,43",
93092,2,"2,3,7,11,13,17,31,37",2^2 * 3^1 * 7^1 * 11^1 * 13^1 * 17^1 * 31^1 * 37^2,0,"5,19,23,29,41,43",
93499,2,"2,5,7,11,17,19,37",2^2 * 5^3 * 7^1 * 11^1 * 17^1 * 19^2 * 37^1,0,"3,13,23,29,31,41,43",
94299,2,"2,3,5,17,23,41,43",2^2 * 3^1 * 5^2 * 17^1 * 23^1 * 41^1 * 43^2,0,"7,11,13,19,29,31,37",
96875,2,"2,3,5,13,23,31",2^2 * 3^4 * 5^5 * 13^1 * 23^1 * 31^1,0,"7,11,17,19,29,37,41,43",
98735,2,"2,3,5,7,11,13,17,31",2^4 * 3^1 * 5^1 * 7^2 * 11^2 * 13^1 * 17^1 * 31^1,0,"19,23,29,37,41,43",
98900,2,"2,3,5,11,23,37,43",2^2 * 3^5 * 5^2 * 11^1 * 23^1 * 37^1 * 43^1,0,"7,13,17,19,29,31,41",
101269,2,"2,5,7,13,17,19,23,37,41",2^1 * 5^1 * 7^1 * 13^1 * 17^1 * 19^1 * 23^1 * 37^1 * 41^1,0,"3,11,29,31,43",
102486,2,"2,3,7,11,19,29,31",2^1 * 3^1 * 7^1 * 11^4 * 19^1 * 29^1 * 31^1,0,"5,13,17,23,37,41,43",
103155,2,"2,3,5,13,17,23,37,41",2^2 * 3^1 * 5^1 * 13^1 * 17^1 * 23^2 * 37^1 * 41^1,0,"7,11,19,29,31,43",
103935,2,"2,3,5,7,13,29,41",2^9 * 3^1 * 5^1 * 7^1 * 13^2 * 29^1 * 41^1,0,"11,17,19,23,31,37,43",
104328,2,"2,3,7,17,19,23",2^3 * 3^4 * 7^1 * 17^2 * 19^2 * 23^1,0,"5,11,13,29,31,37,41,43",
104975,2,"2,3,5,13,17,19",2^4 * 3^8 * 5^2 * 13^1 * 17^1 * 19^1,0,"7,11,23,29,31,37,41,43",
106190,2,"2,3,5,7,19,23,37,41",2^1 * 3^5 * 5^1 * 7^1 * 19^1 * 23^1 * 37^1 * 41^1,0,"11,13,17,29,31,43",
106640,2,"2,3,5,17,31,41,43",2^4 * 3^2 * 5^1 * 17^2 * 31^1 * 41^1 * 43^1,0,"7,11,13,19,23,29,37",
108375,2,"2,3,5,17,19,23,31",2^3 * 3^1 * 5^3 * 17^2 * 19^1 * 23^1 * 31^1,0,"7,11,13,29,37,41,43",
108779,2,"2,3,5,7,11,29,31,37",2^2 * 3^1 * 5^1 * 7^2 * 11^2 * 29^1 * 31^1 * 37^1,0,"13,17,19,23,41,43",
108927,2,"2,3,7,13,19,23,37",2^7 * 3^2 * 7^2 * 13^1 * 19^1 * 23^1 * 37^1,0,"5,11,17,29,31,41,43",
111111,2,"2,3,7,11,13,17,19,37,43",2^3 * 3^1 * 7^1 * 11^1 * 13^1 * 17^1 * 19^1 * 37^1 * 43^1,0,"5,23,29,31,41",
111320,2,"2,3,5,7,11,19,23,31",2^3 * 3^3 * 5^1 * 7^1 * 11^2 * 19^1 * 23^1 * 31^1,0,"13,17,29,37,41,43",
111475,2,"2,5,7,13,29,31",2^2 * 5^2 * 7^3 * 13^1 * 29^1 * 31^2,0,"3,11,17,19,23,37,41,43",
115884,2,"2,3,5,7,11,29,37,43",2^2 * 3^3 * 5^1 * 7^2 * 11^1 * 29^1 * 37^1 * 43^1,0,"13,17,19,23,31,41",
116280,2,"2,3,5,11,17,19,31",2^3 * 3^2 * 5^1 * 11^2 * 17^1 * 19^1 * 31^2,0,"7,13,23,29,37,41,43",
116963,2,"2,3,7,11,19,31",2^2 * 3^4 * 7^3 * 11^1 * 19^2 * 31^1,0,"5,13,17,23,29,37,41,43",
117623,2,"2,3,11,13,17,29,37",2^3 * 3^1 * 11^1 * 13^2 * 17^2 * 29^1 * 37^1,0,"5,7,19,23,31,41,43",
117648,2,"2,3,7,19,43",2^4 * 3^2 * 7^6 * 19^1 * 43^1,0,"5,11,13,17,23,29,31,37,41",
118335,2,"2,3,5,7,23,43",2^6 * 3^1 * 5^1 * 7^3 * 23^1 * 43^2,0,"11,13,17,19,29,31,37,41",
120175,2,"2,5,7,11,19,23,29,37",2^4 * 5^2 * 7^1 * 11^1 * 19^1 * 23^1 * 29^1 * 37^1,0,"3,13,17,31,41,43",
120744,2,"2,3,5,13,19,31,41,43",2^3 * 3^3 * 5^1 * 13^1 * 19^1 * 31^1 * 41^1 * 43^1,0,"7,11,17,23,29,37",
121770,2,"2,3,5,11,13,17,19,29,41",2^1 * 3^3 * 5^1 * 11^1 * 13^1 * 17^1 * 19^1 * 29^1 * 41^1,0,"7,23,31,37,43",
122264,2,"2,3,5,11,13,17,19,29,31",2^3 * 3^2 * 5^1 * 11^1 * 13^1 * 17^1 * 19^1 * 29^1 * 31^1,0,"7,23,37,41,43",
122451,2,"2,3,7,11,17,23",2^2 * 3^1 * 7^4 * 11^3 * 17^1 * 23^1,0,"5,13,19,29,31,37,41,43",
123200,2,"2,3,5,7,11,13",2^6 * 3^6 * 5^2 * 7^1 * 11^1 * 13^2,0,"17,19,23,29,31,37,41,43",
123969,2,"2,3,5,7,11,23,31,43",2^1 * 3^1 * 5^1 * 7^2 * 11^1 * 23^1 * 31^2 * 43^1,0,"13,17,19,29,37,41",
125000,2,"2,3,5,17,19,43",2^3 * 3^2 * 5^6 * 17^1 * 19^1 * 43^1,0,"7,11,13,23,29,31,37,41",
126224,2,"2,3,5,7,11,17,23",2^4 * 3^3 * 5^2 * 7^3 * 11^1 * 17^1 * 23^1,0,"13,19,29,31,37,41,43",
127280,2,"2,3,5,7,11,19,29,37,43",2^4 * 3^1 * 5^1 * 7^1 * 11^1 * 19^1 * 29^1 * 37^1 * 43^1,0,"13,17,23,31,41",
130339,2,"2,5,7,11,17,19,41",2^2 * 5^1 * 7^3 * 11^1 * 17^2 * 19^1 * 41^1,0,"3,13,23,29,31,37,43",
134848,2,"2,7,11,13,23,41,43",2^6 * 7^2 * 11^1 * 13^1 * 23^1 * 41^1 * 43^1,0,"3,5,17,19,29,31,37",
134849,2,"2,3,5,11,13,23,29,31,41",2^1 * 3^1 * 5^2 * 11^1 * 13^1 * 23^1 * 29^1 * 31^1 * 41^1,0,"7,17,19,37,43",
136160,2,"2,3,5,23,37,41",2^5 * 3^4 * 5^1 * 23^1 * 37^1 * 41^2,0,"7,11,13,17,19,29,31,43",
136850,2,"2,3,5,7,11,13,17,23,29",2^1 * 3^1 * 5^2 * 7^1 * 11^2 * 13^1 * 17^1 * 23^1 * 29^1,0,"19,31,37,41,43",
142884,2,"2,3,5,7,17,41",2^2 * 3^6 * 5^1 * 7^2 * 17^1 * 41^2,0,"11,13,19,23,29,31,37,43",
143374,2,"2,5,7,11,19,31,37",2^1 * 5^3 * 7^3 * 11^1 * 19^1 * 31^1 * 37^1,0,"3,13,17,23,29,41,43",
144738,2,"2,3,7,11,17,23,29,31,43",2^1 * 3^2 * 7^1 * 11^1 * 17^1 * 23^1 * 29^1 * 31^1 * 43^1,0,"5,13,19,37,41",
151249,2,"2,5,7,11,17,31,41",2^1 * 5^4 * 7^1 * 11^2 * 17^1 * 31^1 * 41^1,0,"3,13,19,23,29,37,43",
152684,2,"2,3,5,7,13,19,29,41",2^2 * 3^4 * 5^1 * 7^2 * 13^1 * 19^1 * 29^1 * 41^1,0,"11,17,23,31,37,43",
152880,2,"2,3,5,7,13,17,23",2^4 * 3^1 * 5^1 * 7^2 * 13^1 * 17^2 * 23^2,0,"11,19,29,31,37,41,43",
153790,2,"2,5,7,11,13,31,41",2^1 * 5^1 * 7^1 * 11^2 * 13^3 * 31^1 * 41^1,0,"3,17,19,23,29,37,43",
155584,2,"2,5,11,13,17,29,37",2^6 * 5^1 * 11^1 * 13^1 * 17^1 * 29^2 * 37^1,0,"3,7,19,23,31,41,43",
156065,2,"2,3,5,7,13,19,37",2^1 * 3^1 * 5^1 * 7^4 * 13^1 * 19^1 * 37^2,0,"11,17,23,29,31,41,43",
156332,2,"2,3,11,17,19,31,41",2^2 * 3^1 * 11^2 * 17^1 * 19^1 * 31^1 * 41^2,0,"5,7,13,23,29,37,43",
156519,2,"2,3,5,7,11,13,17,31,43",2^3 * 3^3 * 5^1 * 7^1 * 11^1 * 13^1 * 17^1 * 31^1 * 43^1,0,"19,23,29,37,41",
158949,2,"2,3,5,7,11,17,29",2^1 * 3^3 * 5^2 * 7^1 * 11^1 * 17^2 * 29^2,0,"13,19,23,31,37,41,43",
161874,2,"2,3,5,7,17,23,37",2^1 * 3^2 * 5^4 * 7^1 * 17^1 * 23^2 * 37^1,0,"11,13,19,29,31,41,43",
162239,2,"2,3,5,7,11,13,43",2^6 * 3^1 * 5^1 * 7^3 * 11^1 * 13^2 * 43^1,0,"17,19,23,29,31,37,41",
164835,2,"2,3,5,7,11,29,37",2^2 * 3^4 * 5^1 * 7^2 * 11^1 * 29^2 * 37^1,0,"13,17,19,23,31,41,43",
165375,2,"2,3,5,7,17,19",2^9 * 3^3 * 5^3 * 7^2 * 17^1 * 19^1,0,"11,13,23,29,31,37,41,43",
165648,2,"2,3,7,11,17,29,37",2^4 * 3^1 * 7^1 * 11^2 * 17^1 * 29^1 * 37^2,0,"5,13,19,23,31,41,43",
166634,2,"2,3,5,7,13,17,23,29",2^1 * 3^2 * 5^1 * 7^1 * 13^2 * 17^1 * 23^2 * 29^1,0,"11,19,31,37,41,43",
168750,2,"2,3,5,11,23,29",2^1 * 3^3 * 5^5 * 11^1 * 23^2 * 29^1,0,"7,13,17,19,31,37,41,43",
170624,2,"2,3,5,7,13,31,43",2^7 * 3^1 * 5^4 * 7^1 * 13^1 * 31^1 * 43^1,0,"11,17,19,23,29,37,41",
170752,2,"2,11,19,23,29,43",2^8 * 11^1 * 19^2 * 23^1 * 29^1 * 43^1,0,"3,5,7,13,17,31,37,41",
174096,2,"2,3,7,11,13,17,19,31",2^4 * 3^3 * 7^2 * 11^1 * 13^1 * 17^1 * 19^1 * 31^1,0,"5,23,29,37,41,43",
174824,2,"2,3,5,7,13,37,41",2^3 * 3^3 * 5^2 * 7^1 * 13^1 * 37^1 * 41^2,0,"11,17,19,23,29,31,43",
175769,2,"2,3,5,7,11,19,29,31",2^1 * 3^4 * 5^1 * 7^1 * 11^1 * 19^1 * 29^2 * 31^1,0,"13,17,23,37,41,43",
176000,2,"2,3,5,7,11,17,29",2^7 * 3^1 * 5^3 * 7^1 * 11^1 * 17^2 * 29^1,0,"13,19,23,31,37,41,43",
176175,2,"2,3,5,7,11,13,29",2^4 * 3^5 * 5^2 * 7^1 * 11^2 * 13^1 * 29^1,0,"17,19,23,31,37,41,43",
178125,2,"2,3,5,13,17,19,31",2^1 * 3^1 * 5^5 * 13^2 * 17^1 * 19^1 * 31^1,0,"7,11,23,29,37,41,43",
181202,2,"2,3,7,11,17,19,43",2^1 * 3^1 * 7^2 * 11^1 * 17^2 * 19^1 * 43^2,0,"5,13,23,29,31,37,41",
184092,2,"2,3,7,13,17,23,29",2^2 * 3^1 * 7^2 * 13^1 * 17^2 * 23^2 * 29^1,0,"5,11,19,31,37,41,43",
186591,2,"2,3,7,17,37,41",2^5 * 3^1 * 7^3 * 17^1 * 37^1 * 41^2,0,"5,11,13,19,23,29,31,43",
190463,2,"2,3,7,13,23,31",2^11 * 3^1 * 7^2 * 13^2 * 23^1 * 31^1,0,"5,11,17,19,29,37,41,43",
192510,2,"2,3,5,11,23,31,37,43",2^1 * 3^3 * 5^1 * 11^2 * 23^1 * 31^1 * 37^1 * 43^1,0,"7,13,17,19,29,41",
193843,2,"2,7,13,23,31,37,43",2^2 * 7^2 * 13^2 * 23^1 * 31^1 * 37^1 * 43^1,0,"3,5,11,17,19,29,41",
194480,2,"2,3,5,7,11,13,17",2^4 * 3^4 * 5^1 * 7^4 * 11^1 * 13^1 * 17^1,0,"19,23,29,31,37,41,43",
198911,2,"2,3,7,19,29,37",2^8 * 3^1 * 7^1 * 19^3 * 29^1 * 37^1,0,"5,11,13,17,23,31,41,43",
202124,2,"2,3,5,7,11,13,23",2^2 * 3^1 * 5^3 * 7^2 * 11^1 * 13^3 * 23^1,0,"17,19,29,31,37,41,43",
203319,2,"2,3,5,13,17,19,23,29,41",2^3 * 3^2 * 5^1 * 13^1 * 17^1 * 19^1 * 23^1 * 29^1 * 41^1,0,"7,11,31,37,43",
203390,2,"2,3,5,11,31,43",2^1 * 3^8 * 5^1 * 11^1 * 31^1 * 43^2,0,"7,13,17,19,23,29,37,41",
207575,2,"2,3,5,19,23,31",2^3 * 3^3 * 5^2 * 19^2 * 23^1 * 31^2,0,"7,11,13,17,29,37,41,43",
208494,2,"2,3,5,7,11,13,23,37",2^1 * 3^6 * 5^1 * 7^2 * 11^1 * 13^1 * 23^1 * 37^1,0,"17,19,29,31,41,43",
212380,2,"2,5,7,13,17,31,37,41",2^2 * 5^1 * 7^1 * 13^1 * 17^1 * 31^2 * 37^1 * 41^1,0,"3,11,19,23,29,43",
212381,2,"2,3,13,17,19,23,31",2^1 * 3^5 * 13^1 * 17^1 * 19^1 * 23^1 * 31^2,0,"5,7,11,29,37,41,43",
223040,2,"2,3,5,7,13,17,19,41,43",2^6 * 3^1 * 5^1 * 7^1 * 13^1 * 17^1 * 19^1 * 41^1 * 43^1,0,"11,23,29,31,37",
227069,2,"2,3,5,17,19,29,37",2^1 * 3^3 * 5^1 * 17^1 * 19^2 * 29^2 * 37^1,0,"7,11,13,23,31,41,43",
227447,2,"2,3,11,13,23,29,31",2^3 * 3^7 * 11^1 * 13^1 * 23^1 * 29^1 * 31^1,0,"5,7,17,19,37,41,43",
228095,2,"2,3,5,7,11,19",2^8 * 3^4 * 5^1 * 7^4 * 11^1 * 19^1,0,"13,17,23,29,31,37,41,43",
228780,2,"2,3,5,7,23,29,31,41",2^2 * 3^2 * 5^1 * 7^3 * 23^1 * 29^1 * 31^1 * 41^1,0,"11,13,17,19,37,43",
235467,2,"2,3,17,19,37,43",2^2 * 3^6 * 17^1 * 19^1 * 37^2 * 43^1,0,"5,7,11,13,23,29,31,41",
240064,2,"2,5,7,11,19,31",2^6 * 5^1 * 7^1 * 11^2 * 19^3 * 31^1,0,"3,13,17,23,29,37,41,43",
240786,2,"2,3,7,13,19,23,29",2^1 * 3^3 * 7^3 * 13^1 * 19^2 * 23^1 * 29^1,0,"5,11,17,31,37,41,43",
243048,2,"2,3,13,17,19,29,41",2^3 * 3^1 * 13^1 * 17^2 * 19^1 * 29^2 * 41^1,0,"5,7,11,23,31,37,43",
244035,2,"2,3,5,11,13,17,19,29",2^2 * 3^2 * 5^1 * 11^1 * 13^2 * 17^1 * 19^2 * 29^1,0,"7,23,31,37,41,43",
245024,2,"2,3,5,11,13,19,31",2^5 * 3^4 * 5^2 * 11^2 * 13^1 * 19^1 * 31^1,0,"7,17,23,29,37,41,43",
245916,2,"2,3,7,11,19,23,43",2^2 * 3^5 * 7^1 * 11^1 * 19^1 * 23^1 * 43^2,0,"5,13,17,29,31,37,41",
254448,2,"2,3,13,19,23,31,37",2^4 * 3^3 * 13^1 * 19^1 * 23^2 * 31^1 * 37^1,0,"5,7,11,17,29,41,43",
259160,2,"2,3,5,7,11,19,31,41,43",2^3 * 3^1 * 5^1 * 7^2 * 11^1 * 19^1 * 31^1 * 41^1 * 43^1,0,"13,17,23,29,37",
260337,2,"2,3,7,11,13,17,19,23,31",2^1 * 3^1 * 7^3 * 11^1 * 13^1 * 17^1 * 19^1 * 23^1 * 31^1,0,"5,29,37,41,43",
264384,2,"2,3,5,11,17,19,23",2^6 * 3^5 * 5^1 * 11^2 * 17^1 * 19^1 * 23^1,0,"7,13,29,31,37,41,43",
268191,2,"2,3,7,11,17,29,43",2^5 * 3^4 * 7^1 * 11^1 * 17^2 * 29^1 * 43^1,0,"5,13,19,23,31,37,41",
268800,2,"2,3,5,7,13,23,29,31",2^9 * 3^1 * 5^2 * 7^1 * 13^1 * 23^1 * 29^1 * 31^1,0,"11,17,19,37,41,43",
270599,2,"2,3,5,7,11,29,31,41,43",2^3 * 3^1 * 5^2 * 7^1 * 11^1 * 29^1 * 31^1 * 41^1 * 43^1,0,"13,17,19,23,37",
275807,2,"2,3,7,13,17,31,41",2^5 * 3^1 * 7^1 * 13^2 * 17^1 * 31^2 * 41^1,0,"5,11,19,23,29,37,43",
278783,2,"2,3,11,17,23,31",2^8 * 3^2 * 11^2 * 17^1 * 23^2 * 31^1,0,"5,7,13,19,29,37,41,43",
282624,2,"2,3,5,7,17,19,23",2^12 * 3^1 * 5^3 * 7^1 * 17^1 * 19^1 * 23^1,0,"11,13,29,31,37,41,43",
284375,2,"2,3,5,7,13,17,41",2^3 * 3^1 * 5^5 * 7^1 * 13^1 * 17^2 * 41^1,0,"11,19,23,29,31,37,43",
285417,2,"2,3,7,11,19,29,31,37",2^1 * 3^3 * 7^1 * 11^1 * 19^1 * 29^1 * 31^2 * 37^1,0,"5,13,17,23,41,43",
288144,2,"2,3,5,11,13,23,29,31",2^4 * 3^3 * 5^1 * 11^1 * 13^2 * 23^1 * 29^1 * 31^1,0,"7,17,19,37,41,43",
303600,2,"2,3,5,11,19,23,29",2^4 * 3^1 * 5^2 * 11^1 * 19^2 * 23^1 * 29^2,0,"7,13,17,31,37,41,43",
312480,2,"2,3,5,7,13,31,43",2^5 * 3^2 * 5^1 * 7^1 * 13^2 * 31^1 * 43^2,0,"11,17,19,23,29,37,41",
313599,2,"2,3,5,7,11,13,17,43",2^8 * 3^1 * 5^2 * 7^2 * 11^1 * 13^1 * 17^1 * 43^1,0,"19,23,29,31,37,41",
314432,2,"2,3,7,17,23,31",2^6 * 3^2 * 7^2 * 17^3 * 23^1 * 31^1,0,"5,11,13,19,29,37,41,43",
319124,2,"2,3,5,13,17,19,23,37",2^2 * 3^1 * 5^3 * 13^1 * 17^1 * 19^2 * 23^1 * 37^1,0,"7,11,29,31,41,43",
328509,2,"2,3,5,7,13,19,23",2^1 * 3^3 * 5^1 * 7^1 * 13^1 * 19^2 * 23^3,0,"11,17,29,31,37,41,43",
330624,2,"2,3,5,7,23,41",2^7 * 3^2 * 5^4 * 7^1 * 23^2 * 41^1,0,"11,13,17,19,29,31,37,43",
336140,2,"2,3,5,7,13,17",2^2 * 3^2 * 5^1 * 7^5 * 13^3 * 17^1,0,"11,19,23,29,31,37,41,43",
338624,2,"2,3,5,7,11,13,37,43",2^6 * 3^2 * 5^3 * 7^1 * 11^1 * 13^1 * 37^1 * 43^1,0,"17,19,23,29,31,41",
342924,2,"2,3,5,11,17,29,41,43",2^2 * 3^1 * 5^2 * 11^1 * 17^1 * 29^1 * 41^2 * 43^1,0,"7,13,19,23,31,37",
343914,2,"2,3,5,11,13,31,37,43",2^1 * 3^1 * 5^1 * 11^1 * 13^2 * 31^1 * 37^1 * 43^2,0,"7,17,19,23,29,41",
346579,2,"2,5,13,17,19,29,31,37,43",2^2 * 5^1 * 13^1 * 17^1 * 19^1 * 29^1 * 31^1 * 37^1 * 43^1,0,"3,7,11,23,41",
348725,2,"2,3,5,7,13,19,23,29,37",2^1 * 3^1 * 5^2 * 7^1 * 13^1 * 19^2 * 23^1 * 29^1 * 37^1,0,"11,17,31,41,43",
356642,2,"2,3,7,11,13,17,29,37,43",2^1 * 3^4 * 7^1 * 11^1 * 13^1 * 17^1 * 29^1 * 37^1 * 43^1,0,"5,19,23,31,41",
360639,2,"2,3,5,7,19,23,37",2^6 * 3^3 * 5^1 * 7^2 * 19^2 * 23^1 * 37^1,0,"11,13,17,29,31,41,43",
361415,2,"2,3,5,11,37,41,43",2^3 * 3^1 * 5^1 * 11^1 * 37^2 * 41^2 * 43^1,0,"7,13,17,19,23,29,31",
378879,2,"2,3,5,17,19,23,37",2^11 * 3^1 * 5^1 * 17^2 * 19^1 * 23^1 * 37^1,0,"7,11,13,29,31,41,43",
385236,2,"2,3,17,29,31,41,43",2^2 * 3^4 * 17^2 * 29^1 * 31^1 * 41^1 * 43^1,0,"5,7,11,13,19,23,37",
386630,2,"2,3,5,7,17,19,23,41",2^1 * 3^2 * 5^1 * 7^1 * 17^1 * 19^2 * 23^1 * 41^2,0,"11,13,29,31,37,43",
389499,2,"2,3,5,11,19,29,37,41",2^2 * 3^1 * 5^3 * 11^2 * 19^1 * 29^1 * 37^1 * 41^1,0,"7,13,17,23,31,43",
390165,2,"2,3,5,7,19,29,31,37",2^1 * 3^1 * 5^1 * 7^1 * 19^1 * 29^1 * 31^2 * 37^2,0,"11,13,17,23,41,43",
390224,2,"2,3,5,11,29,43",2^4 * 3^1 * 5^2 * 11^2 * 29^3 * 43^1,0,"7,13,17,19,23,31,37,41",
394009,2,"2,5,7,11,17,31,41,43",2^1 * 5^1 * 7^2 * 11^1 * 17^1 * 31^2 * 41^1 * 43^1,0,"3,13,19,23,29,37",
395199,2,"2,3,5,7,13,17,19,41",2^6 * 3^4 * 5^2 * 7^1 * 13^1 * 17^1 * 19^1 * 41^1,0,"11,23,29,31,37,43",
410669,2,"2,3,5,7,13,17,29",2^1 * 3^5 * 5^1 * 7^2 * 13^2 * 17^2 * 29^1,0,"11,19,23,31,37,41,43",
412090,2,"2,5,7,19,23,29,41",2^1 * 5^1 * 7^2 * 19^1 * 23^2 * 29^2 * 41^1,0,"3,11,13,17,31,37,43",
416024,2,"2,3,5,7,17,19,23,43",2^3 * 3^2 * 5^2 * 7^1 * 17^1 * 19^1 * 23^1 * 43^2,0,"11,13,29,31,37,41",
418760,2,"2,3,5,7,17,19,23,29",2^3 * 3^2 * 5^1 * 7^1 * 17^2 * 19^2 * 23^1 * 29^1,0,"11,13,31,37,41,43",
419120,2,"2,3,5,13,19,31,43",2^4 * 3^3 * 5^1 * 13^2 * 19^2 * 31^1 * 43^1,0,"7,11,17,23,29,37,41",
427720,2,"2,5,7,17,29,37,43",2^3 * 5^1 * 7^3 * 17^2 * 29^1 * 37^1 * 43^1,0,"3,11,13,19,23,31,41",
430559,2,"2,3,5,13,17,19,23,31,43",2^5 * 3^2 * 5^1 * 13^1 * 17^1 * 19^1 * 23^1 * 31^1 * 43^1,0,"7,11,29,37,41",
431375,2,"2,3,5,7,11,17,19,29,43",2^4 * 3^1 * 5^3 * 7^1 * 11^1 * 17^1 * 19^1 * 29^1 * 43^1,0,"13,23,31,37,41",
432344,2,"2,3,5,11,17,19,37,41",2^3 * 3^1 * 5^1 * 11^1 * 17^3 * 19^1 * 37^1 * 41^1,0,"7,13,23,29,31,43",
436449,2,"2,3,5,7,13,19,29,31,43",2^1 * 3^1 * 5^2 * 7^1 * 13^1 * 19^2 * 29^1 * 31^1 * 43^1,0,"11,17,23,37,41",
443555,2,"2,3,5,7,19,23,29,37",2^2 * 3^4 * 5^1 * 7^1 * 19^1 * 23^1 * 29^1 * 37^2,0,"11,13,17,31,41,43",
446368,2,"2,7,11,13,17,29,31,37",2^5 * 7^1 * 11^2 * 13^1 * 17^1 * 29^1 * 31^1 * 37^1,0,"3,5,19,23,41,43",
453375,2,"2,3,5,7,11,13,23,31",2^8 * 3^2 * 5^3 * 7^1 * 11^1 * 13^1 * 23^1 * 31^1,0,"17,19,29,37,41,43",
453870,2,"2,3,5,11,31,41",2^1 * 3^3 * 5^1 * 11^4 * 31^1 * 41^2,0,"7,13,17,19,23,29,37,43",
456875,2,"2,3,5,7,17,37,43",2^2 * 3^2 * 5^4 * 7^3 * 17^1 * 37^1 * 43^1,0,"11,13,19,23,29,31,41",
459172,2,"2,7,11,13,19,23,31",2^2 * 7^1 * 11^1 * 13^3 * 19^1 * 23^2 * 31^1,0,"3,5,17,29,37,41,43",
459799,2,"2,5,11,17,19,37,43",2^3 * 5^2 * 11^2 * 17^2 * 19^1 * 37^1 * 43^1,0,"3,7,13,23,29,31,41",
461824,2,"2,5,7,11,13,29,41",2^10 * 5^2 * 7^2 * 11^1 * 13^1 * 29^1 * 41^1,0,"3,17,19,23,31,37,43",
466088,2,"2,3,7,13,17,19,29,37,41",2^3 * 3^1 * 7^2 * 13^1 * 17^1 * 19^1 * 29^1 * 37^1 * 41^1,0,"5,11,23,31,43",
466829,2,"2,3,5,7,11,13,19,31,37",2^1 * 3^3 * 5^1 * 7^1 * 11^1 * 13^1 * 19^1 * 31^1 * 37^2,0,"17,23,29,41,43",
469567,2,"2,7,11,23,29,37",2^6 * 7^3 * 11^1 * 23^1 * 29^1 * 37^2,0,"3,5,13,17,19,31,41,43",
476748,2,"2,3,7,13,17,19,31,41",2^2 * 3^2 * 7^1 * 13^3 * 17^1 * 19^1 * 31^1 * 41^1,0,"5,11,23,29,37,43",
482447,2,"2,3,7,19,23,41",2^4 * 3^1 * 7^1 * 19^1 * 23^2 * 41^3,0,"5,11,13,17,29,31,37,43",
491877,2,"2,3,17,23,31,37,41,43",2^1 * 3^2 * 17^2 * 23^1 * 31^1 * 37^1 * 41^1 * 43^1,0,"5,7,11,13,19,29",
494208,2,"2,3,11,13,19,37",2^7 * 3^3 * 11^1 * 13^1 * 19^2 * 37^2,0,"5,7,17,23,29,31,41,43",
501423,2,"2,3,7,11,13,23,37,43",2^4 * 3^1 * 7^1 * 11^2 * 13^2 * 23^1 * 37^1 * 43^1,0,"5,17,19,29,31,41",
509795,2,"2,3,5,7,11,13,17,23,31",2^2 * 3^2 * 5^1 * 7^2 * 11^1 * 13^1 * 17^2 * 23^1 * 31^1,0,"19,29,37,41,43",
512000,2,"2,3,5,7,43",2^12 * 3^5 * 5^3 * 7^2 * 43^1,0,"11,13,17,19,23,29,31,37,41",
524799,2,"2,3,5,11,19,31,41",2^9 * 3^4 * 5^2 * 11^1 * 19^1 * 31^1 * 41^1,0,"7,13,17,23,29,37,43",
527136,2,"2,3,13,17,19,23,41,43",2^5 * 3^1 * 13^1 * 17^2 * 19^1 * 23^1 * 41^1 * 43^1,0,"5,7,11,29,31,37",
536238,2,"2,3,11,29,31,41",2^1 * 3^2 * 11^1 * 29^1 * 31^3 * 41^2,0,"5,7,13,17,19,23,37,43",
558656,2,"2,3,7,11,19,29,43",2^6 * 3^5 * 7^1 * 11^2 * 19^1 * 29^1 * 43^1,0,"5,13,17,23,31,37,41",
561924,2,"2,3,5,7,11,13,19,43",2^2 * 3^3 * 5^2 * 7^1 * 11^2 * 13^2 * 19^1 * 43^1,0,"17,23,29,31,37,41",
589743,2,"2,3,7,11,23,29,31,37,41",2^4 * 3^2 * 7^1 * 11^1 * 23^1 * 29^1 * 31^1 * 37^1 * 41^1,0,"5,13,17,19,43",
589874,2,"2,3,5,11,13,19,43",2^1 * 3^1 * 5^3 * 11^2 * 13^1 * 19^3 * 43^1,0,"7,17,23,29,31,37,41",
601425,2,"2,3,5,7,11,17,19",2^1 * 3^7 * 5^2 * 7^2 * 11^1 * 17^1 * 19^2,0,"13,23,29,31,37,41,43",
610203,2,"2,3,7,11,19,31,37,41",2^2 * 3^1 * 7^1 * 11^2 * 19^1 * 31^1 * 37^1 * 41^2,0,"5,13,17,23,29,43",
613088,2,"2,3,7,17,23,29",2^5 * 3^6 * 7^2 * 17^1 * 23^1 * 29^2,0,"5,11,13,19,31,37,41,43",
622080,2,"2,3,5,17,23,37,43",2^9 * 3^5 * 5^1 * 17^1 * 23^1 * 37^1 * 43^1,0,"7,11,13,19,29,31,41",
633555,2,"2,3,5,7,11,13,17,19",2^2 * 3^3 * 5^1 * 7^1 * 11^3 * 13^1 * 17^1 * 19^2,0,"23,29,31,37,41,43",
638000,2,"2,3,5,7,11,13,19,29,41",2^4 * 3^2 * 5^3 * 7^1 * 11^1 * 13^1 * 19^1 * 29^1 * 41^1,0,"17,23,31,37,43",
640871,2,"2,3,7,11,23,29,41,43",2^3 * 3^4 * 7^2 * 11^1 * 23^1 * 29^1 * 41^1 * 43^1,0,"5,13,17,19,31,37",
643125,2,"2,3,5,7,11,23,31,41",2^1 * 3^1 * 5^4 * 7^3 * 11^1 * 23^1 * 31^1 * 41^1,0,"13,17,19,29,37,43",
658502,2,"2,3,13,19,29,31,43",2^1 * 3^3 * 13^1 * 19^1 * 29^3 * 31^1 * 43^1,0,"5,7,11,17,23,37,41",
675583,2,"2,7,13,19,29,31,37",2^8 * 7^1 * 13^1 * 19^1 * 29^1 * 31^2 * 37^1,0,"3,5,11,17,23,41,43",
679041,2,"2,3,7,11,13,19,41",2^1 * 3^2 * 7^2 * 11^1 * 13^2 * 19^3 * 41^1,0,"5,17,23,29,31,37,43",
695266,2,"2,11,13,17,19,23,37,43",2^1 * 11^2 * 13^2 * 17^1 * 19^1 * 23^1 * 37^1 * 43^1,0,"3,5,7,29,31,41",
709631,2,"2,3,7,11,13,17,19",2^10 * 3^2 * 7^1 * 11^1 * 13^3 * 17^1 * 19^1,0,"5,23,29,31,37,41,43",
728364,2,"2,3,5,7,11,13,17,19,23,29,41",2^2 * 3^1 * 5^1 * 7^1 * 11^1 * 13^1 * 17^1 * 19^1 * 23^1 * 29^1 * 41^1,0,"31,37,43",
769119,2,"2,3,5,11,13,19,23,37,41",2^5 * 3^1 * 5^1 * 11^1 * 13^2 * 19^1 * 23^1 * 37^1 * 41^1,0,"7,17,29,31,43",
773604,2,"2,3,5,7,13,19,23,29,31",2^2 * 3^3 * 5^1 * 7^1 * 13^1 * 19^1 * 23^1 * 29^1 * 31^2,0,"11,17,37,41,43",
777924,2,"2,3,5,7,29,37",2^2 * 3^4 * 5^2 * 7^4 * 29^2 * 37^1,0,"11,13,17,19,23,31,41,43",
779246,2,"2,3,7,13,17,19,31,41,43",2^1 * 3^3 * 7^2 * 13^1 * 17^1 * 19^1 * 31^1 * 41^1 * 43^1,0,"5,11,23,29,37",
787175,2,"2,3,5,13,23,29,37",2^3 * 3^2 * 5^2 * 13^1 * 23^1 * 29^2 * 37^2,0,"7,11,17,19,31,41,43",
790855,2,"2,5,11,13,19,23,43",2^3 * 5^1 * 11^2 * 13^1 * 19^1 * 23^3 * 43^1,0,"3,7,17,29,31,37,41",
798720,2,"2,3,5,7,11,13,23,41",2^12 * 3^1 * 5^1 * 7^1 * 11^2 * 13^1 * 23^1 * 41^1,0,"17,19,29,31,37,43",
812889,2,"2,3,5,7,11,13,17,23,37",2^1 * 3^3 * 5^1 * 7^1 * 11^1 * 13^3 * 17^1 * 23^1 * 37^1,0,"19,29,31,41,43",
837199,2,"2,5,7,11,13,17,23,37",2^4 * 5^2 * 7^1 * 11^3 * 13^1 * 17^1 * 23^1 * 37^1,0,"3,19,29,31,41,43",
863939,2,"2,3,5,7,11,17,29,31",2^2 * 3^1 * 5^1 * 7^1 * 11^2 * 17^1 * 29^1 * 31^3,0,"13,19,23,37,41,43",
886445,2,"2,3,5,7,11,19,31,37,43",2^1 * 3^2 * 5^1 * 7^1 * 11^3 * 19^1 * 31^1 * 37^1 * 43^1,0,"13,17,23,29,41",
887777,2,"2,3,11,23,29,31,37,43",2^1 * 3^2 * 11^3 * 23^1 * 29^1 * 31^1 * 37^1 * 43^1,0,"5,7,13,17,19,41",
912950,2,"2,3,5,13,17,19,31",2^1 * 3^5 * 5^2 * 13^1 * 17^2 * 19^1 * 31^2,0,"7,11,23,29,37,41,43",
923520,2,"2,3,5,13,31,37",2^7 * 3^1 * 5^1 * 13^1 * 31^4 * 37^1,0,"7,11,17,19,23,29,41,43",
949025,2,"2,3,5,7,11,13,17,23,29",2^1 * 3^1 * 5^2 * 7^1 * 11^1 * 13^1 * 17^1 * 23^3 * 29^1,0,"19,31,37,41,43",
978120,2,"2,3,5,11,13,19,23,43",2^3 * 3^2 * 5^1 * 11^1 * 13^1 * 19^1 * 23^2 * 43^2,0,"7,17,29,31,37,41",
986271,2,"2,3,7,11,13,17,19,37",2^5 * 3^1 * 7^2 * 11^3 * 13^1 * 17^1 * 19^1 * 37^1,0,"5,23,29,31,41,43",
999999,2,"2,3,5,7,11,13,37",2^6 * 3^3 * 5^6 * 7^1 * 11^1 * 13^1 * 37^1,0,"17,19,23,29,31,41,43",
1011839,2,"2,3,5,17,23,29,31,37,41",2^7 * 3^1 * 5^1 * 17^1 * 23^1 * 29^1 * 31^1 * 37^1 * 41^1,0,"7,11,13,19,43",
1048575,2,"2,3,5,11,31,41",2^20 * 3^1 * 5^2 * 11^1 * 31^1 * 41^1,0,"7,13,17,19,23,29,37,43",
1050624,2,"2,3,5,19,41",2^11 * 3^3 * 5^4 * 19^1 * 41^2,0,"7,11,13,17,23,29,31,37,43",
1055240,2,"2,3,5,11,17,19,23,31,37",2^3 * 3^3 * 5^1 * 11^2 * 17^1 * 19^1 * 23^1 * 31^1 * 37^1,0,"7,13,29,41,43",
1082564,2,"2,3,5,7,11,23,41",2^2 * 3^9 * 5^1 * 7^1 * 11^1 * 23^1 * 41^2,0,"13,17,19,29,31,37,43",
1104375,2,"2,3,5,7,13,19,31,37,41",2^3 * 3^1 * 5^4 * 7^1 * 13^1 * 19^1 * 31^1 * 37^1 * 41^1,0,"11,17,23,29,43",
1143284,2,"2,3,5,11,13,17,23,41,43",2^2 * 3^1 * 5^1 * 11^1 * 13^2 * 17^2 * 23^1 * 41^1 * 43^1,0,"7,19,29,31,37",
1147124,2,"2,3,5,7,11,19,23,29,31",2^2 * 3^1 * 5^3 * 7^1 * 11^1 * 19^1 * 23^1 * 29^2 * 31^1,0,"13,17,37,41,43",
1152920,2,"2,3,5,7,11,19,23,31,37,41",2^3 * 3^1 * 5^1 * 7^2 * 11^1 * 19^1 * 23^1 * 31^1 * 37^1 * 41^1,0,"13,17,29,43",
1154439,2,"2,3,5,7,11,13,19,23,31",2^3 * 3^3 * 5^1 * 7^2 * 11^1 * 13^2 * 19^1 * 23^1 * 31^1,0,"17,29,37,41,43",
1163799,2,"2,3,5,7,11,13,23,29",2^3 * 3^2 * 5^2 * 7^3 * 11^1 * 13^1 * 23^2 * 29^1,0,"17,19,31,37,41,43",
1187144,2,"2,3,5,7,17,23,29,31,37,43",2^3 * 3^2 * 5^1 * 7^1 * 17^1 * 23^1 * 29^1 * 31^1 * 37^1 * 43^1,0,"11,13,19,41",
1205645,2,"2,3,5,7,13,19,29,37,41",2^1 * 3^1 * 5^1 * 7^3 * 13^2 * 19^1 * 29^1 * 37^1 * 41^1,0,"11,17,23,31,43",
1228122,2,"2,3,7,13,19,43",2^1 * 3^5 * 7^1 * 13^4 * 19^2 * 43^1,0,"5,11,17,23,29,31,37,41",
1233024,2,"2,3,5,13,19,31,37,43",2^7 * 3^1 * 5^2 * 13^2 * 19^1 * 31^1 * 37^1 * 43^1,0,"7,11,17,23,29,41",
1235168,2,"2,3,11,13,17,23,29",2^5 * 3^5 * 11^3 * 13^1 * 17^1 * 23^1 * 29^1,0,"5,7,19,31,37,41,43",
1243839,2,"2,3,5,13,17,23,29",2^6 * 3^1 * 5^1 * 13^2 * 17^1 * 23^1 * 29^3,0,"7,11,19,31,37,41,43",
1255500,2,"2,3,5,13,17,19,23,31",2^2 * 3^4 * 5^3 * 13^2 * 17^1 * 19^1 * 23^1 * 31^1,0,"7,11,29,37,41,43",
1269359,2,"2,3,5,7,13,29,37,41,43",2^4 * 3^2 * 5^1 * 7^1 * 13^2 * 29^1 * 37^1 * 41^1 * 43^1,0,"11,17,19,23,31",
1294299,2,"2,3,5,7,19,29,43",2^2 * 3^4 * 5^2 * 7^1 * 19^1 * 29^2 * 43^2,0,"11,13,17,23,31,37,41",
1294370,2,"2,3,5,7,11,13,23,37,41",2^1 * 3^2 * 5^1 * 7^1 * 11^1 * 13^2 * 23^1 * 37^1 * 41^2,0,"17,19,29,31,43",
1319625,2,"2,3,5,7,11,17,19,23,41",2^1 * 3^3 * 5^3 * 7^1 * 11^2 * 17^1 * 19^1 * 23^1 * 41^1,0,"13,29,31,37,43",
1331967,2,"2,3,7,11,13,17,41,43",2^8 * 3^1 * 7^2 * 11^2 * 13^1 * 17^1 * 41^1 * 43^1,0,"5,19,23,29,31,37",
1341249,2,"2,3,5,7,13,17,29,37",2^1 * 3^1 * 5^4 * 7^1 * 13^1 * 17^3 * 29^1 * 37^1,0,"11,19,23,31,41,43",
1362635,2,"2,3,5,11,17,23,31,37,41",2^2 * 3^3 * 5^1 * 11^1 * 17^2 * 23^1 * 31^1 * 37^1 * 41^1,0,"7,13,19,29,43",
1370109,2,"2,3,5,7,13,19,23,37,43",2^1 * 3^1 * 5^1 * 7^1 * 13^1 * 19^1 * 23^2 * 37^1 * 43^2,0,"11,17,29,31,41",
1402874,2,"2,3,5,11,17,29,31,43",2^1 * 3^2 * 5^3 * 11^3 * 17^1 * 29^1 * 31^1 * 43^1,0,"7,13,19,23,37,41",
1413720,2,"2,3,5,7,11,17,29,41",2^3 * 3^3 * 5^1 * 7^1 * 11^1 * 17^1 * 29^2 * 41^2,0,"13,19,23,31,37,43",
1437500,2,"2,3,5,13,23,29,31,41",2^2 * 3^1 * 5^6 * 13^1 * 23^1 * 29^1 * 31^1 * 41^1,0,"7,11,17,19,37,43",
1510784,2,"2,3,5,11,19,29,31,37",2^7 * 3^3 * 5^1 * 11^1 * 19^2 * 29^1 * 31^1 * 37^1,0,"7,13,17,23,41,43",
1518803,2,"2,3,7,11,13,19,41,43",2^2 * 3^3 * 7^3 * 11^1 * 13^2 * 19^1 * 41^1 * 43^1,0,"5,17,23,29,31,37",
1536639,2,"2,3,5,7,13,31,41",2^7 * 3^1 * 5^1 * 7^4 * 13^1 * 31^2 * 41^1,0,"11,17,19,23,29,37,43",
1594175,2,"2,3,5,11,17,19,23,31",2^6 * 3^1 * 5^2 * 11^2 * 17^1 * 19^2 * 23^1 * 31^1,0,"7,13,29,37,41,43",
1600312,2,"2,7,11,13,17,19,31,41",2^3 * 7^1 * 11^1 * 13^1 * 17^1 * 19^2 * 31^1 * 41^2,0,"3,5,23,29,37,43",
1625624,2,"2,3,5,7,11,13,17,29",2^3 * 3^2 * 5^4 * 7^2 * 11^1 * 13^1 * 17^2 * 29^1,0,"19,23,31,37,41,43",
1708992,2,"2,3,11,13,17,19,23,37,43",2^6 * 3^3 * 11^1 * 13^1 * 17^1 * 19^1 * 23^1 * 37^1 * 43^1,0,"5,7,29,31,41",
1729749,2,"2,3,5,7,11,17,37,41",2^1 * 3^1 * 5^3 * 7^3 * 11^1 * 17^1 * 37^1 * 41^2,0,"13,19,23,29,31,43",
1739999,2,"2,3,5,29,31,37,41",2^5 * 3^1 * 5^4 * 29^1 * 31^1 * 37^2 * 41^1,0,"7,11,13,17,19,23,43",
1763124,2,"2,3,5,7,11,13,19,31,37",2^2 * 3^1 * 5^4 * 7^1 * 11^1 * 13^1 * 19^2 * 31^1 * 37^1,0,"17,23,29,41,43",
1771560,2,"2,3,5,7,11,19,37",2^3 * 3^2 * 5^1 * 7^1 * 11^6 * 19^1 * 37^1,0,"13,17,23,29,31,41,43",
1774223,2,"2,3,11,31,37,43",2^4 * 3^4 * 11^3 * 31^1 * 37^2 * 43^1,0,"5,7,13,17,19,23,29,41",
1776888,2,"2,3,23,29,31,37,43",2^3 * 3^2 * 23^1 * 29^1 * 31^2 * 37^1 * 43^2,0,"5,7,11,13,17,19,41",
1820104,2,"2,5,7,11,13,17,19,23,37,43",2^3 * 5^1 * 7^2 * 11^1 * 13^1 * 17^1 * 19^1 * 23^1 * 37^1 * 43^1,0,"3,29,31,41",
1852200,2,"2,3,5,7,13,17,29",2^3 * 3^3 * 5^2 * 7^3 * 13^1 * 17^3 * 29^1,0,"11,19,23,31,37,41,43",
1893375,2,"2,3,5,11,17,43",2^10 * 3^4 * 5^3 * 11^1 * 17^1 * 43^2,0,"7,13,19,23,29,31,37,41",
1922960,2,"2,3,5,13,23,29,31,43",2^4 * 3^1 * 5^1 * 13^1 * 23^1 * 29^1 * 31^2 * 43^2,0,"7,11,17,19,37,41",
1946720,2,"2,3,5,7,17,19,23,41",2^5 * 3^1 * 5^1 * 7^2 * 17^1 * 19^1 * 23^3 * 41^1,0,"11,13,29,31,37,43",
1951641,2,"2,3,7,11,19,23,29,41,43",2^1 * 3^3 * 7^1 * 11^1 * 19^1 * 23^1 * 29^1 * 41^2 * 43^1,0,"5,13,17,31,37",
1973699,2,"2,3,5,7,13,17,23,41,43",2^2 * 3^3 * 5^2 * 7^1 * 13^1 * 17^1 * 23^2 * 41^1 * 43^1,0,"11,19,29,31,37",
2023424,2,"2,3,5,13,17,19,23",2^13 * 3^2 * 5^2 * 13^1 * 17^1 * 19^1 * 23^2,0,"7,11,29,31,37,41,43",
2076255,2,"2,3,5,7,13,23,29,31,37,43",2^5 * 3^2 * 5^1 * 7^1 * 13^1 * 23^1 * 29^1 * 31^1 * 37^1 * 43^1,0,"11,17,19,41",
2085135,2,"2,3,5,13,17,19,37",2^4 * 3^1 * 5^1 * 13^1 * 17^2 * 19^4 * 37^1,0,"7,11,23,29,31,41,43",
2185299,2,"2,3,5,13,17,23,41",2^2 * 3^5 * 5^2 * 13^1 * 17^1 * 23^2 * 41^2,0,"7,11,19,29,31,37,43",
2220777,2,"2,3,7,13,17,19,31,37,43",2^1 * 3^5 * 7^2 * 13^1 * 17^1 * 19^1 * 31^1 * 37^1 * 43^1,0,"5,11,23,29,41",
2267915,2,"2,3,5,7,13,19,23,29,37,41",2^2 * 3^1 * 5^1 * 7^3 * 13^1 * 19^1 * 23^1 * 29^1 * 37^1 * 41^1,0,"11,17,31,43",
2304323,2,"2,3,7,11,23,31,37,41",2^2 * 3^2 * 7^2 * 11^2 * 23^2 * 31^1 * 37^1 * 41^1,0,"5,13,17,19,29,43",
2307360,2,"2,3,5,7,11,19,23,31",2^5 * 3^1 * 5^1 * 7^4 * 11^1 * 19^1 * 23^1 * 31^2,0,"13,17,29,37,41,43",
2310399,2,"2,3,5,7,13,19,31",2^8 * 3^2 * 5^2 * 7^2 * 13^2 * 19^2 * 31^1,0,"11,17,23,29,37,41,43",
2345056,2,"2,7,11,13,19,23,29,31",2^5 * 7^1 * 11^1 * 13^1 * 19^2 * 23^2 * 29^1 * 31^1,0,"3,5,17,37,41,43",
2350079,2,"2,3,5,17,31,41,43",2^10 * 3^3 * 5^1 * 17^1 * 31^1 * 41^1 * 43^2,0,"7,11,13,19,23,29,37",
2351349,2,"2,3,5,7,11,13,29,31,37,41",2^1 * 3^4 * 5^2 * 7^1 * 11^1 * 13^1 * 29^1 * 31^1 * 37^1 * 41^1,0,"17,19,23,43",
2397680,2,"2,3,5,11,13,17,23,41,43",2^4 * 3^6 * 5^1 * 11^1 * 13^1 * 17^1 * 23^1 * 41^1 * 43^1,0,"7,19,29,31,37",
2404259,2,"2,3,5,11,13,17,19,23,37,43",2^2 * 3^2 * 5^1 * 11^1 * 13^1 * 17^1 * 19^2 * 23^1 * 37^1 * 43^1,0,"7,29,31,41",
2417875,2,"2,5,17,23,29,31,37",2^2 * 5^3 * 17^1 * 23^1 * 29^2 * 31^2 * 37^1,0,"3,7,11,13,19,41,43",
2547534,2,"2,3,5,11,17,29,41,43",2^1 * 3^1 * 5^1 * 11^4 * 17^2 * 29^1 * 41^1 * 43^1,0,"7,13,19,23,31,37",
2560844,2,"2,3,5,7,11,13,29,37",2^2 * 3^1 * 5^1 * 7^1 * 11^3 * 13^1 * 29^3 * 37^1,0,"17,19,23,31,41,43",
2592512,2,"2,3,7,11,13,19,29,41,43",2^8 * 3^3 * 7^1 * 11^1 * 13^1 * 19^1 * 29^1 * 41^1 * 43^1,0,"5,17,23,31,37",
2598399,2,"2,3,5,7,17,29,37",2^9 * 3^5 * 5^2 * 7^1 * 17^2 * 29^1 * 37^1,0,"11,13,19,23,31,41,43",
2697695,2,"2,3,5,7,11,13,17,19,29",2^5 * 3^2 * 5^1 * 7^3 * 11^2 * 13^1 * 17^1 * 19^1 * 29^1,0,"23,31,37,41,43",
2758535,2,"2,3,5,11,13,31,37,43",2^3 * 3^6 * 5^1 * 11^1 * 13^1 * 31^1 * 37^2 * 43^1,0,"7,17,19,23,29,41",
2772224,2,"2,3,5,7,13,17,37",2^8 * 3^4 * 5^2 * 7^2 * 13^1 * 17^1 * 37^2,0,"11,19,23,29,31,41,43",
2812887,2,"2,3,7,11,13,17,37,41,43",2^3 * 3^4 * 7^1 * 11^2 * 13^1 * 17^1 * 37^1 * 41^1 * 43^1,0,"5,19,23,29,31",
2825760,2,"2,3,5,7,29,41",2^5 * 3^1 * 5^1 * 7^1 * 29^2 * 41^4,0,"11,13,17,19,23,31,37,43",
2829123,2,"2,3,11,17,29,41",2^2 * 3^2 * 11^1 * 17^1 * 29^4 * 41^2,0,"5,7,13,19,23,31,37,43",
2893400,2,"2,3,5,7,17,23,37",2^3 * 3^10 * 5^2 * 7^2 * 17^1 * 23^1 * 37^1,0,"11,13,19,29,31,41,43",
3063807,2,"2,3,11,17,19,23,41",2^14 * 3^2 * 11^1 * 17^1 * 19^2 * 23^1 * 41^1,0,"5,7,13,29,31,37,43",
3102449,2,"2,3,5,7,13,17,29,31,37,43",2^1 * 3^1 * 5^2 * 7^1 * 13^1 * 17^1 * 29^2 * 31^1 * 37^1 * 43^1,0,"11,19,23,41",
3156543,2,"2,3,13,17,23,31,37,43",2^6 * 3^3 * 13^1 * 17^1 * 23^2 * 31^1 * 37^1 * 43^1,0,"5,7,11,19,29,41",
3206268,2,"2,3,11,13,17,19,23,29,31",2^2 * 3^2 * 11^1 * 13^2 * 17^1 * 19^1 * 23^2 * 29^1 * 31^1,0,"5,7,37,41,43",
3258024,2,"2,3,5,7,11,19,41,43",2^3 * 3^1 * 5^2 * 7^1 * 11^1 * 19^4 * 41^1 * 43^1,0,"13,17,23,29,31,37",
3301375,2,"2,5,7,11,13,31",2^13 * 5^3 * 7^4 * 11^1 * 13^1 * 31^1,0,"3,17,19,23,29,37,41,43",
3331250,2,"2,3,5,7,11,13,19,23,41",2^1 * 3^2 * 5^5 * 7^1 * 11^2 * 13^1 * 19^1 * 23^1 * 41^1,0,"17,29,31,37,43",
3346109,2,"2,3,5,13,17,19,23,31",2^1 * 3^9 * 5^1 * 13^1 * 17^1 * 19^2 * 23^1 * 31^1,0,"7,11,29,37,41,43",
3418800,2,"2,3,5,7,11,37,43",2^4 * 3^1 * 5^2 * 7^1 * 11^1 * 37^1 * 43^4,0,"13,17,19,23,29,31,41",
3453839,2,"2,3,5,13,17,19,37,41",2^4 * 3^4 * 5^1 * 13^1 * 17^3 * 19^1 * 37^1 * 41^1,0,"7,11,23,29,31,43",
3520495,2,"2,5,7,11,17,23,43",2^4 * 5^1 * 7^1 * 11^3 * 17^1 * 23^2 * 43^2,0,"3,13,19,29,31,37,41",
3556995,2,"2,3,5,13,17,23,29,37,41",2^2 * 3^1 * 5^1 * 13^1 * 17^1 * 23^2 * 29^1 * 37^1 * 41^2,0,"7,11,19,31,43",
3699849,2,"2,3,5,7,11,23,29,31,43",2^1 * 3^1 * 5^2 * 7^1 * 11^1 * 23^1 * 29^1 * 31^2 * 43^2,0,"13,17,19,37,41",
3897165,2,"2,3,5,7,13,17,19,23,29,31",2^1 * 3^1 * 5^1 * 7^3 * 13^1 * 17^2 * 19^1 * 23^1 * 29^1 * 31^1,0,"11,37,41,43",
3930399,2,"2,3,5,11,17,29,37",2^5 * 3^2 * 5^2 * 11^1 * 17^3 * 29^1 * 37^2,0,"7,13,19,23,31,41,43",
4004000,2,"2,3,5,7,11,13,23,29",2^5 * 3^2 * 5^3 * 7^1 * 11^1 * 13^1 * 23^2 * 29^2,0,"17,19,31,37,41,43",
4090624,2,"2,5,7,11,17,19,29",2^8 * 5^5 * 7^1 * 11^1 * 17^1 * 19^1 * 29^2,0,"3,13,23,31,37,41,43",
4096575,2,"2,3,5,7,11,17,23",2^6 * 3^4 * 5^2 * 7^1 * 11^2 * 17^2 * 23^2,0,"13,19,29,31,37,41,43",
4243455,2,"2,3,5,7,17,37,43",2^14 * 3^3 * 5^1 * 7^1 * 17^1 * 37^1 * 43^2,0,"11,13,19,23,29,31,41",
4439448,2,"2,3,7,13,17,31,43",2^3 * 3^4 * 7^4 * 13^1 * 17^1 * 31^1 * 43^2,0,"5,11,19,23,29,37,41",
4443663,2,"2,3,7,17,19,31,37,43",2^4 * 3^1 * 7^2 * 17^2 * 19^1 * 31^2 * 37^1 * 43^1,0,"5,11,13,23,29,41",
4492124,2,"2,3,5,7,11,13,41,43",2^2 * 3^3 * 5^3 * 7^2 * 11^3 * 13^1 * 41^1 * 43^1,0,"17,19,23,29,31,37",
4588310,2,"2,3,5,7,13,19,31,41",2^1 * 3^1 * 5^1 * 7^6 * 13^1 * 19^2 * 31^1 * 41^1,0,"11,17,23,29,37,43",
4712499,2,"2,3,5,11,13,29,41,43",2^2 * 3^5 * 5^5 * 11^1 * 13^1 * 29^1 * 41^1 * 43^1,0,"7,17,19,23,31,37",
4731375,2,"2,3,5,11,13,23,31,37,43",2^4 * 3^1 * 5^3 * 11^1 * 13^1 * 23^2 * 31^1 * 37^1 * 43^1,0,"7,17,19,29,41",
4765599,2,"2,3,5,7,19,23,29,31,37",2^5 * 3^2 * 5^2 * 7^1 * 19^1 * 23^1 * 29^1 * 31^2 * 37^1,0,"11,13,17,41,43",
4812129,2,"2,3,5,7,19,23,31,41,43",2^1 * 3^6 * 5^1 * 7^1 * 19^2 * 23^1 * 31^1 * 41^1 * 43^1,0,"11,13,17,29,37",
4987527,2,"2,3,7,13,17,23,31,41,43",2^3 * 3^1 * 7^1 * 13^2 * 17^1 * 23^1 * 31^1 * 41^2 * 43^1,0,"5,11,19,29,37",
5142500,2,"2,3,5,7,11,13,17,23",2^2 * 3^3 * 5^4 * 7^2 * 11^2 * 13^2 * 17^1 * 23^1,0,"19,29,31,37,41,43",
5267024,2,"2,3,5,7,17,31,37,41",2^4 * 3^6 * 5^2 * 7^1 * 17^2 * 31^1 * 37^1 * 41^1,0,"11,13,19,23,29,43",
5538974,2,"2,3,5,7,13,17,19,23,37",2^1 * 3^1 * 5^2 * 7^1 * 13^2 * 17^2 * 19^1 * 23^1 * 37^2,0,"11,29,31,41,43",
5541711,2,"2,3,7,11,17,19,23,37,43",2^4 * 3^1 * 7^1 * 11^1 * 17^1 * 19^2 * 23^1 * 37^2 * 43^1,0,"5,13,29,31,41",
5909760,2,"2,3,5,11,13,17,19",2^8 * 3^5 * 5^1 * 11^2 * 13^2 * 17^2 * 19^1,0,"7,23,29,31,37,41,43",
6292362,2,"2,3,7,11,17,19,23,29,43",2^1 * 3^1 * 7^1 * 11^2 * 17^1 * 19^1 * 23^1 * 29^3 * 43^1,0,"5,13,31,37,41",
6615674,2,"2,3,5,11,13,23,37",2^1 * 3^7 * 5^2 * 11^2 * 13^2 * 23^2 * 37^1,0,"7,17,19,29,31,41,43",
6702624,2,"2,3,5,17,29,37,43",2^5 * 3^2 * 5^3 * 17^1 * 29^1 * 37^2 * 43^2,0,"7,11,13,19,23,31,41",
6770555,2,"2,3,5,11,13,17,19,23,31,37",2^2 * 3^2 * 5^1 * 11^2 * 13^1 * 17^1 * 19^2 * 23^1 * 31^1 * 37^1,0,"7,29,41,43",
6978125,2,"2,3,5,7,11,17,29,37,43",2^1 * 3^1 * 5^5 * 7^1 * 11^1 * 17^1 * 29^1 * 37^1 * 43^2,0,"13,19,23,31,41",
7102224,2,"2,3,5,13,31,37,41,43",2^4 * 3^2 * 5^2 * 13^2 * 31^1 * 37^1 * 41^2 * 43^1,0,"7,11,17,19,23,29",
7104999,2,"2,3,5,7,11,23,29,37",2^3 * 3^1 * 5^4 * 7^2 * 11^2 * 23^2 * 29^1 * 37^1,0,"13,17,19,31,41,43",
7240640,2,"2,3,5,11,17,37,41,43",2^6 * 3^1 * 5^1 * 11^3 * 17^1 * 37^2 * 41^1 * 43^1,0,"7,13,19,23,29,31",
7474999,2,"2,5,7,13,19,23,31,37",2^3 * 5^5 * 7^3 * 13^1 * 19^1 * 23^1 * 31^1 * 37^1,0,"3,11,17,29,41,43",
7491168,2,"2,3,7,17,19,23,37",2^5 * 3^2 * 7^2 * 17^2 * 19^1 * 23^2 * 37^2,0,"5,11,13,29,31,41,43",
7728819,2,"2,3,5,7,11,19,29,37,43",2^2 * 3^1 * 5^1 * 7^4 * 11^1 * 19^1 * 29^1 * 37^1 * 43^2,0,"13,17,23,31,41",
8268799,2,"2,5,7,11,17,19,23,29",2^10 * 5^2 * 7^2 * 11^1 * 17^1 * 19^1 * 23^2 * 29^1,0,"3,13,31,37,41,43",
8555624,2,"2,3,5,7,11,13,17,19,43",2^3 * 3^4 * 5^4 * 7^1 * 11^1 * 13^2 * 17^1 * 19^1 * 43^1,0,"23,29,31,37,41",
8889776,2,"2,3,7,13,17,19,23,29,31,43",2^4 * 3^3 * 7^2 * 13^1 * 17^1 * 19^1 * 23^1 * 29^1 * 31^1 * 43^1,0,"5,11,37,41",
9174815,2,"2,3,5,7,13,17,19,23,37,41",2^5 * 3^3 * 5^1 * 7^1 * 13^1 * 17^1 * 19^2 * 23^1 * 37^1 * 41^1,0,"11,29,31,43",
9217824,2,"2,3,5,7,11,17,23,29,41,43",2^5 * 3^1 * 5^2 * 7^1 * 11^1 * 17^1 * 23^2 * 29^1 * 41^1 * 43^1,0,"13,19,31,37",
9222499,2,"2,5,7,11,13,17,31,41",2^2 * 5^4 * 7^1 * 11^3 * 13^2 * 17^1 * 31^1 * 41^1,0,"3,19,23,29,37,43",
9458085,2,"2,3,5,7,11,13,17,19,41",2^1 * 3^1 * 5^1 * 7^1 * 11^4 * 13^3 * 17^1 * 19^1 * 41^1,0,"23,29,31,37,43",
10000165,2,"2,5,7,11,17,31,43",2^1 * 5^1 * 7^6 * 11^2 * 17^1 * 31^2 * 43^1,0,"3,13,19,23,29,37,41",
10088144,2,"2,3,5,11,19,23,31,43",2^4 * 3^5 * 5^1 * 11^1 * 19^2 * 23^1 * 31^1 * 43^2,0,"7,13,17,29,37,41",
10491039,2,"2,3,5,7,13,17,19,29,41",2^5 * 3^9 * 5^1 * 7^1 * 13^1 * 17^1 * 19^1 * 29^1 * 41^1,0,"11,23,31,37,43",
10556000,2,"2,3,5,7,13,19,29",2^5 * 3^4 * 5^3 * 7^1 * 13^1 * 19^4 * 29^1,0,"11,17,23,31,37,41,43",
11690624,2,"2,3,5,11,19,23,29,43",2^7 * 3^1 * 5^5 * 11^1 * 19^2 * 23^1 * 29^1 * 43^1,0,"7,13,17,31,37,41",
11859210,2,"2,3,5,7,11,13,19",2^1 * 3^4 * 5^1 * 7^1 * 11^4 * 13^1 * 19^4,0,"17,23,29,31,37,41,43",
12323584,2,"2,5,7,13,23,31,43",2^8 * 5^1 * 7^1 * 13^1 * 23^2 * 31^1 * 43^3,0,"3,11,17,19,29,37,41",
12890625,2,"2,3,5,7,11,19,23,43",2^1 * 3^1 * 5^8 * 7^3 * 11^1 * 19^1 * 23^1 * 43^1,0,"13,17,29,31,37,41",
13147875,2,"2,3,5,7,13,29,31,37",2^2 * 3^2 * 5^3 * 7^4 * 13^1 * 29^1 * 31^1 * 37^2,0,"11,17,19,23,41,43",
13745536,2,"2,7,13,17,23,29,37,41",2^7 * 7^1 * 13^1 * 17^1 * 23^2 * 29^1 * 37^1 * 41^2,0,"3,5,11,19,31,43",
13994694,2,"2,3,5,7,11,13,23,37,41,43",2^1 * 3^4 * 5^1 * 7^2 * 11^1 * 13^1 * 23^2 * 37^1 * 41^1 * 43^1,0,"17,19,29,31",
14080572,2,"2,3,11,13,17,29,31,37",2^2 * 3^2 * 11^1 * 13^4 * 17^1 * 29^1 * 31^2 * 37^1,0,"5,7,19,23,41,43",
14235528,2,"2,3,7,11,17,23,37,41",2^3 * 3^1 * 7^6 * 11^2 * 17^1 * 23^1 * 37^1 * 41^1,0,"5,13,19,29,31,43",
14330524,2,"2,5,11,13,17,29,31,41,43",2^2 * 5^2 * 11^1 * 13^2 * 17^1 * 29^1 * 31^1 * 41^2 * 43^1,0,"3,7,19,23,37",
14753024,2,"2,3,5,7,11,13,17,19,29,31",2^8 * 3^2 * 5^2 * 7^1 * 11^1 * 13^2 * 17^1 * 19^1 * 29^1 * 31^1,0,"23,37,41,43",
15709275,2,"2,3,5,11,17,19,23,37,43",2^2 * 3^3 * 5^2 * 11^1 * 17^1 * 19^2 * 23^1 * 37^2 * 43^1,0,"7,13,29,31,41",
16092999,2,"2,3,5,7,11,13,17,19,29,31",2^3 * 3^4 * 5^3 * 7^1 * 11^2 * 13^1 * 17^1 * 19^1 * 29^1 * 31^1,0,"23,37,41,43",
18085704,2,"2,3,5,7,11,13,17,23,29",2^3 * 3^1 * 5^1 * 7^3 * 11^1 * 13^3 * 17^1 * 23^1 * 29^2,0,"19,31,37,41,43",
18113535,2,"2,3,5,7,11,19,23,37,43",2^10 * 3^2 * 5^1 * 7^2 * 11^1 * 19^2 * 23^1 * 37^1 * 43^1,0,"13,17,29,31,41",
19826575,2,"2,5,7,11,19,23,29,41",2^4 * 5^2 * 7^2 * 11^3 * 19^1 * 23^1 * 29^2 * 41^1,0,"3,13,17,31,37,43",
21386000,2,"2,3,5,7,13,17,19,31,37",2^4 * 3^1 * 5^3 * 7^2 * 13^1 * 17^2 * 19^2 * 31^1 * 37^1,0,"11,23,29,41,43",
24019800,2,"2,3,5,7,13,19,29,43",2^3 * 3^1 * 5^2 * 7^2 * 13^4 * 19^1 * 29^2 * 43^1,0,"11,17,23,31,37,41",
24601599,2,"2,3,5,11,19,29,31,41",2^10 * 3^2 * 5^2 * 11^2 * 19^1 * 29^1 * 31^2 * 41^1,0,"7,13,17,23,37,43",
25836888,2,"2,3,7,11,13,17,23,31,41",2^3 * 3^1 * 7^1 * 11^2 * 13^2 * 17^2 * 23^2 * 31^1 * 41^1,0,"5,19,29,37,43",
25872147,2,"2,3,7,17,19,23,29,41",2^2 * 3^2 * 7^3 * 17^2 * 19^3 * 23^1 * 29^1 * 41^1,0,"5,11,13,31,37,43",
26044928,2,"2,3,7,13,29,31,37,43",2^9 * 3^3 * 7^1 * 13^2 * 29^2 * 31^1 * 37^1 * 43^1,0,"5,11,17,19,23,41",
27005264,2,"2,3,5,7,11,13,17,29,37,41",2^4 * 3^3 * 5^1 * 7^1 * 11^2 * 13^1 * 17^1 * 29^1 * 37^1 * 41^2,0,"19,23,31,43",
27984099,2,"2,3,5,11,13,23,37,41,43",2^2 * 3^1 * 5^2 * 11^1 * 13^1 * 23^4 * 37^1 * 41^1 * 43^1,0,"7,17,19,29,31",
27994680,2,"2,3,5,7,11,13,23,37",2^3 * 3^3 * 5^1 * 7^2 * 11^2 * 13^2 * 23^2 * 37^2,0,"17,19,29,31,41,43",
30138075,2,"2,3,5,11,17,29,31,41",2^2 * 3^5 * 5^2 * 11^2 * 17^2 * 29^2 * 31^1 * 41^1,0,"7,13,19,23,37,43",
30533139,2,"2,3,5,7,11,13,17,31,37,43",2^2 * 3^3 * 5^1 * 7^1 * 11^3 * 13^1 * 17^2 * 31^1 * 37^1 * 43^1,0,"19,23,29,41",
30944913,2,"2,3,7,11,13,17,23,29,31,37,41",2^1 * 3^1 * 7^1 * 11^1 * 13^2 * 17^1 * 23^2 * 29^1 * 31^1 * 37^1 * 41^1,0,"5,19,43",
31904495,2,"2,3,5,7,13,17,19,23,29,43",2^4 * 3^3 * 5^1 * 7^1 * 13^2 * 17^1 * 19^1 * 23^1 * 29^1 * 43^2,0,"11,31,37,41",
32517264,2,"2,3,5,11,13,19,29,31,37,41",2^4 * 3^1 * 5^1 * 11^1 * 13^1 * 19^1 * 29^2 * 31^1 * 37^1 * 41^2,0,"7,17,23,43",
34028049,2,"2,3,5,7,11,17,19,29,31,37,43",2^1 * 3^1 * 5^2 * 7^2 * 11^1 * 17^1 * 19^1 * 29^1 * 31^2 * 37^1 * 43^1,0,"13,23,41",
36315135,2,"2,3,5,11,13,31,41",2^13 * 3^11 * 5^1 * 11^1 * 13^1 * 31^1 * 41^1,0,"7,17,19,23,29,37,43",
40750801,2,"2,7,13,17,19,23,31,37,41",2^1 * 7^3 * 13^2 * 17^1 * 19^1 * 23^1 * 31^1 * 37^1 * 41^2,0,"3,5,11,29,43",
41808150,2,"2,3,5,7,11,17,19,31,37,41",2^1 * 3^6 * 5^2 * 7^1 * 11^1 * 17^1 * 19^1 * 31^1 * 37^1 * 41^2,0,"13,23,29,43",
43075584,2,"2,3,5,7,19,29,31,37,41",2^11 * 3^3 * 5^1 * 7^1 * 19^1 * 29^1 * 31^1 * 37^2 * 41^1,0,"11,13,17,23,43",
50481024,2,"2,3,5,7,11,17,19,29,37",2^7 * 3^1 * 5^2 * 7^4 * 11^1 * 17^1 * 19^1 * 29^2 * 37^1,0,"13,23,31,41,43",
56319249,2,"2,3,5,7,13,17,19,23,31,43",2^1 * 3^1 * 5^3 * 7^1 * 13^2 * 17^1 * 19^3 * 23^1 * 31^1 * 43^1,0,"11,29,37,41",
59181759,2,"2,3,5,7,11,13,17,23,31,37,43",2^6 * 3^4 * 5^1 * 7^2 * 11^1 * 13^1 * 17^1 * 23^1 * 31^1 * 37^1 * 43^1,0,"19,29,41",
65875355,2,"2,3,5,7,13,19,29,37,41,43",2^2 * 3^6 * 5^1 * 7^2 * 13^2 * 19^1 * 29^1 * 37^1 * 41^1 * 43^1,0,"11,17,23,31",
71843750,2,"2,3,5,7,11,17,19,37",2^1 * 3^2 * 5^6 * 7^3 * 11^2 * 17^1 * 19^1 * 37^2,0,"13,23,29,31,41,43",
76271624,2,"2,3,5,11,13,19,29,31",2^3 * 3^9 * 5^3 * 11^3 * 13^1 * 19^1 * 29^1 * 31^1,0,"7,17,23,37,41,43",
80061344,2,"2,3,5,7,11,13,19,23,29,31",2^5 * 3^3 * 5^1 * 7^4 * 11^2 * 13^1 * 19^1 * 23^1 * 29^1 * 31^1,0,"17,37,41,43",
80314367,2,"2,3,7,19,23,41,43",2^15 * 3^1 * 7^1 * 19^1 * 23^4 * 41^1 * 43^1,0,"5,11,13,17,29,31,37",
85459374,2,"2,3,5,7,11,13,17,23,29,31,41",2^1 * 3^4 * 5^5 * 7^1 * 11^1 * 13^1 * 17^1 * 23^1 * 29^1 * 31^1 * 41^1,0,"19,37,43",
96059600,2,"2,3,5,7,11,13,29",2^4 * 3^8 * 5^2 * 7^2 * 11^4 * 13^2 * 29^1,0,"17,19,23,31,37,41,43",
106846614,2,"2,3,5,7,17,19,23,29,31,41,43",2^1 * 3^6 * 5^1 * 7^1 * 17^1 * 19^2 * 23^1 * 29^1 * 31^1 * 41^1 * 43^1,0,"11,13,37",
118352640,2,"2,3,5,7,11,17,23,37,43",2^8 * 3^1 * 5^1 * 7^2 * 11^2 * 17^1 * 23^2 * 37^1 * 43^2,0,"13,19,29,31,41",
118374399,2,"2,3,5,11,13,17,23,31,43",2^14 * 3^3 * 5^2 * 11^1 * 13^1 * 17^2 * 23^1 * 31^1 * 43^1,0,"7,19,29,37,41",
119094299,2,"2,3,5,13,17,19,23,29,41",2^2 * 3^5 * 5^2 * 13^2 * 17^2 * 19^1 * 23^2 * 29^1 * 41^1,0,"7,11,31,37,43",
130850720,2,"2,3,5,7,11,13,19,31,41,43",2^5 * 3^4 * 5^1 * 7^1 * 11^1 * 13^1 * 19^1 * 31^2 * 41^2 * 43^1,0,"17,23,29,37",
132663167,2,"2,3,7,11,13,19,29,31,37,41",2^7 * 3^2 * 7^1 * 11^1 * 13^1 * 19^2 * 29^1 * 31^2 * 37^1 * 41^1,0,"5,17,23,43",
133919999,2,"2,3,5,17,19,29,31",2^8 * 3^3 * 5^4 * 17^2 * 19^1 * 29^3 * 31^1,0,"7,11,13,23,37,41,43",
136835244,2,"2,3,5,7,13,17,19,41,43",2^2 * 3^5 * 5^1 * 7^2 * 13^2 * 17^1 * 19^2 * 41^1 * 43^2,0,"11,23,29,31,37",
142416000,2,"2,3,5,7,13,19,23,41,43",2^7 * 3^2 * 5^3 * 7^3 * 13^1 * 19^1 * 23^1 * 41^2 * 43^1,0,"11,17,29,31,37",
177182720,2,"2,3,5,11,13,17,29",2^11 * 3^6 * 5^1 * 11^3 * 13^1 * 17^2 * 29^2,0,"7,19,23,31,37,41,43",
181037024,2,"2,3,5,7,13,23,29,31",2^5 * 3^4 * 5^2 * 7^1 * 13^2 * 23^2 * 29^2 * 31^2,0,"11,17,19,37,41,43",
182857499,2,"2,3,5,7,11,29,31,41,43",2^2 * 3^5 * 5^4 * 7^1 * 11^2 * 29^1 * 31^1 * 41^2 * 43^1,0,"13,17,19,23,37",
192469375,2,"2,5,7,11,17,29,37,41,43",2^7 * 5^4 * 7^1 * 11^2 * 17^2 * 29^1 * 37^1 * 41^1 * 43^1,0,"3,13,19,23,31",
209644479,2,"2,3,5,11,19,29,37,41,43",2^6 * 3^2 * 5^1 * 11^4 * 19^1 * 29^2 * 37^1 * 41^1 * 43^1,0,"7,13,17,23,31",
227613749,2,"2,3,5,7,11,13,19,23,29,31,43",2^1 * 3^1 * 5^4 * 7^1 * 11^1 * 13^1 * 19^2 * 23^1 * 29^1 * 31^1 * 43^2,0,"17,37,41",
293635440,2,"2,3,5,7,11,17,29,31,37,41",2^4 * 3^2 * 5^1 * 7^3 * 11^1 * 17^1 * 29^1 * 31^1 * 37^3 * 41^1,0,"13,19,23,43",
308915775,2,"2,3,5,7,13,19,31,37",2^6 * 3^4 * 5^2 * 7^1 * 13^6 * 19^1 * 31^1 * 37^1,0,"11,17,23,29,41,43",
370256249,2,"2,3,5,7,11,13,19,31",2^1 * 3^1 * 5^5 * 7^2 * 11^7 * 13^1 * 19^1 * 31^1,0,"17,23,29,37,41,43",
415704575,2,"2,3,5,7,11,13,23,31,41",2^9 * 3^1 * 5^2 * 7^1 * 11^3 * 13^1 * 23^1 * 31^2 * 41^2,0,"17,19,29,37,43",
487530861,2,"2,3,7,13,17,19,23,29,31,43",2^1 * 3^1 * 7^1 * 13^2 * 17^2 * 19^4 * 23^1 * 29^1 * 31^1 * 43^1,0,"5,11,37,41",
490145733,2,"2,3,7,11,13,17,29,37,41,43",2^1 * 3^2 * 7^1 * 11^1 * 13^1 * 17^2 * 29^4 * 37^1 * 41^1 * 43^1,0,"5,19,23,31",
658831250,2,"2,3,5,7,11,13,19,23,29,31,37,43",2^1 * 3^1 * 5^5 * 7^1 * 11^1 * 13^1 * 19^1 * 23^1 * 29^1 * 31^1 * 37^2 * 43^1,0,"17,41",
876219200,2,"2,3,5,11,13,19,23,37,41",2^6 * 3^4 * 5^2 * 11^2 * 13^2 * 19^2 * 23^2 * 37^1 * 41^1,0,"7,17,29,31,43",
920577797,2,"2,3,7,19,29,31,37,41,43",2^1 * 3^5 * 7^2 * 19^2 * 29^1 * 31^1 * 37^1 * 41^3 * 43^1,0,"5,11,13,17,23",
1075774400,2,"2,3,5,13,23,29,31,41",2^6 * 3^2 * 5^2 * 13^2 * 23^2 * 29^4 * 31^1 * 41^1,0,"7,11,17,19,37,43",
1611308699,2,"2,3,5,7,11,13,19,23,31",2^2 * 3^6 * 5^2 * 7^4 * 11^1 * 13^2 * 19^2 * 23^1 * 31^2,0,"17,29,37,41,43",
3463199999,2,"2,3,5,7,13,17,23,31,37",2^8 * 3^2 * 5^5 * 7^5 * 13^1 * 17^2 * 23^1 * 31^1 * 37^1,0,"11,19,29,41,43",
11214979424,2,"2,3,5,11,13,17,19,37,43",2^5 * 3^2 * 5^2 * 11^1 * 13^2 * 17^1 * 19^3 * 37^4 * 43^1,0,"7,23,29,31,41",
18184252800,2,"2,3,5,7,11,13,23,29,31,41,43",2^7 * 3^1 * 5^2 * 7^2 * 11^2 * 13^2 * 23^2 * 29^1 * 31^1 * 41^2 * 43^1,0,"17,19,37",
45105689160,2,"2,3,5,7,13,17,19,23,31,37,41",2^3 * 3^5 * 5^1 * 7^1 * 13^2 * 17^2 * 19^1 * 23^1 * 31^4 * 37^1 * 41^1,0,"11,29,43",
63927525375,2,"2,3,5,7,11,13,23,41",2^13 * 3^3 * 5^3 * 7^7 * 11^4 * 13^1 * 23^1 * 41^1,0,"17,19,29,31,37,43",
421138799639,2,"2,3,5,13,17,19,23,31,37,41,43",2^3 * 3^5 * 5^1 * 13^4 * 17^1 * 19^1 * 23^2 * 31^1 * 37^1 * 41^1 * 43^3,0,"7,11,29",
