m,r,Nr_prime_support,Nr_factorization,pi_complete_order_omega,missing_from_target_support,extra_primes
1,2,2,2^1,0,"3,5,7,11,13,17,19,23,29,31,37,41,43,47,53",
2,2,"2,3",2^1 * 3^1,0,"5,7,11,13,17,19,23,29,31,37,41,43,47,53",
3,2,"2,3",2^2 * 3^1,0,"5,7,11,13,17,19,23,29,31,37,41,43,47,53",
4,2,"2,5",2^2 * 5^1,0,"3,7,11,13,17,19,23,29,31,37,41,43,47,53",
5,2,"2,3,5",2^1 * 3^1 * 5^1,0,"7,11,13,17,19,23,29,31,37,41,43,47,53",
6,2,"2,3,7",2^1 * 3^1 * 7^1,0,"5,11,13,17,19,23,29,31,37,41,43,47,53",
7,2,"2,7",2^3 * 7^1,0,"3,5,11,13,17,19,23,29,31,37,41,43,47,53",
8,2,"2,3",2^3 * 3^2,0,"5,7,11,13,17,19,23,29,31,37,41,43,47,53",
9,2,"2,3,5",2^1 * 3^2 * 5^1,0,"7,11,13,17,19,23,29,31,37,41,43,47,53",
10,2,"2,5,11",2^1 * 5^1 * 11^1,0,"3,7,13,17,19,23,29,31,37,41,43,47,53",
11,2,"2,3,11",2^2 * 3^1 * 11^1,0,"5,7,13,17,19,23,29,31,37,41,43,47,53",
12,2,"2,3,13",2^2 * 3^1 * 13^1,0,"5,7,11,17,19,23,29,31,37,41,43,47,53",
13,2,"2,7,13",2^1 * 7^1 * 13^1,0,"3,5,11,17,19,23,29,31,37,41,43,47,53",
14,2,"2,3,5,7",2^1 * 3^1 * 5^1 * 7^1,0,"11,13,17,19,23,29,31,37,41,43,47,53",
15,2,"2,3,5",2^4 * 3^1 * 5^1,0,"7,11,13,17,19,23,29,31,37,41,43,47,53",
16,2,"2,17",2^4 * 17^1,0,"3,5,7,11,13,19,23,29,31,37,41,43,47,53",
17,2,"2,3,17",2^1 * 3^2 * 17^1,0,"5,7,11,13,19,23,29,31,37,41,43,47,53",
18,2,"2,3,19",2^1 * 3^2 * 19^1,0,"5,7,11,13,17,23,29,31,37,41,43,47,53",
19,2,"2,5,19",2^2 * 5^1 * 19^1,0,"3,7,11,13,17,23,29,31,37,41,43,47,53",
20,2,"2,3,5,7",2^2 * 3^1 * 5^1 * 7^1,0,"11,13,17,19,23,29,31,37,41,43,47,53",
21,2,"2,3,7,11",2^1 * 3^1 * 7^1 * 11^1,0,"5,13,17,19,23,29,31,37,41,43,47,53",
22,2,"2,11,23",2^1 * 11^1 * 23^1,0,"3,5,7,13,17,19,29,31,37,41,43,47,53",
23,2,"2,3,23",2^3 * 3^1 * 23^1,0,"5,7,11,13,17,19,29,31,37,41,43,47,53",
24,2,"2,3,5",2^3 * 3^1 * 5^2,0,"7,11,13,17,19,23,29,31,37,41,43,47,53",
25,2,"2,5,13",2^1 * 5^2 * 13^1,0,"3,7,11,17,19,23,29,31,37,41,43,47,53",
26,2,"2,3,13",2^1 * 3^3 * 13^1,0,"5,7,11,17,19,23,29,31,37,41,43,47,53",
27,2,"2,3,7",2^2 * 3^3 * 7^1,0,"5,11,13,17,19,23,29,31,37,41,43,47,53",
28,2,"2,7,29",2^2 * 7^1 * 29^1,0,"3,5,11,13,17,19,23,31,37,41,43,47,53",
29,2,"2,3,5,29",2^1 * 3^1 * 5^1 * 29^1,0,"7,11,13,17,19,23,31,37,41,43,47,53",
30,2,"2,3,5,31",2^1 * 3^1 * 5^1 * 31^1,0,"7,11,13,17,19,23,29,37,41,43,47,53",
31,2,"2,31",2^5 * 31^1,0,"3,5,7,11,13,17,19,23,29,37,41,43,47,53",
32,2,"2,3,11",2^5 * 3^1 * 11^1,0,"5,7,13,17,19,23,29,31,37,41,43,47,53",
33,2,"2,3,11,17",2^1 * 3^1 * 11^1 * 17^1,0,"5,7,13,19,23,29,31,37,41,43,47,53",
34,2,"2,5,7,17",2^1 * 5^1 * 7^1 * 17^1,0,"3,11,13,19,23,29,31,37,41,43,47,53",
35,2,"2,3,5,7",2^2 * 3^2 * 5^1 * 7^1,0,"11,13,17,19,23,29,31,37,41,43,47,53",
36,2,"2,3,37",2^2 * 3^2 * 37^1,0,"5,7,11,13,17,19,23,29,31,41,43,47,53",
37,2,"2,19,37",2^1 * 19^1 * 37^1,0,"3,5,7,11,13,17,23,29,31,41,43,47,53",
38,2,"2,3,13,19",2^1 * 3^1 * 13^1 * 19^1,0,"5,7,11,17,23,29,31,37,41,43,47,53",
39,2,"2,3,5,13",2^3 * 3^1 * 5^1 * 13^1,0,"7,11,17,19,23,29,31,37,41,43,47,53",
40,2,"2,5,41",2^3 * 5^1 * 41^1,0,"3,7,11,13,17,19,23,29,31,37,43,47,53",
41,2,"2,3,7,41",2^1 * 3^1 * 7^1 * 41^1,0,"5,11,13,17,19,23,29,31,37,43,47,53",
42,2,"2,3,7,43",2^1 * 3^1 * 7^1 * 43^1,0,"5,11,13,17,19,23,29,31,37,41,47,53",
43,2,"2,11,43",2^2 * 11^1 * 43^1,0,"3,5,7,13,17,19,23,29,31,37,41,47,53",
44,2,"2,3,5,11",2^2 * 3^2 * 5^1 * 11^1,0,"7,13,17,19,23,29,31,37,41,43,47,53",
45,2,"2,3,5,23",2^1 * 3^2 * 5^1 * 23^1,0,"7,11,13,17,19,29,31,37,41,43,47,53",
46,2,"2,23,47",2^1 * 23^1 * 47^1,0,"3,5,7,11,13,17,19,29,31,37,41,43,53",
47,2,"2,3,47",2^4 * 3^1 * 47^1,0,"5,7,11,13,17,19,23,29,31,37,41,43,53",
48,2,"2,3,7",2^4 * 3^1 * 7^2,0,"5,11,13,17,19,23,29,31,37,41,43,47,53",
49,2,"2,5,7",2^1 * 5^2 * 7^2,0,"3,11,13,17,19,23,29,31,37,41,43,47,53",
50,2,"2,3,5,17",2^1 * 3^1 * 5^2 * 17^1,0,"7,11,13,19,23,29,31,37,41,43,47,53",
51,2,"2,3,13,17",2^2 * 3^1 * 13^1 * 17^1,0,"5,7,11,19,23,29,31,37,41,43,47,53",
52,2,"2,13,53",2^2 * 13^1 * 53^1,0,"3,5,7,11,17,19,23,29,31,37,41,43,47",
53,2,"2,3,53",2^1 * 3^3 * 53^1,0,"5,7,11,13,17,19,23,29,31,37,41,43,47",
54,2,"2,3,5,11",2^1 * 3^3 * 5^1 * 11^1,0,"7,13,17,19,23,29,31,37,41,43,47,53",
55,2,"2,5,7,11",2^3 * 5^1 * 7^1 * 11^1,0,"3,13,17,19,23,29,31,37,41,43,47,53",
56,2,"2,3,7,19",2^3 * 3^1 * 7^1 * 19^1,0,"5,11,13,17,23,29,31,37,41,43,47,53",
57,2,"2,3,19,29",2^1 * 3^1 * 19^1 * 29^1,0,"5,7,11,13,17,23,31,37,41,43,47,53",
62,2,"2,3,7,31",2^1 * 3^2 * 7^1 * 31^1,0,"5,11,13,17,19,23,29,37,41,43,47,53",
63,2,"2,3,7",2^6 * 3^2 * 7^1,0,"5,11,13,17,19,23,29,31,37,41,43,47,53",
64,2,"2,5,13",2^6 * 5^1 * 13^1,0,"3,7,11,17,19,23,29,31,37,41,43,47,53",
65,2,"2,3,5,11,13",2^1 * 3^1 * 5^1 * 11^1 * 13^1,0,"7,17,19,23,29,31,37,41,43,47,53",
68,2,"2,3,17,23",2^2 * 3^1 * 17^1 * 23^1,0,"5,7,11,13,19,29,31,37,41,43,47,53",
69,2,"2,3,5,7,23",2^1 * 3^1 * 5^1 * 7^1 * 23^1,0,"11,13,17,19,29,31,37,41,43,47,53",
74,2,"2,3,5,37",2^1 * 3^1 * 5^2 * 37^1,0,"7,11,13,17,19,23,29,31,41,43,47,53",
75,2,"2,3,5,19",2^2 * 3^1 * 5^2 * 19^1,0,"7,11,13,17,23,29,31,37,41,43,47,53",
76,2,"2,7,11,19",2^2 * 7^1 * 11^1 * 19^1,0,"3,5,13,17,23,29,31,37,41,43,47,53",
77,2,"2,3,7,11,13",2^1 * 3^1 * 7^1 * 11^1 * 13^1,0,"5,17,19,23,29,31,37,41,43,47,53",
80,2,"2,3,5",2^4 * 3^4 * 5^1,0,"7,11,13,17,19,23,29,31,37,41,43,47,53",
81,2,"2,3,41",2^1 * 3^4 * 41^1,0,"5,7,11,13,17,19,23,29,31,37,43,47,53",
84,2,"2,3,5,7,17",2^2 * 3^1 * 5^1 * 7^1 * 17^1,0,"11,13,19,23,29,31,37,41,43,47,53",
85,2,"2,5,17,43",2^1 * 5^1 * 17^1 * 43^1,0,"3,7,11,13,19,23,29,31,37,41,47,53",
86,2,"2,3,29,43",2^1 * 3^1 * 29^1 * 43^1,0,"5,7,11,13,17,19,23,31,37,41,47,53",
87,2,"2,3,11,29",2^3 * 3^1 * 11^1 * 29^1,0,"5,7,13,17,19,23,31,37,41,43,47,53",
90,2,"2,3,5,7,13",2^1 * 3^2 * 5^1 * 7^1 * 13^1,0,"11,17,19,23,29,31,37,41,43,47,53",
91,2,"2,7,13,23",2^2 * 7^1 * 13^1 * 23^1,0,"3,5,11,17,19,29,31,37,41,43,47,53",
92,2,"2,3,23,31",2^2 * 3^1 * 23^1 * 31^1,0,"5,7,11,13,17,19,29,37,41,43,47,53",
93,2,"2,3,31,47",2^1 * 3^1 * 31^1 * 47^1,0,"5,7,11,13,17,19,23,29,37,41,43,53",
94,2,"2,5,19,47",2^1 * 5^1 * 19^1 * 47^1,0,"3,7,11,13,17,23,29,31,37,41,43,53",
95,2,"2,3,5,19",2^5 * 3^1 * 5^1 * 19^1,0,"7,11,13,17,23,29,31,37,41,43,47,53",
98,2,"2,3,7,11",2^1 * 3^2 * 7^2 * 11^1,0,"5,13,17,19,23,29,31,37,41,43,47,53",
99,2,"2,3,5,11",2^2 * 3^2 * 5^2 * 11^1,0,"7,13,17,19,23,29,31,37,41,43,47,53",
104,2,"2,3,5,7,13",2^3 * 3^1 * 5^1 * 7^1 * 13^1,0,"11,17,19,23,29,31,37,41,43,47,53",
105,2,"2,3,5,7,53",2^1 * 3^1 * 5^1 * 7^1 * 53^1,0,"11,13,17,19,23,29,31,37,41,43,47",
110,2,"2,3,5,11,37",2^1 * 3^1 * 5^1 * 11^1 * 37^1,0,"7,13,17,19,23,29,31,41,43,47,53",
111,2,"2,3,7,37",2^4 * 3^1 * 7^1 * 37^1,0,"5,11,13,17,19,23,29,31,41,43,47,53",
114,2,"2,3,5,19,23",2^1 * 3^1 * 5^1 * 19^1 * 23^1,0,"7,11,13,17,29,31,37,41,43,47,53",
115,2,"2,5,23,29",2^2 * 5^1 * 23^1 * 29^1,0,"3,7,11,13,17,19,31,37,41,43,47,53",
116,2,"2,3,13,29",2^2 * 3^2 * 13^1 * 29^1,0,"5,7,11,17,19,23,31,37,41,43,47,53",
119,2,"2,3,5,7,17",2^3 * 3^1 * 5^1 * 7^1 * 17^1,0,"11,13,19,23,29,31,37,41,43,47,53",
120,2,"2,3,5,11",2^3 * 3^1 * 5^1 * 11^2,0,"7,13,17,19,23,29,31,37,41,43,47,53",
123,2,"2,3,31,41",2^2 * 3^1 * 31^1 * 41^1,0,"5,7,11,13,17,19,23,29,37,43,47,53",
124,2,"2,5,31",2^2 * 5^3 * 31^1,0,"3,7,11,13,17,19,23,29,37,41,43,47,53",
125,2,"2,3,5,7",2^1 * 3^2 * 5^3 * 7^1,0,"11,13,17,19,23,29,31,37,41,43,47,53",
128,2,"2,3,43",2^7 * 3^1 * 43^1,0,"5,7,11,13,17,19,23,29,31,37,41,47,53",
129,2,"2,3,5,13,43",2^1 * 3^1 * 5^1 * 13^1 * 43^1,0,"7,11,17,19,23,29,31,37,41,47,53",
132,2,"2,3,7,11,19",2^2 * 3^1 * 7^1 * 11^1 * 19^1,0,"5,13,17,23,29,31,37,41,43,47,53",
135,2,"2,3,5,17",2^3 * 3^3 * 5^1 * 17^1,0,"7,11,13,19,23,29,31,37,41,43,47,53",
140,2,"2,3,5,7,47",2^2 * 3^1 * 5^1 * 7^1 * 47^1,0,"11,13,17,19,23,29,31,37,41,43,53",
143,2,"2,3,11,13",2^4 * 3^2 * 11^1 * 13^1,0,"5,7,17,19,23,29,31,37,41,43,47,53",
144,2,"2,3,5,29",2^4 * 3^2 * 5^1 * 29^1,0,"7,11,13,17,19,23,31,37,41,43,47,53",
147,2,"2,3,7,37",2^2 * 3^1 * 7^2 * 37^1,0,"5,11,13,17,19,23,29,31,41,43,47,53",
152,2,"2,3,17,19",2^3 * 3^2 * 17^1 * 19^1,0,"5,7,11,13,23,29,31,37,41,43,47,53",
153,2,"2,3,7,11,17",2^1 * 3^2 * 7^1 * 11^1 * 17^1,0,"5,13,19,23,29,31,37,41,43,47,53",
154,2,"2,5,7,11,31",2^1 * 5^1 * 7^1 * 11^1 * 31^1,0,"3,13,17,19,23,29,37,41,43,47,53",
155,2,"2,3,5,13,31",2^2 * 3^1 * 5^1 * 13^1 * 31^1,0,"7,11,17,19,23,29,37,41,43,47,53",
159,2,"2,3,5,53",2^5 * 3^1 * 5^1 * 53^1,0,"7,11,13,17,19,23,29,31,37,41,43,47",
160,2,"2,5,7,23",2^5 * 5^1 * 7^1 * 23^1,0,"3,11,13,17,19,29,31,37,41,43,47,53",
161,2,"2,3,7,23",2^1 * 3^4 * 7^1 * 23^1,0,"5,11,13,17,19,29,31,37,41,43,47,53",
164,2,"2,3,5,11,41",2^2 * 3^1 * 5^1 * 11^1 * 41^1,0,"7,13,17,19,23,29,31,37,43,47,53",
168,2,"2,3,7,13",2^3 * 3^1 * 7^1 * 13^2,0,"5,11,17,19,23,29,31,37,41,43,47,53",
169,2,"2,5,13,17",2^1 * 5^1 * 13^2 * 17^1,0,"3,7,11,19,23,29,31,37,41,43,47,53",
170,2,"2,3,5,17,19",2^1 * 3^2 * 5^1 * 17^1 * 19^1,0,"7,11,13,23,29,31,37,41,43,47,53",
171,2,"2,3,19,43",2^2 * 3^2 * 19^1 * 43^1,0,"5,7,11,13,17,23,29,31,37,41,47,53",
174,2,"2,3,5,7,29",2^1 * 3^1 * 5^2 * 7^1 * 29^1,0,"11,13,17,19,23,31,37,41,43,47,53",
175,2,"2,5,7,11",2^4 * 5^2 * 7^1 * 11^1,0,"3,13,17,19,23,29,31,37,41,43,47,53",
184,2,"2,5,23,37",2^3 * 5^1 * 23^1 * 37^1,0,"3,7,11,13,17,19,29,31,41,43,47,53",
185,2,"2,3,5,31,37",2^1 * 3^1 * 5^1 * 31^1 * 37^1,0,"7,11,13,17,19,23,29,41,43,47,53",
186,2,"2,3,11,17,31",2^1 * 3^1 * 11^1 * 17^1 * 31^1,0,"5,7,13,19,23,29,37,41,43,47,53",
187,2,"2,11,17,47",2^2 * 11^1 * 17^1 * 47^1,0,"3,5,7,13,19,23,29,31,37,41,43,53",
188,2,"2,3,7,47",2^2 * 3^3 * 7^1 * 47^1,0,"5,11,13,17,19,23,29,31,37,41,43,53",
189,2,"2,3,5,7,19",2^1 * 3^3 * 5^1 * 7^1 * 19^1,0,"11,13,17,23,29,31,37,41,43,47,53",
195,2,"2,3,5,7,13",2^2 * 3^1 * 5^1 * 7^2 * 13^1,0,"11,17,19,23,29,31,37,41,43,47,53",
203,2,"2,3,7,17,29",2^2 * 3^1 * 7^1 * 17^1 * 29^1,0,"5,11,13,19,23,31,37,41,43,47,53",
204,2,"2,3,5,17,41",2^2 * 3^1 * 5^1 * 17^1 * 41^1,0,"7,11,13,19,23,29,31,37,43,47,53",
207,2,"2,3,13,23",2^4 * 3^2 * 13^1 * 23^1,0,"5,7,11,17,19,29,31,37,41,43,47,53",
208,2,"2,11,13,19",2^4 * 11^1 * 13^1 * 19^1,0,"3,5,7,17,23,29,31,37,41,43,47,53",
209,2,"2,3,5,7,11,19",2^1 * 3^1 * 5^1 * 7^1 * 11^1 * 19^1,0,"13,17,23,29,31,37,41,43,47,53",
215,2,"2,3,5,43",2^3 * 3^3 * 5^1 * 43^1,0,"7,11,13,17,19,23,29,31,37,41,47,53",
216,2,"2,3,7,31",2^3 * 3^3 * 7^1 * 31^1,0,"5,11,13,17,19,23,29,37,41,43,47,53",
220,2,"2,5,11,13,17",2^2 * 5^1 * 11^1 * 13^1 * 17^1,0,"3,7,19,23,29,31,37,41,43,47,53",
221,2,"2,3,13,17,37",2^1 * 3^1 * 13^1 * 17^1 * 37^1,0,"5,7,11,19,23,29,31,41,43,47,53",
224,2,"2,3,5,7",2^5 * 3^2 * 5^2 * 7^1,0,"11,13,17,19,23,29,31,37,41,43,47,53",
230,2,"2,3,5,7,11,23",2^1 * 3^1 * 5^1 * 7^1 * 11^1 * 23^1,0,"13,17,19,29,31,37,41,43,47,53",
231,2,"2,3,7,11,29",2^3 * 3^1 * 7^1 * 11^1 * 29^1,0,"5,13,17,19,23,31,37,41,43,47,53",
234,2,"2,3,5,13,47",2^1 * 3^2 * 5^1 * 13^1 * 47^1,0,"7,11,17,19,23,29,31,37,41,43,53",
242,2,"2,3,11",2^1 * 3^5 * 11^2,0,"5,7,13,17,19,23,29,31,37,41,43,47,53",
245,2,"2,3,5,7,41",2^1 * 3^1 * 5^1 * 7^2 * 41^1,0,"11,13,17,19,23,29,31,37,43,47,53",
246,2,"2,3,13,19,41",2^1 * 3^1 * 13^1 * 19^1 * 41^1,0,"5,7,11,17,23,29,31,37,43,47,53",
247,2,"2,13,19,31",2^3 * 13^1 * 19^1 * 31^1,0,"3,5,7,11,17,23,29,37,41,43,47,53",
252,2,"2,3,7,11,23",2^2 * 3^2 * 7^1 * 11^1 * 23^1,0,"5,13,17,19,29,31,37,41,43,47,53",
255,2,"2,3,5,17",2^8 * 3^1 * 5^1 * 17^1,0,"7,11,13,19,23,29,31,37,41,43,47,53",
258,2,"2,3,7,37,43",2^1 * 3^1 * 7^1 * 37^1 * 43^1,0,"5,11,13,17,19,23,29,31,41,47,53",
259,2,"2,5,7,13,37",2^2 * 5^1 * 7^1 * 13^1 * 37^1,0,"3,11,17,19,23,29,31,41,43,47,53",
260,2,"2,3,5,13,29",2^2 * 3^2 * 5^1 * 13^1 * 29^1,0,"7,11,17,19,23,31,37,41,43,47,53",
264,2,"2,3,5,11,53",2^3 * 3^1 * 5^1 * 11^1 * 53^1,0,"7,13,17,19,23,29,31,37,41,43,47",
265,2,"2,5,7,19,53",2^1 * 5^1 * 7^1 * 19^1 * 53^1,0,"3,11,13,17,23,29,31,37,41,43,47",
272,2,"2,3,7,13,17",2^4 * 3^1 * 7^1 * 13^1 * 17^1,0,"5,11,19,23,29,31,37,41,43,47,53",
275,2,"2,3,5,11,23",2^2 * 3^1 * 5^2 * 11^1 * 23^1,0,"7,13,17,19,29,31,37,41,43,47,53",
279,2,"2,3,5,7,31",2^3 * 3^2 * 5^1 * 7^1 * 31^1,0,"11,13,17,19,23,29,37,41,43,47,53",
285,2,"2,3,5,11,13,19",2^1 * 3^1 * 5^1 * 11^1 * 13^1 * 19^1,0,"7,17,23,29,31,37,41,43,47,53",
286,2,"2,7,11,13,41",2^1 * 7^1 * 11^1 * 13^1 * 41^1,0,"3,5,17,19,23,29,31,37,43,47,53",
287,2,"2,3,7,41",2^5 * 3^2 * 7^1 * 41^1,0,"5,11,13,17,19,23,29,31,37,43,47,53",
288,2,"2,3,17",2^5 * 3^2 * 17^2,0,"5,7,11,13,19,23,29,31,37,41,43,47,53",
289,2,"2,5,17,29",2^1 * 5^1 * 17^2 * 29^1,0,"3,7,11,13,19,23,31,37,41,43,47,53",
296,2,"2,3,11,37",2^3 * 3^3 * 11^1 * 37^1,0,"5,7,13,17,19,23,29,31,41,43,47,53",
299,2,"2,3,5,13,23",2^2 * 3^1 * 5^2 * 13^1 * 23^1,0,"7,11,17,19,29,31,37,41,43,47,53",
300,2,"2,3,5,7,43",2^2 * 3^1 * 5^2 * 7^1 * 43^1,0,"11,13,17,19,23,29,31,37,41,47,53",
318,2,"2,3,11,29,53",2^1 * 3^1 * 11^1 * 29^1 * 53^1,0,"5,7,13,17,19,23,31,37,41,43,47",
319,2,"2,5,11,29",2^6 * 5^1 * 11^1 * 29^1,0,"3,7,13,17,19,23,31,37,41,43,47,53",
322,2,"2,7,17,19,23",2^1 * 7^1 * 17^1 * 19^1 * 23^1,0,"3,5,11,13,29,31,37,41,43,47,53",
323,2,"2,3,17,19",2^2 * 3^4 * 17^1 * 19^1,0,"5,7,11,13,23,29,31,37,41,43,47,53",
324,2,"2,3,5,13",2^2 * 3^4 * 5^2 * 13^1,0,"7,11,17,19,23,29,31,37,41,43,47,53",
328,2,"2,7,41,47",2^3 * 7^1 * 41^1 * 47^1,0,"3,5,11,13,17,19,23,29,31,37,43,53",
329,2,"2,3,5,7,11,47",2^1 * 3^1 * 5^1 * 7^1 * 11^1 * 47^1,0,"13,17,19,23,29,31,37,41,43,53",
340,2,"2,5,11,17,31",2^2 * 5^1 * 11^1 * 17^1 * 31^1,0,"3,7,13,19,23,29,37,41,43,47,53",
341,2,"2,3,11,19,31",2^1 * 3^2 * 11^1 * 19^1 * 31^1,0,"5,7,13,17,23,29,37,41,43,47,53",
342,2,"2,3,7,19",2^1 * 3^2 * 7^3 * 19^1,0,"5,11,13,17,23,29,31,37,41,43,47,53",
343,2,"2,7,43",2^3 * 7^3 * 43^1,0,"3,5,11,13,17,19,23,29,31,37,41,47,53",
344,2,"2,3,5,23,43",2^3 * 3^1 * 5^1 * 23^1 * 43^1,0,"7,11,13,17,19,29,31,37,41,47,53",
350,2,"2,3,5,7,13",2^1 * 3^3 * 5^2 * 7^1 * 13^1,0,"11,17,19,23,29,31,37,41,43,47,53",
351,2,"2,3,11,13",2^5 * 3^3 * 11^1 * 13^1,0,"5,7,17,19,23,29,31,37,41,43,47,53",
360,2,"2,3,5,19",2^3 * 3^2 * 5^1 * 19^2,0,"7,11,13,17,23,29,31,37,41,43,47,53",
363,2,"2,3,7,11,13",2^2 * 3^1 * 7^1 * 11^2 * 13^1,0,"5,17,19,23,29,31,37,41,43,47,53",
368,2,"2,3,23,41",2^4 * 3^2 * 23^1 * 41^1,0,"5,7,11,13,17,19,29,31,37,43,47,53",
369,2,"2,3,5,37,41",2^1 * 3^2 * 5^1 * 37^1 * 41^1,0,"7,11,13,17,19,23,29,31,43,47,53",
370,2,"2,5,7,37,53",2^1 * 5^1 * 7^1 * 37^1 * 53^1,0,"3,11,13,17,19,23,29,31,41,43,47",
371,2,"2,3,7,31,53",2^2 * 3^1 * 7^1 * 31^1 * 53^1,0,"5,11,13,17,19,23,29,37,41,43,47",
374,2,"2,3,5,11,17",2^1 * 3^1 * 5^3 * 11^1 * 17^1,0,"7,13,19,23,29,31,37,41,43,47,53",
375,2,"2,3,5,47",2^3 * 3^1 * 5^3 * 47^1,0,"7,11,13,17,19,23,29,31,37,41,43,53",
376,2,"2,13,29,47",2^3 * 13^1 * 29^1 * 47^1,0,"3,5,7,11,17,19,23,31,37,41,43,53",
377,2,"2,3,7,13,29",2^1 * 3^3 * 7^1 * 13^1 * 29^1,0,"5,11,17,19,23,31,37,41,43,47,53",
384,2,"2,3,5,7,11",2^7 * 3^1 * 5^1 * 7^1 * 11^1,0,"13,17,19,23,29,31,37,41,43,47,53",
390,2,"2,3,5,13,17,23",2^1 * 3^1 * 5^1 * 13^1 * 17^1 * 23^1,0,"7,11,19,29,31,37,41,43,47,53",
391,2,"2,7,17,23",2^3 * 7^2 * 17^1 * 23^1,0,"3,5,11,13,19,29,31,37,41,43,47,53",
399,2,"2,3,5,7,19",2^4 * 3^1 * 5^2 * 7^1 * 19^1,0,"11,13,17,23,29,31,37,41,43,47,53",
405,2,"2,3,5,7,29",2^1 * 3^4 * 5^1 * 7^1 * 29^1,0,"11,13,17,19,23,31,37,41,43,47,53",
406,2,"2,7,11,29,37",2^1 * 7^1 * 11^1 * 29^1 * 37^1,0,"3,5,13,17,19,23,31,41,43,47,53",
407,2,"2,3,11,17,37",2^3 * 3^1 * 11^1 * 17^1 * 37^1,0,"5,7,13,19,23,29,31,41,43,47,53",
423,2,"2,3,47,53",2^3 * 3^2 * 47^1 * 53^1,0,"5,7,11,13,17,19,23,29,31,37,41,43",
424,2,"2,5,17,53",2^3 * 5^2 * 17^1 * 53^1,0,"3,7,11,13,19,23,29,31,37,41,43,47",
429,2,"2,3,5,11,13,43",2^1 * 3^1 * 5^1 * 11^1 * 13^1 * 43^1,0,"7,17,19,23,29,31,37,41,47,53",
434,2,"2,3,5,7,29,31",2^1 * 3^1 * 5^1 * 7^1 * 29^1 * 31^1,0,"11,13,17,19,23,37,41,43,47,53",
440,2,"2,3,5,7,11",2^3 * 3^2 * 5^1 * 7^2 * 11^1,0,"13,17,19,23,29,31,37,41,43,47,53",
441,2,"2,3,7,13,17",2^1 * 3^2 * 7^2 * 13^1 * 17^1,0,"5,11,19,23,29,31,37,41,43,47,53",
450,2,"2,3,5,11,41",2^1 * 3^2 * 5^2 * 11^1 * 41^1,0,"7,13,17,19,23,29,31,37,43,47,53",
455,2,"2,3,5,7,13,19",2^3 * 3^1 * 5^1 * 7^1 * 13^1 * 19^1,0,"11,17,23,29,31,37,41,43,47,53",
459,2,"2,3,5,17,23",2^2 * 3^3 * 5^1 * 17^1 * 23^1,0,"7,11,13,19,29,31,37,41,43,47,53",
464,2,"2,3,5,29,31",2^4 * 3^1 * 5^1 * 29^1 * 31^1,0,"7,11,13,17,19,23,37,41,43,47,53",
475,2,"2,5,7,17,19",2^2 * 5^2 * 7^1 * 17^1 * 19^1,0,"3,11,13,23,29,31,37,41,43,47,53",
476,2,"2,3,7,17,53",2^2 * 3^2 * 7^1 * 17^1 * 53^1,0,"5,11,13,19,23,29,31,37,41,43,47",
480,2,"2,3,5,13,37",2^5 * 3^1 * 5^1 * 13^1 * 37^1,0,"7,11,17,19,23,29,31,41,43,47,53",
483,2,"2,3,7,11,23",2^2 * 3^1 * 7^1 * 11^2 * 23^1,0,"5,13,17,19,29,31,37,41,43,47,53",
492,2,"2,3,17,29,41",2^2 * 3^1 * 17^1 * 29^1 * 41^1,0,"5,7,11,13,19,23,31,37,43,47,53",
493,2,"2,13,17,19,29",2^1 * 13^1 * 17^1 * 19^1 * 29^1,0,"3,5,7,11,23,31,37,41,43,47,53",
494,2,"2,3,5,11,13,19",2^1 * 3^2 * 5^1 * 11^1 * 13^1 * 19^1,0,"7,17,23,29,31,37,41,43,47,53",
495,2,"2,3,5,11,31",2^4 * 3^2 * 5^1 * 11^1 * 31^1,0,"7,13,17,19,23,29,37,41,43,47,53",
506,2,"2,3,11,13,23",2^1 * 3^1 * 11^1 * 13^2 * 23^1,0,"5,7,17,19,29,31,37,41,43,47,53",
512,2,"2,3,19",2^9 * 3^3 * 19^1,0,"5,7,11,13,17,23,29,31,37,41,43,47,53",
516,2,"2,3,11,43,47",2^2 * 3^1 * 11^1 * 43^1 * 47^1,0,"5,7,13,17,19,23,29,31,37,41,53",
517,2,"2,7,11,37,47",2^1 * 7^1 * 11^1 * 37^1 * 47^1,0,"3,5,13,17,19,23,29,31,41,43,53",
527,2,"2,3,11,17,31",2^4 * 3^1 * 11^1 * 17^1 * 31^1,0,"5,7,13,19,23,29,37,41,43,47,53",
528,2,"2,3,11,23",2^4 * 3^1 * 11^1 * 23^2,0,"5,7,13,17,19,29,31,37,41,43,47,53",
529,2,"2,5,23,53",2^1 * 5^1 * 23^2 * 53^1,0,"3,7,11,13,17,19,29,31,37,41,43,47",
532,2,"2,7,13,19,41",2^2 * 7^1 * 13^1 * 19^1 * 41^1,0,"3,5,11,17,23,29,31,37,43,47,53",
539,2,"2,3,5,7,11",2^2 * 3^3 * 5^1 * 7^2 * 11^1,0,"13,17,19,23,29,31,37,41,43,47,53",
550,2,"2,5,11,19,29",2^1 * 5^2 * 11^1 * 19^1 * 29^1,0,"3,7,13,17,23,31,37,41,43,47,53",
551,2,"2,3,19,23,29",2^3 * 3^1 * 19^1 * 23^1 * 29^1,0,"5,7,11,13,17,31,37,41,43,47,53",
558,2,"2,3,13,31,43",2^1 * 3^2 * 13^1 * 31^1 * 43^1,0,"5,7,11,17,19,23,29,37,41,47,53",
559,2,"2,5,7,13,43",2^4 * 5^1 * 7^1 * 13^1 * 43^1,0,"3,11,17,19,23,29,31,37,41,47,53",
560,2,"2,3,5,7,11,17",2^4 * 3^1 * 5^1 * 7^1 * 11^1 * 17^1,0,"13,19,23,29,31,37,41,43,47,53",
574,2,"2,5,7,23,41",2^1 * 5^2 * 7^1 * 23^1 * 41^1,0,"3,11,13,17,19,29,31,37,43,47,53",
575,2,"2,3,5,23",2^6 * 3^2 * 5^2 * 23^1,0,"7,11,13,17,19,29,31,37,41,43,47,53",
588,2,"2,3,7,19,31",2^2 * 3^1 * 7^2 * 19^1 * 31^1,0,"5,11,13,17,23,29,37,41,43,47,53",
594,2,"2,3,5,7,11,17",2^1 * 3^3 * 5^1 * 7^1 * 11^1 * 17^1,0,"13,19,23,29,31,37,41,43,47,53",
608,2,"2,3,7,19,29",2^5 * 3^1 * 7^1 * 19^1 * 29^1,0,"5,11,13,17,23,31,37,41,43,47,53",
611,2,"2,3,13,17,47",2^2 * 3^2 * 13^1 * 17^1 * 47^1,0,"5,7,11,19,23,29,31,37,41,43,53",
615,2,"2,3,5,7,11,41",2^3 * 3^1 * 5^1 * 7^1 * 11^1 * 41^1,0,"13,17,19,23,29,31,37,43,47,53",
620,2,"2,3,5,23,31",2^2 * 3^3 * 5^1 * 23^1 * 31^1,0,"7,11,13,17,19,29,37,41,43,47,53",
624,2,"2,3,5,13",2^4 * 3^1 * 5^4 * 13^1,0,"7,11,17,19,23,29,31,37,41,43,47,53",
629,2,"2,3,5,7,17,37",2^1 * 3^2 * 5^1 * 7^1 * 17^1 * 37^1,0,"11,13,19,23,29,31,41,43,47,53",
636,2,"2,3,7,13,53",2^2 * 3^1 * 7^2 * 13^1 * 53^1,0,"5,11,17,19,23,29,31,37,41,43,47",
637,2,"2,7,11,13,29",2^1 * 7^2 * 11^1 * 13^1 * 29^1,0,"3,5,17,19,23,31,37,41,43,47,53",
644,2,"2,3,5,7,23,43",2^2 * 3^1 * 5^1 * 7^1 * 23^1 * 43^1,0,"11,13,17,19,29,31,37,41,47,53",
645,2,"2,3,5,17,19,43",2^1 * 3^1 * 5^1 * 17^1 * 19^1 * 43^1,0,"7,11,13,23,29,31,37,41,47,53",
650,2,"2,3,5,7,13,31",2^1 * 3^1 * 5^2 * 7^1 * 13^1 * 31^1,0,"11,17,19,23,29,37,41,43,47,53",
665,2,"2,3,5,7,19,37",2^1 * 3^2 * 5^1 * 7^1 * 19^1 * 37^1,0,"11,13,17,23,29,31,41,43,47,53",
666,2,"2,3,23,29,37",2^1 * 3^2 * 23^1 * 29^1 * 37^1,0,"5,7,11,13,17,19,31,41,43,47,53",
675,2,"2,3,5,13",2^2 * 3^3 * 5^2 * 13^2,0,"7,11,17,19,23,29,31,37,41,43,47,53",
688,2,"2,13,43,53",2^4 * 13^1 * 43^1 * 53^1,0,"3,5,7,11,17,19,23,29,31,37,41,47",
689,2,"2,3,5,13,23,53",2^1 * 3^1 * 5^1 * 13^1 * 23^1 * 53^1,0,"7,11,17,19,29,31,37,41,43,47",
696,2,"2,3,17,29,41",2^3 * 3^1 * 17^1 * 29^1 * 41^1,0,"5,7,11,13,19,23,31,37,43,47,53",
702,2,"2,3,13,19,37",2^1 * 3^3 * 13^1 * 19^1 * 37^1,0,"5,7,11,17,23,29,31,41,43,47,53",
703,2,"2,11,19,37",2^6 * 11^1 * 19^1 * 37^1,0,"3,5,7,13,17,23,29,31,41,43,47,53",
704,2,"2,3,5,11,47",2^6 * 3^1 * 5^1 * 11^1 * 47^1,0,"7,13,17,19,23,29,31,37,41,43,53",
713,2,"2,3,7,17,23,31",2^1 * 3^1 * 7^1 * 17^1 * 23^1 * 31^1,0,"5,11,13,19,29,37,41,43,47,53",
714,2,"2,3,5,7,11,13,17",2^1 * 3^1 * 5^1 * 7^1 * 11^1 * 13^1 * 17^1,0,"19,23,29,31,37,41,43,47,53",
725,2,"2,3,5,11,29",2^1 * 3^1 * 5^2 * 11^2 * 29^1,0,"7,13,17,19,23,31,37,41,43,47,53",
728,2,"2,3,7,13",2^3 * 3^6 * 7^1 * 13^1,0,"5,11,17,19,23,29,31,37,41,43,47,53",
735,2,"2,3,5,7,23",2^5 * 3^1 * 5^1 * 7^2 * 23^1,0,"11,13,17,19,29,31,37,41,43,47,53",
740,2,"2,3,5,13,19,37",2^2 * 3^1 * 5^1 * 13^1 * 19^1 * 37^1,0,"7,11,17,23,29,31,41,43,47,53",
741,2,"2,3,7,13,19,53",2^1 * 3^1 * 7^1 * 13^1 * 19^1 * 53^1,0,"5,11,17,23,29,31,37,41,43,47",
759,2,"2,3,5,11,19,23",2^3 * 3^1 * 5^1 * 11^1 * 19^1 * 23^1,0,"7,13,17,29,31,37,41,43,47,53",
774,2,"2,3,5,31,43",2^1 * 3^2 * 5^2 * 31^1 * 43^1,0,"7,11,13,17,19,23,29,37,41,47,53",
779,2,"2,3,5,13,19,41",2^2 * 3^1 * 5^1 * 13^1 * 19^1 * 41^1,0,"7,11,17,23,29,31,37,43,47,53",
782,2,"2,3,17,23,29",2^1 * 3^3 * 17^1 * 23^1 * 29^1,0,"5,7,11,13,19,31,37,41,43,47,53",
783,2,"2,3,7,29",2^4 * 3^3 * 7^2 * 29^1,0,"5,11,13,17,19,23,31,37,41,43,47,53",
798,2,"2,3,7,17,19,47",2^1 * 3^1 * 7^1 * 17^1 * 19^1 * 47^1,0,"5,11,13,23,29,31,37,41,43,53",
799,2,"2,5,17,47",2^5 * 5^2 * 17^1 * 47^1,0,"3,7,11,13,19,23,29,31,37,41,43,53",
805,2,"2,5,7,13,23,31",2^1 * 5^1 * 7^1 * 13^1 * 23^1 * 31^1,0,"3,11,17,19,29,37,41,43,47,53",
816,2,"2,3,17,19,43",2^4 * 3^1 * 17^1 * 19^1 * 43^1,0,"5,7,11,13,23,29,31,37,41,47,53",
819,2,"2,3,5,7,13,41",2^2 * 3^2 * 5^1 * 7^1 * 13^1 * 41^1,0,"11,17,19,23,29,31,37,43,47,53",
832,2,"2,7,13,17",2^6 * 7^2 * 13^1 * 17^1,0,"3,5,11,19,23,29,31,37,41,43,47,53",
836,2,"2,3,11,19,31",2^2 * 3^3 * 11^1 * 19^1 * 31^1,0,"5,7,13,17,23,29,37,41,43,47,53",
840,2,"2,3,5,7,29",2^3 * 3^1 * 5^1 * 7^1 * 29^2,0,"11,13,17,19,23,31,37,41,43,47,53",
845,2,"2,3,5,13,47",2^1 * 3^2 * 5^1 * 13^2 * 47^1,0,"7,11,17,19,23,29,31,37,41,43,53",
846,2,"2,3,7,11,47",2^1 * 3^2 * 7^1 * 11^2 * 47^1,0,"5,13,17,19,23,29,31,37,41,43,53",
847,2,"2,7,11,53",2^4 * 7^1 * 11^2 * 53^1,0,"3,5,13,17,19,23,29,31,37,41,43,47",
850,2,"2,5,17,23,37",2^1 * 5^2 * 17^1 * 23^1 * 37^1,0,"3,7,11,13,19,29,31,41,43,47,53",
860,2,"2,3,5,7,41,43",2^2 * 3^1 * 5^1 * 7^1 * 41^1 * 43^1,0,"11,13,17,19,23,29,31,37,47,53",
867,2,"2,3,7,17,31",2^2 * 3^1 * 7^1 * 17^2 * 31^1,0,"5,11,13,19,23,29,37,41,43,47,53",
874,2,"2,5,7,19,23",2^1 * 5^3 * 7^1 * 19^1 * 23^1,0,"3,11,13,17,29,31,37,41,43,47,53",
896,2,"2,3,7,13,23",2^7 * 3^1 * 7^1 * 13^1 * 23^1,0,"5,11,17,19,29,31,37,41,43,47,53",
899,2,"2,3,5,29,31",2^2 * 3^2 * 5^2 * 29^1 * 31^1,0,"7,11,13,17,19,23,37,41,43,47,53",
900,2,"2,3,5,17,53",2^2 * 3^2 * 5^2 * 17^1 * 53^1,0,"7,11,13,19,23,29,31,37,41,43,47",
901,2,"2,11,17,41,53",2^1 * 11^1 * 17^1 * 41^1 * 53^1,0,"3,5,7,13,19,23,29,31,37,43,47",
902,2,"2,3,7,11,41,43",2^1 * 3^1 * 7^1 * 11^1 * 41^1 * 43^1,0,"5,13,17,19,23,29,31,37,47,53",
924,2,"2,3,5,7,11,37",2^2 * 3^1 * 5^2 * 7^1 * 11^1 * 37^1,0,"13,17,19,23,29,31,41,43,47,53",
930,2,"2,3,5,7,19,31",2^1 * 3^1 * 5^1 * 7^2 * 19^1 * 31^1,0,"11,13,17,23,29,37,41,43,47,53",
935,2,"2,3,5,11,13,17",2^3 * 3^2 * 5^1 * 11^1 * 13^1 * 17^1,0,"7,19,23,29,31,37,41,43,47,53",
945,2,"2,3,5,7,11,43",2^1 * 3^3 * 5^1 * 7^1 * 11^1 * 43^1,0,"13,17,19,23,29,31,37,41,47,53",
960,2,"2,3,5,31",2^6 * 3^1 * 5^1 * 31^2,0,"7,11,13,17,19,23,29,37,41,43,47,53",
961,2,"2,13,31,37",2^1 * 13^1 * 31^2 * 37^1,0,"3,5,7,11,17,19,23,29,41,43,47,53",
968,2,"2,3,11,17,19",2^3 * 3^1 * 11^2 * 17^1 * 19^1,0,"5,7,13,23,29,31,37,41,43,47,53",
986,2,"2,3,7,17,29,47",2^1 * 3^1 * 7^1 * 17^1 * 29^1 * 47^1,0,"5,11,13,19,23,31,37,41,43,53",
987,2,"2,3,7,13,19,47",2^2 * 3^1 * 7^1 * 13^1 * 19^1 * 47^1,0,"5,11,17,23,29,31,37,41,43,53",
988,2,"2,13,19,23,43",2^2 * 13^1 * 19^1 * 23^1 * 43^1,0,"3,5,7,11,17,29,31,37,41,47,53",
989,2,"2,3,5,11,23,43",2^1 * 3^2 * 5^1 * 11^1 * 23^1 * 43^1,0,"7,13,17,19,29,31,37,41,47,53",
999,2,"2,3,5,37",2^3 * 3^3 * 5^3 * 37^1,0,"7,11,13,17,19,23,29,31,41,43,47,53",
1000,2,"2,5,7,11,13",2^3 * 5^3 * 7^1 * 11^1 * 13^1,0,"3,17,19,23,29,31,37,41,43,47,53",
1007,2,"2,3,7,19,53",2^4 * 3^2 * 7^1 * 19^1 * 53^1,0,"5,11,13,17,23,29,31,37,41,43,47",
1014,2,"2,3,5,7,13,29",2^1 * 3^1 * 5^1 * 7^1 * 13^2 * 29^1,0,"11,17,19,23,31,37,41,43,47,53",
1023,2,"2,3,11,31",2^10 * 3^1 * 11^1 * 31^1,0,"5,7,13,17,19,23,29,37,41,43,47,53",
1024,2,"2,5,41",2^10 * 5^2 * 41^1,0,"3,7,11,13,17,19,23,29,31,37,43,47,53",
1025,2,"2,3,5,19,41",2^1 * 3^3 * 5^2 * 19^1 * 41^1,0,"7,11,13,17,23,29,31,37,43,47,53",
1034,2,"2,3,5,11,23,47",2^1 * 3^2 * 5^1 * 11^1 * 23^1 * 47^1,0,"7,13,17,19,29,31,37,41,43,53",
1035,2,"2,3,5,7,23,37",2^2 * 3^2 * 5^1 * 7^1 * 23^1 * 37^1,0,"11,13,17,19,29,31,41,43,47,53",
1044,2,"2,3,5,11,19,29",2^2 * 3^2 * 5^1 * 11^1 * 19^1 * 29^1,0,"7,13,17,23,31,37,41,43,47,53",
1053,2,"2,3,13,17,31",2^1 * 3^4 * 13^1 * 17^1 * 31^1,0,"5,7,11,19,23,29,37,41,43,47,53",
1080,2,"2,3,5,23,47",2^3 * 3^3 * 5^1 * 23^1 * 47^1,0,"7,11,13,17,19,29,31,37,41,43,53",
1088,2,"2,3,11,17",2^6 * 3^2 * 11^2 * 17^1,0,"5,7,13,19,23,29,31,37,41,43,47,53",
1104,2,"2,3,5,13,17,23",2^4 * 3^1 * 5^1 * 13^1 * 17^1 * 23^1,0,"7,11,19,29,31,37,41,43,47,53",
1127,2,"2,3,7,23,47",2^3 * 3^1 * 7^2 * 23^1 * 47^1,0,"5,11,13,17,19,29,31,37,41,43,53",
1147,2,"2,7,31,37,41",2^2 * 7^1 * 31^1 * 37^1 * 41^1,0,"3,5,11,13,17,19,23,29,43,47,53",
1155,2,"2,3,5,7,11,17",2^2 * 3^1 * 5^1 * 7^1 * 11^1 * 17^2,0,"13,19,23,29,31,37,41,43,47,53",
1160,2,"2,3,5,29,43",2^3 * 3^3 * 5^1 * 29^1 * 43^1,0,"7,11,13,17,19,23,31,37,41,47,53",
1175,2,"2,3,5,7,47",2^3 * 3^1 * 5^2 * 7^2 * 47^1,0,"11,13,17,19,23,29,31,37,41,43,53",
1183,2,"2,7,13,37",2^5 * 7^1 * 13^2 * 37^1,0,"3,5,11,17,19,23,29,31,41,43,47,53",
1188,2,"2,3,11,29,41",2^2 * 3^3 * 11^1 * 29^1 * 41^1,0,"5,7,13,17,19,23,31,37,43,47,53",
1189,2,"2,5,7,17,29,41",2^1 * 5^1 * 7^1 * 17^1 * 29^1 * 41^1,0,"3,11,13,19,23,31,37,43,47,53",
1196,2,"2,3,7,13,19,23",2^2 * 3^2 * 7^1 * 13^1 * 19^1 * 23^1,0,"5,11,17,29,31,37,41,43,47,53",
1209,2,"2,3,5,11,13,31",2^1 * 3^1 * 5^1 * 11^2 * 13^1 * 31^1,0,"7,17,19,23,29,37,41,43,47,53",
1215,2,"2,3,5,19",2^6 * 3^5 * 5^1 * 19^1,0,"7,11,13,17,23,29,31,37,41,43,47,53",
1218,2,"2,3,7,23,29,53",2^1 * 3^1 * 7^1 * 23^1 * 29^1 * 53^1,0,"5,11,13,17,19,31,37,41,43,47",
1221,2,"2,3,11,13,37,47",2^1 * 3^1 * 11^1 * 13^1 * 37^1 * 47^1,0,"5,7,17,19,23,29,31,41,43,53",
1224,2,"2,3,5,7,17",2^3 * 3^2 * 5^2 * 7^2 * 17^1,0,"11,13,19,23,29,31,37,41,43,47,53",
1247,2,"2,3,13,29,43",2^5 * 3^1 * 13^1 * 29^1 * 43^1,0,"5,7,11,17,19,23,31,37,41,47,53",
1271,2,"2,3,31,41,53",2^3 * 3^1 * 31^1 * 41^1 * 53^1,0,"5,7,11,13,17,19,23,29,37,43,47",
1274,2,"2,3,5,7,13,17",2^1 * 3^1 * 5^2 * 7^2 * 13^1 * 17^1,0,"11,19,23,29,31,37,41,43,47,53",
1275,2,"2,3,5,11,17,29",2^2 * 3^1 * 5^2 * 11^1 * 17^1 * 29^1,0,"7,13,19,23,31,37,41,43,47,53",
1287,2,"2,3,7,11,13,23",2^3 * 3^2 * 7^1 * 11^1 * 13^1 * 23^1,0,"5,17,19,29,31,37,41,43,47,53",
1295,2,"2,3,5,7,37",2^4 * 3^4 * 5^1 * 7^1 * 37^1,0,"11,13,17,19,23,29,31,41,43,47,53",
1311,2,"2,3,19,23,41",2^5 * 3^1 * 19^1 * 23^1 * 41^1,0,"5,7,11,13,17,29,31,37,43,47,53",
1325,2,"2,3,5,13,17,53",2^1 * 3^1 * 5^2 * 13^1 * 17^1 * 53^1,0,"7,11,19,23,29,31,37,41,43,47",
1330,2,"2,5,7,11,19",2^1 * 5^1 * 7^1 * 11^3 * 19^1,0,"3,13,17,23,29,31,37,41,43,47,53",
1331,2,"2,3,11,37",2^2 * 3^2 * 11^3 * 37^1,0,"5,7,13,17,19,23,29,31,41,43,47,53",
1332,2,"2,3,31,37,43",2^2 * 3^2 * 31^1 * 37^1 * 43^1,0,"5,7,11,13,17,19,23,29,41,47,53",
1333,2,"2,23,29,31,43",2^1 * 23^1 * 29^1 * 31^1 * 43^1,0,"3,5,7,11,13,17,19,37,41,47,53",
1352,2,"2,3,11,13,41",2^3 * 3^1 * 11^1 * 13^2 * 41^1,0,"5,7,17,19,23,29,31,37,43,47,53",
1363,2,"2,11,29,31,47",2^2 * 11^1 * 29^1 * 31^1 * 47^1,0,"3,5,7,13,17,19,23,37,41,43,53",
1364,2,"2,3,5,7,11,13,31",2^2 * 3^1 * 5^1 * 7^1 * 11^1 * 13^1 * 31^1,0,"17,19,23,29,37,41,43,47,53",
1368,2,"2,3,19,37",2^3 * 3^2 * 19^1 * 37^2,0,"5,7,11,13,17,23,29,31,41,43,47,53",
1375,2,"2,5,11,43",2^5 * 5^3 * 11^1 * 43^1,0,"3,7,13,17,19,23,29,31,37,41,47,53",
1376,2,"2,3,17,43",2^5 * 3^4 * 17^1 * 43^1,0,"5,7,11,13,19,23,29,31,37,41,47,53",
1377,2,"2,3,13,17,53",2^1 * 3^4 * 13^1 * 17^1 * 53^1,0,"5,7,11,19,23,29,31,37,41,43,47",
1394,2,"2,3,5,17,31,41",2^1 * 3^2 * 5^1 * 17^1 * 31^1 * 41^1,0,"7,11,13,19,23,29,37,43,47,53",
1425,2,"2,3,5,19,23,31",2^1 * 3^1 * 5^2 * 19^1 * 23^1 * 31^1,0,"7,11,13,17,29,37,41,43,47,53",
1430,2,"2,3,5,11,13,53",2^1 * 3^3 * 5^1 * 11^1 * 13^1 * 53^1,0,"7,17,19,23,29,31,37,41,43,47",
1443,2,"2,3,13,19,37",2^2 * 3^1 * 13^1 * 19^2 * 37^1,0,"5,7,11,17,23,29,31,41,43,47,53",
1444,2,"2,5,17,19",2^2 * 5^1 * 17^2 * 19^2,0,"3,7,11,13,23,29,31,37,41,43,47,53",
1449,2,"2,3,5,7,23,29",2^1 * 3^2 * 5^2 * 7^1 * 23^1 * 29^1,0,"11,13,17,19,31,37,41,43,47,53",
1456,2,"2,7,13,31,47",2^4 * 7^1 * 13^1 * 31^1 * 47^1,0,"3,5,11,17,19,23,29,37,41,43,53",
1457,2,"2,3,31,47",2^1 * 3^6 * 31^1 * 47^1,0,"5,7,11,13,17,19,23,29,37,41,43,53",
1462,2,"2,7,11,17,19,43",2^1 * 7^1 * 11^1 * 17^1 * 19^1 * 43^1,0,"3,5,13,23,29,31,37,41,47,53",
1479,2,"2,3,5,17,29,37",2^3 * 3^1 * 5^1 * 17^1 * 29^1 * 37^1,0,"7,11,13,19,23,31,41,43,47,53",
1484,2,"2,3,5,7,11,53",2^2 * 3^3 * 5^1 * 7^1 * 11^1 * 53^1,0,"13,17,19,23,29,31,37,41,43,47",
1495,2,"2,5,11,13,17,23",2^3 * 5^1 * 11^1 * 13^1 * 17^1 * 23^1,0,"3,7,19,29,31,37,41,43,47,53",
1504,2,"2,5,7,43,47",2^5 * 5^1 * 7^1 * 43^1 * 47^1,0,"3,11,13,17,19,23,29,31,37,41,53",
1517,2,"2,3,11,23,37,41",2^1 * 3^1 * 11^1 * 23^1 * 37^1 * 41^1,0,"5,7,13,17,19,29,31,43,47,53",
1518,2,"2,3,7,11,23,31",2^1 * 3^1 * 7^2 * 11^1 * 23^1 * 31^1,0,"5,13,17,19,29,37,41,43,47,53",
1519,2,"2,5,7,19,31",2^4 * 5^1 * 7^2 * 19^1 * 31^1,0,"3,11,13,17,23,29,37,41,43,47,53",
1520,2,"2,3,5,13,19",2^4 * 3^2 * 5^1 * 13^2 * 19^1,0,"7,11,17,23,29,31,37,41,43,47,53",
1536,2,"2,3,29,53",2^9 * 3^1 * 29^1 * 53^1,0,"5,7,11,13,17,19,23,31,37,41,43,47",
1539,2,"2,3,5,7,11,19",2^2 * 3^4 * 5^1 * 7^1 * 11^1 * 19^1,0,"13,17,23,29,31,37,41,43,47,53",
1547,2,"2,3,7,13,17,43",2^2 * 3^2 * 7^1 * 13^1 * 17^1 * 43^1,0,"5,11,19,23,29,31,37,41,47,53",
1550,2,"2,3,5,11,31,47",2^1 * 3^1 * 5^2 * 11^1 * 31^1 * 47^1,0,"7,13,17,19,23,29,37,41,43,53",
1590,2,"2,3,5,37,43,53",2^1 * 3^1 * 5^1 * 37^1 * 43^1 * 53^1,0,"7,11,13,17,19,23,29,31,41,47",
1595,2,"2,3,5,7,11,19,29",2^2 * 3^1 * 5^1 * 7^1 * 11^1 * 19^1 * 29^1,0,"13,17,23,31,37,41,43,47,53",
1598,2,"2,3,13,17,41,47",2^1 * 3^1 * 13^1 * 17^1 * 41^1 * 47^1,0,"5,7,11,19,23,29,31,37,43,53",
1599,2,"2,3,5,13,41",2^6 * 3^1 * 5^2 * 13^1 * 41^1,0,"7,11,17,19,23,29,31,37,43,47,53",
1624,2,"2,5,7,13,29",2^3 * 5^3 * 7^1 * 13^1 * 29^1,0,"3,11,17,19,23,31,37,41,43,47,53",
1664,2,"2,3,5,13,37",2^7 * 3^2 * 5^1 * 13^1 * 37^1,0,"7,11,17,19,23,29,31,41,43,47,53",
1665,2,"2,3,5,7,17,37",2^1 * 3^2 * 5^1 * 7^2 * 17^1 * 37^1,0,"11,13,19,23,29,31,41,43,47,53",
1680,2,"2,3,5,7,41",2^4 * 3^1 * 5^1 * 7^1 * 41^2,0,"11,13,17,19,23,29,31,37,43,47,53",
1681,2,"2,29,41",2^1 * 29^2 * 41^2,0,"3,5,7,11,13,17,19,23,31,37,43,47,53",
1682,2,"2,3,11,17,29",2^1 * 3^2 * 11^1 * 17^1 * 29^2,0,"5,7,13,19,23,31,37,41,43,47,53",
1700,2,"2,3,5,7,17",2^2 * 3^5 * 5^2 * 7^1 * 17^1,0,"11,13,19,23,29,31,37,41,43,47,53",
1701,2,"2,3,7,23,37",2^1 * 3^5 * 7^1 * 23^1 * 37^1,0,"5,11,13,17,19,29,31,41,43,47,53",
1715,2,"2,3,5,7,11,13",2^2 * 3^1 * 5^1 * 7^3 * 11^1 * 13^1,0,"17,19,23,29,31,37,41,43,47,53",
1728,2,"2,3,7,13,19",2^6 * 3^3 * 7^1 * 13^1 * 19^1,0,"5,11,17,23,29,31,37,41,43,47,53",
1739,2,"2,3,5,29,37,47",2^2 * 3^1 * 5^1 * 29^1 * 37^1 * 47^1,0,"7,11,13,17,19,23,31,41,43,53",
1748,2,"2,3,11,19,23,53",2^2 * 3^1 * 11^1 * 19^1 * 23^1 * 53^1,0,"5,7,13,17,29,31,37,41,43,47",
1749,2,"2,3,5,7,11,53",2^1 * 3^1 * 5^3 * 7^1 * 11^1 * 53^1,0,"13,17,19,23,29,31,37,41,43,47",
1763,2,"2,3,7,41,43",2^2 * 3^2 * 7^2 * 41^1 * 43^1,0,"5,11,13,17,19,23,29,31,37,47,53",
1767,2,"2,3,13,17,19,31",2^3 * 3^1 * 13^1 * 17^1 * 19^1 * 31^1,0,"5,7,11,23,29,37,41,43,47,53",
1785,2,"2,3,5,7,17,19,47",2^1 * 3^1 * 5^1 * 7^1 * 17^1 * 19^1 * 47^1,0,"11,13,23,29,31,37,41,43,53",
1804,2,"2,5,11,19,41",2^2 * 5^1 * 11^1 * 19^2 * 41^1,0,"3,7,13,17,23,29,31,37,43,47,53",
1805,2,"2,3,5,7,19,43",2^1 * 3^1 * 5^1 * 7^1 * 19^2 * 43^1,0,"11,13,17,23,29,31,37,41,47,53",
1848,2,"2,3,7,11,43",2^3 * 3^1 * 7^1 * 11^1 * 43^2,0,"5,13,17,19,23,29,31,37,41,47,53",
1849,2,"2,5,37,43",2^1 * 5^2 * 37^1 * 43^2,0,"3,7,11,13,17,19,23,29,31,41,47,53",
1855,2,"2,5,7,29,53",2^6 * 5^1 * 7^1 * 29^1 * 53^1,0,"3,11,13,17,19,23,31,37,41,43,47",
1859,2,"2,3,5,11,13,31",2^2 * 3^1 * 5^1 * 11^1 * 13^2 * 31^1,0,"7,17,19,23,29,37,41,43,47,53",
1862,2,"2,3,7,19,23",2^1 * 3^4 * 7^2 * 19^1 * 23^1,0,"5,11,13,17,29,31,37,41,43,47,53",
1880,2,"2,3,5,11,19,47",2^3 * 3^2 * 5^1 * 11^1 * 19^1 * 47^1,0,"7,13,17,23,29,31,37,41,43,53",
1885,2,"2,5,13,23,29,41",2^1 * 5^1 * 13^1 * 23^1 * 29^1 * 41^1,0,"3,7,11,17,19,31,37,43,47,53",
1886,2,"2,3,17,23,37,41",2^1 * 3^1 * 17^1 * 23^1 * 37^1 * 41^1,0,"5,7,11,13,19,29,31,43,47,53",
1924,2,"2,5,7,11,13,37",2^2 * 5^2 * 7^1 * 11^1 * 13^1 * 37^1,0,"3,17,19,23,29,31,41,43,47,53",
1935,2,"2,3,5,11,43",2^4 * 3^2 * 5^1 * 11^2 * 43^1,0,"7,13,17,19,23,29,31,37,41,47,53",
1960,2,"2,5,7,37,53",2^3 * 5^1 * 7^2 * 37^1 * 53^1,0,"3,11,13,17,19,23,29,31,41,43,47",
2000,2,"2,3,5,23,29",2^4 * 3^1 * 5^3 * 23^1 * 29^1,0,"7,11,13,17,19,31,37,41,43,47,53",
2001,2,"2,3,7,11,13,23,29",2^1 * 3^1 * 7^1 * 11^1 * 13^1 * 23^1 * 29^1,0,"5,17,19,31,37,41,43,47,53",
2014,2,"2,5,13,19,31,53",2^1 * 5^1 * 13^1 * 19^1 * 31^1 * 53^1,0,"3,7,11,17,23,29,37,41,43,47",
2015,2,"2,3,5,7,13,31",2^5 * 3^2 * 5^1 * 7^1 * 13^1 * 31^1,0,"11,17,19,23,29,37,41,43,47,53",
2023,2,"2,7,11,17,23",2^3 * 7^1 * 11^1 * 17^2 * 23^1,0,"3,5,13,19,29,31,37,41,43,47,53",
2024,2,"2,3,5,11,23",2^3 * 3^4 * 5^2 * 11^1 * 23^1,0,"7,13,17,19,29,31,37,41,43,47,53",
2057,2,"2,3,7,11,17",2^1 * 3^1 * 7^3 * 11^2 * 17^1,0,"5,13,19,23,29,31,37,41,43,47,53",
2067,2,"2,3,11,13,47,53",2^2 * 3^1 * 11^1 * 13^1 * 47^1 * 53^1,0,"5,7,17,19,23,29,31,37,41,43",
2079,2,"2,3,5,7,11,13",2^5 * 3^3 * 5^1 * 7^1 * 11^1 * 13^1,0,"17,19,23,29,31,37,41,43,47,53",
2090,2,"2,3,5,11,17,19,41",2^1 * 3^1 * 5^1 * 11^1 * 17^1 * 19^1 * 41^1,0,"7,13,23,29,31,37,43,47,53",
2106,2,"2,3,7,13,43",2^1 * 3^4 * 7^2 * 13^1 * 43^1,0,"5,11,17,19,23,29,31,37,41,47,53",
2107,2,"2,7,17,31,43",2^2 * 7^2 * 17^1 * 31^1 * 43^1,0,"3,5,11,13,19,23,29,37,41,47,53",
2108,2,"2,3,17,19,31,37",2^2 * 3^1 * 17^1 * 19^1 * 31^1 * 37^1,0,"5,7,11,13,23,29,41,43,47,53",
2115,2,"2,3,5,23,47",2^2 * 3^2 * 5^1 * 23^2 * 47^1,0,"7,11,13,17,19,29,31,37,41,43,53",
2145,2,"2,3,5,11,13,29,37",2^1 * 3^1 * 5^1 * 11^1 * 13^1 * 29^1 * 37^1,0,"7,17,19,23,31,41,43,47,53",
2175,2,"2,3,5,17,29",2^7 * 3^1 * 5^2 * 17^1 * 29^1,0,"7,11,13,19,23,31,37,41,43,47,53",
2184,2,"2,3,5,7,13,19,23",2^3 * 3^1 * 5^1 * 7^1 * 13^1 * 19^1 * 23^1,0,"11,17,29,31,37,41,43,47,53",
2204,2,"2,3,5,7,19,29",2^2 * 3^2 * 5^1 * 7^2 * 19^1 * 29^1,0,"11,13,17,23,31,37,41,43,47,53",
2208,2,"2,3,23,47",2^5 * 3^1 * 23^1 * 47^2,0,"5,7,11,13,17,19,29,31,37,41,43,53",
2209,2,"2,5,13,17,47",2^1 * 5^1 * 13^1 * 17^1 * 47^2,0,"3,7,11,19,23,29,31,37,41,43,53",
2232,2,"2,3,7,11,29,31",2^3 * 3^2 * 7^1 * 11^1 * 29^1 * 31^1,0,"5,13,17,19,23,37,41,43,47,53",
2254,2,"2,5,7,11,23,41",2^1 * 5^1 * 7^2 * 11^1 * 23^1 * 41^1,0,"3,13,17,19,29,31,37,43,47,53",
2255,2,"2,3,5,11,41,47",2^4 * 3^1 * 5^1 * 11^1 * 41^1 * 47^1,0,"7,13,17,19,23,29,31,37,43,53",
2261,2,"2,3,7,13,17,19,29",2^1 * 3^1 * 7^1 * 13^1 * 17^1 * 19^1 * 29^1,0,"5,11,23,31,37,41,43,47,53",
2279,2,"2,3,5,19,43,53",2^3 * 3^1 * 5^1 * 19^1 * 43^1 * 53^1,0,"7,11,13,17,23,29,31,37,41,47",
2294,2,"2,3,5,17,31,37",2^1 * 3^3 * 5^1 * 17^1 * 31^1 * 37^1,0,"7,11,13,19,23,29,41,43,47,53",
2295,2,"2,3,5,7,17,41",2^3 * 3^3 * 5^1 * 7^1 * 17^1 * 41^1,0,"11,13,19,23,29,31,37,43,47,53",
2299,2,"2,5,11,19,23",2^2 * 5^2 * 11^2 * 19^1 * 23^1,0,"3,7,13,17,29,31,37,41,43,47,53",
2303,2,"2,3,7,47",2^8 * 3^2 * 7^2 * 47^1,0,"5,11,13,17,19,23,29,31,37,41,43,53",
2331,2,"2,3,7,11,37,53",2^2 * 3^2 * 7^1 * 11^1 * 37^1 * 53^1,0,"5,13,17,19,23,29,31,41,43,47",
2349,2,"2,3,5,29,47",2^1 * 3^4 * 5^2 * 29^1 * 47^1,0,"7,11,13,17,19,23,31,37,41,43,53",
2365,2,"2,5,7,11,13,43",2^1 * 5^1 * 7^1 * 11^1 * 13^2 * 43^1,0,"3,17,19,23,29,31,37,41,47,53",
2375,2,"2,3,5,11,19",2^3 * 3^3 * 5^3 * 11^1 * 19^1,0,"7,13,17,23,29,31,37,41,43,47,53",
2400,2,"2,3,5,7",2^5 * 3^1 * 5^2 * 7^4,0,"11,13,17,19,23,29,31,37,41,43,47,53",
2430,2,"2,3,5,11,13,17",2^1 * 3^5 * 5^1 * 11^1 * 13^1 * 17^1,0,"7,19,23,29,31,37,41,43,47,53",
2431,2,"2,11,13,17,19",2^7 * 11^1 * 13^1 * 17^1 * 19^1,0,"3,5,7,23,29,31,37,41,43,47,53",
2450,2,"2,3,5,7,19,43",2^1 * 3^1 * 5^2 * 7^2 * 19^1 * 43^1,0,"11,13,17,23,29,31,37,41,47,53",
2464,2,"2,5,7,11,17,29",2^5 * 5^1 * 7^1 * 11^1 * 17^1 * 29^1,0,"3,13,19,23,31,37,41,43,47,53",
2499,2,"2,3,5,7,17",2^2 * 3^1 * 5^4 * 7^2 * 17^1,0,"11,13,19,23,29,31,37,41,43,47,53",
2541,2,"2,3,7,11,31,41",2^1 * 3^1 * 7^1 * 11^2 * 31^1 * 41^1,0,"5,13,17,19,23,29,37,43,47,53",
2552,2,"2,3,11,23,29,37",2^3 * 3^1 * 11^1 * 23^1 * 29^1 * 37^1,0,"5,7,13,17,19,31,41,43,47,53",
2583,2,"2,3,7,17,19,41",2^3 * 3^2 * 7^1 * 17^1 * 19^1 * 41^1,0,"5,11,13,23,29,31,37,43,47,53",
2584,2,"2,5,11,17,19,47",2^3 * 5^1 * 11^1 * 17^1 * 19^1 * 47^1,0,"3,7,13,23,29,31,37,41,43,53",
2600,2,"2,3,5,13,17",2^3 * 3^2 * 5^2 * 13^1 * 17^2,0,"7,11,19,23,29,31,37,41,43,47,53",
2624,2,"2,3,5,7,41",2^6 * 3^1 * 5^3 * 7^1 * 41^1,0,"11,13,17,19,23,29,31,37,43,47,53",
2639,2,"2,3,5,7,11,13,29",2^4 * 3^1 * 5^1 * 7^1 * 11^1 * 13^1 * 29^1,0,"17,19,23,31,37,41,43,47,53",
2645,2,"2,3,5,7,23",2^1 * 3^3 * 5^1 * 7^2 * 23^2,0,"11,13,17,19,29,31,37,41,43,47,53",
2664,2,"2,3,5,13,37,41",2^3 * 3^2 * 5^1 * 13^1 * 37^1 * 41^1,0,"7,11,17,19,23,29,31,43,47,53",
2665,2,"2,5,13,31,41,43",2^1 * 5^1 * 13^1 * 31^1 * 41^1 * 43^1,0,"3,7,11,17,19,23,29,37,47,53",
2703,2,"2,3,13,17,53",2^4 * 3^1 * 13^2 * 17^1 * 53^1,0,"5,7,11,19,23,29,31,37,41,43,47",
2736,2,"2,3,7,17,19,23",2^4 * 3^2 * 7^1 * 17^1 * 19^1 * 23^1,0,"5,11,13,29,31,37,41,43,47,53",
2737,2,"2,7,17,23,37",2^1 * 7^1 * 17^1 * 23^1 * 37^2,0,"3,5,11,13,19,29,31,41,43,47,53",
2754,2,"2,3,5,17,19,29",2^1 * 3^4 * 5^1 * 17^1 * 19^1 * 29^1,0,"7,11,13,23,31,37,41,43,47,53",
2755,2,"2,5,13,19,29,53",2^2 * 5^1 * 13^1 * 19^1 * 29^1 * 53^1,0,"3,7,11,17,23,31,37,41,43,47",
2783,2,"2,3,11,23,29",2^5 * 3^1 * 11^2 * 23^1 * 29^1,0,"5,7,13,17,19,31,37,41,43,47,53",
2808,2,"2,3,13,53",2^3 * 3^3 * 13^1 * 53^2,0,"5,7,11,17,19,23,29,31,37,41,43,47",
2820,2,"2,3,5,7,13,31,47",2^2 * 3^1 * 5^1 * 7^1 * 13^1 * 31^1 * 47^1,0,"11,17,19,23,29,37,41,43,53",
2849,2,"2,3,5,7,11,19,37",2^1 * 3^1 * 5^2 * 7^1 * 11^1 * 19^1 * 37^1,0,"13,17,23,29,31,41,43,47,53",
2870,2,"2,3,5,7,11,29,41",2^1 * 3^2 * 5^1 * 7^1 * 11^1 * 29^1 * 41^1,0,"13,17,19,23,31,37,43,47,53",
2914,2,"2,5,11,31,47,53",2^1 * 5^1 * 11^1 * 31^1 * 47^1 * 53^1,0,"3,7,13,17,19,23,29,37,41,43",
2915,2,"2,3,5,11,53",2^2 * 3^6 * 5^1 * 11^1 * 53^1,0,"7,13,17,19,23,29,31,37,41,43,47",
2924,2,"2,3,5,13,17,43",2^2 * 3^2 * 5^2 * 13^1 * 17^1 * 43^1,0,"7,11,19,23,29,31,37,41,47,53",
2925,2,"2,3,5,7,11,13,19",2^1 * 3^2 * 5^2 * 7^1 * 11^1 * 13^1 * 19^1,0,"17,23,29,31,37,41,43,47,53",
2944,2,"2,5,19,23,31",2^7 * 5^1 * 19^1 * 23^1 * 31^1,0,"3,7,11,13,17,29,37,41,43,47,53",
2960,2,"2,3,5,7,37,47",2^4 * 3^2 * 5^1 * 7^1 * 37^1 * 47^1,0,"11,13,17,19,23,29,31,41,43,53",
2967,2,"2,3,7,23,43,53",2^3 * 3^1 * 7^1 * 23^1 * 43^1 * 53^1,0,"5,11,13,17,19,29,31,37,41,47",
2975,2,"2,3,5,7,17,31",2^5 * 3^1 * 5^2 * 7^1 * 17^1 * 31^1,0,"11,13,19,23,29,37,41,43,47,53",
3024,2,"2,3,5,7,11",2^4 * 3^3 * 5^2 * 7^1 * 11^2,0,"13,17,19,23,29,31,37,41,43,47,53",
3059,2,"2,3,5,7,17,19,23",2^2 * 3^2 * 5^1 * 7^1 * 17^1 * 19^1 * 23^1,0,"11,13,29,31,37,41,43,47,53",
3074,2,"2,3,5,29,41,53",2^1 * 3^1 * 5^2 * 29^1 * 41^1 * 53^1,0,"7,11,13,17,19,23,31,37,43,47",
3135,2,"2,3,5,7,11,19",2^6 * 3^1 * 5^1 * 7^2 * 11^1 * 19^1,0,"13,17,23,29,31,37,41,43,47,53",
3145,2,"2,5,11,13,17,37",2^1 * 5^1 * 11^2 * 13^1 * 17^1 * 37^1,0,"3,7,19,23,29,31,41,43,47,53",
3179,2,"2,3,5,11,17,53",2^2 * 3^1 * 5^1 * 11^1 * 17^2 * 53^1,0,"7,13,19,23,29,31,37,41,43,47",
3219,2,"2,3,5,7,23,29,37",2^2 * 3^1 * 5^1 * 7^1 * 23^1 * 29^1 * 37^1,0,"11,13,17,19,31,41,43,47,53",
3224,2,"2,3,5,13,31,43",2^3 * 3^1 * 5^2 * 13^1 * 31^1 * 43^1,0,"7,11,17,19,23,29,37,41,47,53",
3248,2,"2,3,7,19,29",2^4 * 3^2 * 7^1 * 19^2 * 29^1,0,"5,11,13,17,23,31,37,41,43,47,53",
3249,2,"2,3,5,13,19",2^1 * 3^2 * 5^3 * 13^1 * 19^2,0,"7,11,17,23,29,31,37,41,43,47,53",
3255,2,"2,3,5,7,11,31,37",2^3 * 3^1 * 5^1 * 7^1 * 11^1 * 31^1 * 37^1,0,"13,17,19,23,29,41,43,47,53",
3267,2,"2,3,11,19,43",2^2 * 3^3 * 11^2 * 19^1 * 43^1,0,"5,7,13,17,23,29,31,37,41,47,53",
3289,2,"2,5,7,11,13,23,47",2^1 * 5^1 * 7^1 * 11^1 * 13^1 * 23^1 * 47^1,0,"3,17,19,29,31,37,41,43,53",
3311,2,"2,3,7,11,23,43",2^4 * 3^2 * 7^1 * 11^1 * 23^1 * 43^1,0,"5,13,17,19,29,31,37,41,47,53",
3366,2,"2,3,7,11,13,17,37",2^1 * 3^2 * 7^1 * 11^1 * 13^1 * 17^1 * 37^1,0,"5,19,23,29,31,41,43,47,53",
3380,2,"2,3,5,7,13,23",2^2 * 3^1 * 5^1 * 7^2 * 13^2 * 23^1,0,"11,17,19,29,31,37,41,43,47,53",
3392,2,"2,3,13,29,53",2^6 * 3^2 * 13^1 * 29^1 * 53^1,0,"5,7,11,17,19,23,31,37,41,43,47",
3440,2,"2,3,5,31,37,43",2^4 * 3^1 * 5^1 * 31^1 * 37^1 * 43^1,0,"7,11,13,17,19,23,29,41,47,53",
3444,2,"2,3,5,7,13,41,53",2^2 * 3^1 * 5^1 * 7^1 * 13^1 * 41^1 * 53^1,0,"11,17,19,23,29,31,37,43,47",
3450,2,"2,3,5,7,17,23,29",2^1 * 3^1 * 5^2 * 7^1 * 17^1 * 23^1 * 29^1,0,"11,13,19,31,37,41,43,47,53",
3509,2,"2,3,5,11,13,29",2^1 * 3^3 * 5^1 * 11^2 * 13^1 * 29^1,0,"7,17,19,23,31,37,41,43,47,53",
3519,2,"2,3,5,11,17,23",2^6 * 3^2 * 5^1 * 11^1 * 17^1 * 23^1,0,"7,13,19,29,31,37,41,43,47,53",
3525,2,"2,3,5,41,43,47",2^1 * 3^1 * 5^2 * 41^1 * 43^1 * 47^1,0,"7,11,13,17,19,23,29,31,37,53",
3552,2,"2,3,11,17,19,37",2^5 * 3^1 * 11^1 * 17^1 * 19^1 * 37^1,0,"5,7,13,23,29,31,41,43,47,53",
3564,2,"2,3,5,11,23,31",2^2 * 3^4 * 5^1 * 11^1 * 23^1 * 31^1,0,"7,13,17,19,29,37,41,43,47,53",
3625,2,"2,5,7,29,37",2^1 * 5^3 * 7^2 * 29^1 * 37^1,0,"3,11,13,17,19,23,31,41,43,47,53",
3626,2,"2,3,7,13,31,37",2^1 * 3^2 * 7^2 * 13^1 * 31^1 * 37^1,0,"5,11,17,19,23,29,41,43,47,53",
3654,2,"2,3,5,7,17,29,43",2^1 * 3^2 * 5^1 * 7^1 * 17^1 * 29^1 * 43^1,0,"11,13,19,23,31,37,41,47,53",
3689,2,"2,3,5,7,17,31,41",2^1 * 3^2 * 5^1 * 7^1 * 17^1 * 31^1 * 41^1,0,"11,13,19,23,29,37,43,47,53",
3740,2,"2,3,5,11,17,29,43",2^2 * 3^1 * 5^1 * 11^1 * 17^1 * 29^1 * 43^1,0,"7,13,19,23,31,37,41,47,53",
3750,2,"2,3,5,11,31",2^1 * 3^1 * 5^4 * 11^2 * 31^1,0,"7,13,17,19,23,29,37,41,43,47,53",
3772,2,"2,7,11,23,41",2^2 * 7^3 * 11^1 * 23^1 * 41^1,0,"3,5,13,17,19,29,31,37,43,47,53",
3773,2,"2,3,7,11,17,37",2^1 * 3^1 * 7^3 * 11^1 * 17^1 * 37^1,0,"5,13,19,23,29,31,41,43,47,53",
3807,2,"2,3,7,17,47",2^5 * 3^4 * 7^1 * 17^1 * 47^1,0,"5,11,13,19,23,29,31,37,41,43,53",
3875,2,"2,3,5,17,19,31",2^2 * 3^1 * 5^3 * 17^1 * 19^1 * 31^1,0,"7,11,13,23,29,37,41,43,47,53",
3887,2,"2,3,13,23",2^4 * 3^5 * 13^2 * 23^1,0,"5,7,11,17,19,29,31,37,41,43,47,53",
3968,2,"2,3,7,31",2^7 * 3^4 * 7^2 * 31^1,0,"5,11,13,17,19,23,29,37,41,43,47,53",
3995,2,"2,3,5,17,37,47",2^2 * 3^3 * 5^1 * 17^1 * 37^1 * 47^1,0,"7,11,13,19,23,29,31,41,43,53",
3999,2,"2,3,5,31,43",2^5 * 3^1 * 5^3 * 31^1 * 43^1,0,"7,11,13,17,19,23,29,37,41,47,53",
4059,2,"2,3,5,7,11,29,41",2^2 * 3^2 * 5^1 * 7^1 * 11^1 * 29^1 * 41^1,0,"13,17,19,23,31,37,43,47,53",
4080,2,"2,3,5,7,11,17,53",2^4 * 3^1 * 5^1 * 7^1 * 11^1 * 17^1 * 53^1,0,"13,19,23,29,31,37,41,43,47",
4095,2,"2,3,5,7,13",2^12 * 3^2 * 5^1 * 7^1 * 13^1,0,"11,17,19,23,29,31,37,41,43,47,53",
4185,2,"2,3,5,7,13,23,31",2^1 * 3^3 * 5^1 * 7^1 * 13^1 * 23^1 * 31^1,0,"11,17,19,29,37,41,43,47,53",
4199,2,"2,3,5,7,13,17,19",2^3 * 3^1 * 5^2 * 7^1 * 13^1 * 17^1 * 19^1,0,"11,23,29,31,37,41,43,47,53",
4224,2,"2,3,5,11,13",2^7 * 3^1 * 5^2 * 11^1 * 13^2,0,"7,17,19,23,29,31,37,41,43,47,53",
4255,2,"2,5,7,19,23,37",2^5 * 5^1 * 7^1 * 19^1 * 23^1 * 37^1,0,"3,11,13,17,29,31,41,43,47,53",
4256,2,"2,3,7,11,19,43",2^5 * 3^2 * 7^1 * 11^1 * 19^1 * 43^1,0,"5,13,17,23,29,31,37,41,47,53",
4263,2,"2,3,7,13,29,41",2^3 * 3^1 * 7^2 * 13^1 * 29^1 * 41^1,0,"5,11,17,19,23,31,37,43,47,53",
4277,2,"2,3,7,13,23,31,47",2^1 * 3^1 * 7^1 * 13^1 * 23^1 * 31^1 * 47^1,0,"5,11,17,19,29,37,41,43,53",
4292,2,"2,3,29,37,53",2^2 * 3^4 * 29^1 * 37^1 * 53^1,0,"5,7,11,13,17,19,23,31,41,43,47",
4300,2,"2,5,11,17,23,43",2^2 * 5^2 * 11^1 * 17^1 * 23^1 * 43^1,0,"3,7,13,19,29,31,37,41,47,53",
4346,2,"2,3,7,23,41,53",2^1 * 3^3 * 7^1 * 23^1 * 41^1 * 53^1,0,"5,11,13,17,19,29,31,37,43,47",
4370,2,"2,3,5,19,23,31,47",2^1 * 3^1 * 5^1 * 19^1 * 23^1 * 31^1 * 47^1,0,"7,11,13,17,29,37,41,43,53",
4374,2,"2,3,5,7",2^1 * 3^7 * 5^4 * 7^1,0,"11,13,17,19,23,29,31,37,41,43,47,53",
4464,2,"2,3,5,19,31,47",2^4 * 3^2 * 5^1 * 19^1 * 31^1 * 47^1,0,"7,11,13,17,23,29,37,41,43,53",
4465,2,"2,5,7,11,19,29,47",2^1 * 5^1 * 7^1 * 11^1 * 19^1 * 29^1 * 47^1,0,"3,13,17,23,31,37,41,43,53",
4550,2,"2,3,5,7,13,37,41",2^1 * 3^1 * 5^2 * 7^1 * 13^1 * 37^1 * 41^1,0,"11,17,19,23,29,31,43,47,53",
4557,2,"2,3,7,31,43,53",2^1 * 3^1 * 7^2 * 31^1 * 43^1 * 53^1,0,"5,11,13,17,19,23,29,37,41,47",
4624,2,"2,5,17,37",2^4 * 5^3 * 17^2 * 37^1,0,"3,7,11,13,19,23,29,31,41,43,47,53",
4640,2,"2,3,5,7,13,17,29",2^5 * 3^1 * 5^1 * 7^1 * 13^1 * 17^1 * 29^1,0,"11,19,23,31,37,41,43,47,53",
4674,2,"2,3,5,11,17,19,41",2^1 * 3^1 * 5^2 * 11^1 * 17^1 * 19^1 * 41^1,0,"7,13,23,29,31,37,43,47,53",
4692,2,"2,3,13,17,19,23",2^2 * 3^1 * 13^1 * 17^1 * 19^2 * 23^1,0,"5,7,11,29,31,37,41,43,47,53",
4760,2,"2,3,5,7,17,23",2^3 * 3^2 * 5^1 * 7^1 * 17^1 * 23^2,0,"11,13,19,29,31,37,41,43,47,53",
4773,2,"2,3,7,11,31,37,43",2^1 * 3^1 * 7^1 * 11^1 * 31^1 * 37^1 * 43^1,0,"5,13,17,19,23,29,41,47,53",
4784,2,"2,3,5,11,13,23,29",2^4 * 3^1 * 5^1 * 11^1 * 13^1 * 23^1 * 29^1,0,"7,17,19,31,37,41,43,47,53",
4875,2,"2,3,5,13,23,53",2^2 * 3^1 * 5^3 * 13^1 * 23^1 * 53^1,0,"7,11,17,19,29,31,37,41,43,47",
4900,2,"2,5,7,13,29",2^2 * 5^2 * 7^2 * 13^2 * 29^1,0,"3,11,17,19,23,31,37,41,43,47,53",
4901,2,"2,3,13,19,29,43",2^1 * 3^1 * 13^2 * 19^1 * 29^1 * 43^1,0,"5,7,11,17,23,31,37,41,47,53",
4913,2,"2,3,7,13,17",2^1 * 3^3 * 7^1 * 13^1 * 17^3,0,"5,11,19,23,29,31,37,41,43,47,53",
4920,2,"2,3,5,7,19,37,41",2^3 * 3^1 * 5^1 * 7^1 * 19^1 * 37^1 * 41^1,0,"11,13,17,23,29,31,43,47,53",
4928,2,"2,3,7,11,31,53",2^6 * 3^1 * 7^1 * 11^1 * 31^1 * 53^1,0,"5,13,17,19,23,29,37,41,43,47",
4929,2,"2,3,5,17,29,31,53",2^1 * 3^1 * 5^1 * 17^1 * 29^1 * 31^1 * 53^1,0,"7,11,13,19,23,37,41,43,47",
4959,2,"2,3,5,19,29,31",2^5 * 3^2 * 5^1 * 19^1 * 29^1 * 31^1,0,"7,11,13,17,23,37,41,43,47,53",
4960,2,"2,5,11,31,41",2^5 * 5^1 * 11^2 * 31^1 * 41^1,0,"3,7,13,17,19,23,29,37,43,47,53",
4991,2,"2,3,7,13,23,31",2^7 * 3^1 * 7^1 * 13^1 * 23^1 * 31^1,0,"5,11,17,19,29,37,41,43,47,53",
5031,2,"2,3,13,17,37,43",2^3 * 3^2 * 13^1 * 17^1 * 37^1 * 43^1,0,"5,7,11,19,23,29,31,41,47,53",
5075,2,"2,3,5,7,29,47",2^2 * 3^3 * 5^2 * 7^1 * 29^1 * 47^1,0,"11,13,17,19,23,31,37,41,43,53",
5082,2,"2,3,7,11,13,17,23",2^1 * 3^1 * 7^1 * 11^2 * 13^1 * 17^1 * 23^1,0,"5,19,29,31,37,41,43,47,53",
5083,2,"2,13,17,23,31,41",2^2 * 13^1 * 17^1 * 23^1 * 31^1 * 41^1,0,"3,5,7,11,19,29,37,43,47,53",
5103,2,"2,3,7,11,29",2^4 * 3^6 * 7^1 * 11^1 * 29^1,0,"5,13,17,19,23,31,37,41,43,47,53",
5202,2,"2,3,11,17,43",2^1 * 3^2 * 11^2 * 17^2 * 43^1,0,"5,7,13,19,23,29,31,37,41,47,53",
5247,2,"2,3,11,41,53",2^7 * 3^2 * 11^1 * 41^1 * 53^1,0,"5,7,13,17,19,23,29,31,37,43,47",
5264,2,"2,3,5,7,13,47",2^4 * 3^4 * 5^1 * 7^1 * 13^1 * 47^1,0,"11,17,19,23,29,31,37,41,43,53",
5289,2,"2,3,5,23,41,43",2^1 * 3^1 * 5^1 * 23^2 * 41^1 * 43^1,0,"7,11,13,17,19,29,31,37,47,53",
5290,2,"2,5,11,13,23,37",2^1 * 5^1 * 11^1 * 13^1 * 23^2 * 37^1,0,"3,7,17,19,29,31,41,43,47,53",
5291,2,"2,3,7,11,13,37",2^2 * 3^3 * 7^2 * 11^1 * 13^1 * 37^1,0,"5,17,19,23,29,31,41,43,47,53",
5300,2,"2,3,5,19,31,53",2^2 * 3^2 * 5^2 * 19^1 * 31^1 * 53^1,0,"7,11,13,17,23,29,37,41,43,47",
5375,2,"2,3,5,7,43",2^8 * 3^1 * 5^3 * 7^1 * 43^1,0,"11,13,17,19,23,29,31,37,41,47,53",
5405,2,"2,3,5,17,23,47,53",2^1 * 3^1 * 5^1 * 17^1 * 23^1 * 47^1 * 53^1,0,"7,11,13,19,29,31,37,41,43",
5439,2,"2,3,5,7,17,37",2^6 * 3^1 * 5^1 * 7^2 * 17^1 * 37^1,0,"11,13,19,23,29,31,41,43,47,53",
5452,2,"2,7,19,29,41,47",2^2 * 7^1 * 19^1 * 29^1 * 41^1 * 47^1,0,"3,5,11,13,17,23,31,37,43,53",
5499,2,"2,3,5,11,13,47",2^2 * 3^2 * 5^3 * 11^1 * 13^1 * 47^1,0,"7,17,19,23,29,31,37,41,43,53",
5565,2,"2,3,5,7,11,23,53",2^1 * 3^1 * 5^1 * 7^1 * 11^2 * 23^1 * 53^1,0,"13,17,19,29,31,37,41,43,47",
5576,2,"2,3,11,13,17,41",2^3 * 3^1 * 11^1 * 13^2 * 17^1 * 41^1,0,"5,7,19,23,29,31,37,43,47,53",
5589,2,"2,3,5,13,23,43",2^1 * 3^5 * 5^1 * 13^1 * 23^1 * 43^1,0,"7,11,17,19,29,31,37,41,47,53",
5624,2,"2,3,5,19,37",2^3 * 3^2 * 5^4 * 19^1 * 37^1,0,"7,11,13,17,23,29,31,41,43,47,53",
5642,2,"2,3,7,11,13,19,31",2^1 * 3^3 * 7^1 * 11^1 * 13^1 * 19^1 * 31^1,0,"5,17,23,29,37,41,43,47,53",
5719,2,"2,5,7,11,13,19,43",2^3 * 5^1 * 7^1 * 11^1 * 13^1 * 19^1 * 43^1,0,"3,17,23,29,31,37,41,47,53",
5775,2,"2,3,5,7,11,19",2^4 * 3^1 * 5^2 * 7^1 * 11^1 * 19^2,0,"13,17,23,29,31,37,41,43,47,53",
5780,2,"2,3,5,17,41,47",2^2 * 3^1 * 5^1 * 17^2 * 41^1 * 47^1,0,"7,11,13,19,23,29,31,37,43,53",
5796,2,"2,3,7,11,17,23,31",2^2 * 3^2 * 7^1 * 11^1 * 17^1 * 23^1 * 31^1,0,"5,13,19,29,37,41,43,47,53",
5830,2,"2,5,7,11,17,53",2^1 * 5^1 * 7^3 * 11^1 * 17^1 * 53^1,0,"3,13,19,23,29,31,37,41,43,47",
5831,2,"2,3,7,17",2^3 * 3^6 * 7^3 * 17^1,0,"5,11,13,19,23,29,31,37,41,43,47,53",
5887,2,"2,7,23,29",2^8 * 7^1 * 23^1 * 29^2,0,"3,5,11,13,17,19,31,37,41,43,47,53",
5915,2,"2,3,5,7,13,17,29",2^2 * 3^1 * 5^1 * 7^1 * 13^2 * 17^1 * 29^1,0,"11,19,23,31,37,41,43,47,53",
5928,2,"2,3,7,11,13,19",2^3 * 3^1 * 7^2 * 11^2 * 13^1 * 19^1,0,"5,17,23,29,31,37,41,43,47,53",
5984,2,"2,3,5,7,11,17,19",2^5 * 3^2 * 5^1 * 7^1 * 11^1 * 17^1 * 19^1,0,"13,23,29,31,37,41,43,47,53",
6068,2,"2,3,7,17,37,41",2^2 * 3^1 * 7^1 * 17^2 * 37^1 * 41^1,0,"5,11,13,19,23,29,31,43,47,53",
6075,2,"2,3,5,7,31",2^2 * 3^5 * 5^2 * 7^2 * 31^1,0,"11,13,17,19,23,29,37,41,43,47,53",
6137,2,"2,3,11,17,19,31",2^1 * 3^2 * 11^1 * 17^1 * 19^2 * 31^1,0,"5,7,13,23,29,37,41,43,47,53",
6148,2,"2,11,13,29,43,53",2^2 * 11^1 * 13^1 * 29^1 * 43^1 * 53^1,0,"3,5,7,17,19,23,31,37,41,47",
6149,2,"2,3,5,11,13,41,43",2^1 * 3^1 * 5^2 * 11^1 * 13^1 * 41^1 * 43^1,0,"7,17,19,23,29,31,37,47,53",
6174,2,"2,3,5,7,13,19",2^1 * 3^2 * 5^2 * 7^3 * 13^1 * 19^1,0,"11,17,23,29,31,37,41,43,47,53",
6200,2,"2,3,5,13,31,53",2^3 * 3^2 * 5^2 * 13^1 * 31^1 * 53^1,0,"7,11,17,19,23,29,37,41,43,47",
6250,2,"2,5,7,19,47",2^1 * 5^5 * 7^1 * 19^1 * 47^1,0,"3,11,13,17,23,29,31,37,41,43,53",
6272,2,"2,3,7,17,41",2^7 * 3^2 * 7^2 * 17^1 * 41^1,0,"5,11,13,19,23,29,31,37,43,47,53",
6292,2,"2,7,11,13,29,31",2^2 * 7^1 * 11^2 * 13^1 * 29^1 * 31^1,0,"3,5,17,19,23,37,41,43,47,53",
6324,2,"2,3,5,11,17,23,31",2^2 * 3^1 * 5^2 * 11^1 * 17^1 * 23^1 * 31^1,0,"7,13,19,29,37,41,43,47,53",
6479,2,"2,3,5,11,19,31",2^4 * 3^4 * 5^1 * 11^1 * 19^1 * 31^1,0,"7,13,17,23,29,37,41,43,47,53",
6560,2,"2,3,5,41",2^5 * 3^8 * 5^1 * 41^1,0,"7,11,13,17,19,23,29,31,37,43,47,53",
6578,2,"2,3,11,13,17,23,43",2^1 * 3^2 * 11^1 * 13^1 * 17^1 * 23^1 * 43^1,0,"5,7,19,29,31,37,41,47,53",
6579,2,"2,3,5,7,17,43,47",2^2 * 3^2 * 5^1 * 7^1 * 17^1 * 43^1 * 47^1,0,"11,13,19,23,29,31,37,41,53",
6600,2,"2,3,5,7,11,23,41",2^3 * 3^1 * 5^2 * 7^1 * 11^1 * 23^1 * 41^1,0,"13,17,19,29,31,37,43,47,53",
6624,2,"2,3,5,23,53",2^5 * 3^2 * 5^3 * 23^1 * 53^1,0,"7,11,13,17,19,29,31,37,41,43,47",
6655,2,"2,5,11,13",2^9 * 5^1 * 11^3 * 13^1,0,"3,7,17,19,23,29,31,37,41,43,47,53",
6664,2,"2,5,7,17,31,43",2^3 * 5^1 * 7^2 * 17^1 * 31^1 * 43^1,0,"3,11,13,19,23,29,37,41,47,53",
6669,2,"2,3,5,13,19,23,29",2^1 * 3^3 * 5^1 * 13^1 * 19^1 * 23^1 * 29^1,0,"7,11,17,31,37,41,43,47,53",
6720,2,"2,3,5,7,11,13,47",2^6 * 3^1 * 5^1 * 7^1 * 11^1 * 13^1 * 47^1,0,"17,19,23,29,31,37,41,43,53",
6727,2,"2,7,29,31",2^3 * 7^1 * 29^2 * 31^2,0,"3,5,11,13,17,19,23,37,41,43,47,53",
6783,2,"2,3,7,17,19,53",2^7 * 3^1 * 7^1 * 17^1 * 19^1 * 53^1,0,"5,11,13,23,29,31,37,41,43,47",
6859,2,"2,5,7,19",2^2 * 5^1 * 7^3 * 19^3,0,"3,11,13,17,23,29,31,37,41,43,47,53",
6929,2,"2,3,5,7,11,13,41",2^1 * 3^2 * 5^1 * 7^1 * 11^1 * 13^2 * 41^1,0,"17,19,23,29,31,37,43,47,53",
6992,2,"2,3,7,19,23,37",2^4 * 3^3 * 7^1 * 19^1 * 23^1 * 37^1,0,"5,11,13,17,29,31,41,43,47,53",
7049,2,"2,3,5,7,19,47,53",2^1 * 3^1 * 5^2 * 7^1 * 19^1 * 47^1 * 53^1,0,"11,13,17,23,29,31,37,41,43",
7104,2,"2,3,5,7,29,37",2^6 * 3^1 * 5^1 * 7^2 * 29^1 * 37^1,0,"11,13,17,19,23,31,41,43,47,53",
7105,2,"2,5,7,11,17,19,29",2^1 * 5^1 * 7^2 * 11^1 * 17^1 * 19^1 * 29^1,0,"3,13,23,31,37,41,43,47,53",
7175,2,"2,3,5,7,13,23,41",2^3 * 3^1 * 5^2 * 7^1 * 13^1 * 23^1 * 41^1,0,"11,17,19,29,31,37,43,47,53",
7191,2,"2,3,17,29,31,47",2^3 * 3^2 * 17^1 * 29^1 * 31^1 * 47^1,0,"5,7,11,13,19,23,37,41,43,53",
7215,2,"2,3,5,11,13,37,41",2^4 * 3^1 * 5^1 * 11^1 * 13^1 * 37^1 * 41^1,0,"7,17,19,23,29,31,43,47,53",
7224,2,"2,3,5,7,17,43",2^3 * 3^1 * 5^2 * 7^1 * 17^2 * 43^1,0,"11,13,19,23,29,31,37,41,47,53",
7314,2,"2,3,5,7,11,19,23,53",2^1 * 3^1 * 5^1 * 7^1 * 11^1 * 19^1 * 23^1 * 53^1,0,"13,17,29,31,37,41,43,47",
7395,2,"2,3,5,17,29,43",2^2 * 3^1 * 5^1 * 17^1 * 29^1 * 43^2,0,"7,11,13,19,23,31,37,41,47,53",
7424,2,"2,3,5,11,29",2^8 * 3^3 * 5^2 * 11^1 * 29^1,0,"7,13,17,19,23,31,37,41,43,47,53",
7524,2,"2,3,5,7,11,19,43",2^2 * 3^2 * 5^2 * 7^1 * 11^1 * 19^1 * 43^1,0,"13,17,23,29,31,37,41,47,53",
7567,2,"2,7,11,23,43,47",2^4 * 7^1 * 11^1 * 23^1 * 43^1 * 47^1,0,"3,5,13,17,19,29,31,37,41,53",
7568,2,"2,3,11,29,43",2^4 * 3^2 * 11^1 * 29^2 * 43^1,0,"5,7,13,17,19,23,31,37,41,47,53",
7656,2,"2,3,11,13,19,29,31",2^3 * 3^1 * 11^1 * 13^1 * 19^1 * 29^1 * 31^1,0,"5,7,17,23,37,41,43,47,53",
7695,2,"2,3,5,13,19,37",2^4 * 3^4 * 5^1 * 13^1 * 19^1 * 37^1,0,"7,11,17,23,29,31,41,43,47,53",
7749,2,"2,3,5,7,31,41",2^1 * 3^3 * 5^3 * 7^1 * 31^1 * 41^1,0,"11,13,17,19,23,29,37,43,47,53",
7790,2,"2,3,5,7,19,41,53",2^1 * 3^1 * 5^1 * 7^2 * 19^1 * 41^1 * 53^1,0,"11,13,17,23,29,31,37,43,47",
7843,2,"2,11,23,31,37,53",2^2 * 11^1 * 23^1 * 31^1 * 37^1 * 53^1,0,"3,5,7,13,17,19,29,41,43,47",
7865,2,"2,3,5,11,13,19,23",2^1 * 3^2 * 5^1 * 11^2 * 13^1 * 19^1 * 23^1,0,"7,17,29,31,37,41,43,47,53",
7888,2,"2,7,17,23,29",2^4 * 7^3 * 17^1 * 23^1 * 29^1,0,"3,5,11,13,19,31,37,41,43,47,53",
7904,2,"2,3,5,13,17,19,31",2^5 * 3^1 * 5^1 * 13^1 * 17^1 * 19^1 * 31^1,0,"7,11,23,29,37,41,43,47,53",
7935,2,"2,3,5,23,31",2^8 * 3^1 * 5^1 * 23^2 * 31^1,0,"7,11,13,17,19,29,37,41,43,47,53",
7942,2,"2,11,13,19,47",2^1 * 11^1 * 13^2 * 19^2 * 47^1,0,"3,5,7,17,23,29,31,37,41,43,53",
7955,2,"2,3,5,13,17,37,43",2^2 * 3^2 * 5^1 * 13^1 * 17^1 * 37^1 * 43^1,0,"7,11,19,23,29,31,41,47,53",
8036,2,"2,3,7,19,41,47",2^2 * 3^2 * 7^2 * 19^1 * 41^1 * 47^1,0,"5,11,13,17,23,29,31,37,43,53",
8084,2,"2,3,5,7,11,43,47",2^2 * 3^1 * 5^1 * 7^2 * 11^1 * 43^1 * 47^1,0,"13,17,19,23,29,31,37,41,53",
8091,2,"2,3,7,17,29,31",2^2 * 3^2 * 7^1 * 17^2 * 29^1 * 31^1,0,"5,11,13,19,23,37,41,43,47,53",
8177,2,"2,3,13,17,29,37,47",2^1 * 3^1 * 13^1 * 17^1 * 29^1 * 37^1 * 47^1,0,"5,7,11,19,23,31,41,43,53",
8214,2,"2,3,5,31,37,53",2^1 * 3^1 * 5^1 * 31^1 * 37^2 * 53^1,0,"7,11,13,17,19,23,29,41,43,47",
8280,2,"2,3,5,7,13,23",2^3 * 3^2 * 5^1 * 7^2 * 13^2 * 23^1,0,"11,17,19,29,31,37,41,43,47,53",
8427,2,"2,3,7,43,53",2^2 * 3^1 * 7^2 * 43^1 * 53^2,0,"5,11,13,17,19,23,29,31,37,41,47",
8463,2,"2,3,7,13,23,31",2^4 * 3^1 * 7^1 * 13^1 * 23^2 * 31^1,0,"5,11,17,19,29,37,41,43,47,53",
8525,2,"2,3,5,7,11,29,31",2^1 * 3^1 * 5^2 * 7^2 * 11^1 * 29^1 * 31^1,0,"13,17,19,23,37,41,43,47,53",
8568,2,"2,3,7,11,17,19,41",2^3 * 3^2 * 7^1 * 11^1 * 17^1 * 19^1 * 41^1,0,"5,13,23,29,31,37,43,47,53",
8624,2,"2,3,5,7,11,23",2^4 * 3^1 * 5^3 * 7^2 * 11^1 * 23^1,0,"13,17,19,29,31,37,41,43,47,53",
8648,2,"2,3,23,31,47",2^3 * 3^2 * 23^1 * 31^2 * 47^1,0,"5,7,11,13,17,19,29,37,41,43,53",
8670,2,"2,3,5,13,17,23,29",2^1 * 3^1 * 5^1 * 13^1 * 17^2 * 23^1 * 29^1,0,"7,11,19,31,37,41,43,47,53",
8694,2,"2,3,5,7,23,37,47",2^1 * 3^3 * 5^1 * 7^1 * 23^1 * 37^1 * 47^1,0,"11,13,17,19,29,31,41,43,53",
8788,2,"2,11,13,17,47",2^2 * 11^1 * 13^3 * 17^1 * 47^1,0,"3,5,7,19,23,29,31,37,41,43,53",
8815,2,"2,5,19,29,41,43",2^4 * 5^1 * 19^1 * 29^1 * 41^1 * 43^1,0,"3,7,11,13,17,23,31,37,47,53",
8835,2,"2,3,5,19,31,47",2^2 * 3^1 * 5^1 * 19^1 * 31^1 * 47^2,0,"7,11,13,17,23,29,37,41,43,53",
8855,2,"2,3,5,7,11,23,41",2^3 * 3^3 * 5^1 * 7^1 * 11^1 * 23^1 * 41^1,0,"13,17,19,29,31,37,43,47,53",
8959,2,"2,5,7,17,31",2^8 * 5^1 * 7^1 * 17^2 * 31^1,0,"3,11,13,19,23,29,37,41,43,47,53",
8990,2,"2,3,5,29,31,37",2^1 * 3^5 * 5^1 * 29^1 * 31^1 * 37^1,0,"7,11,13,17,19,23,41,43,47,53",
9009,2,"2,3,5,7,11,13,17,53",2^1 * 3^2 * 5^1 * 7^1 * 11^1 * 13^1 * 17^1 * 53^1,0,"19,23,29,31,37,41,43,47",
9024,2,"2,3,5,19,47",2^6 * 3^1 * 5^2 * 19^2 * 47^1,0,"7,11,13,17,23,29,31,37,41,43,53",
9176,2,"2,3,7,19,23,31,37",2^3 * 3^1 * 7^1 * 19^1 * 23^1 * 31^1 * 37^1,0,"5,11,13,17,29,41,43,47,53",
9250,2,"2,5,11,29,37",2^1 * 5^3 * 11^1 * 29^2 * 37^1,0,"3,7,13,17,19,23,31,41,43,47,53",
9360,2,"2,3,5,11,13,23,37",2^4 * 3^2 * 5^1 * 11^1 * 13^1 * 23^1 * 37^1,0,"7,17,19,29,31,41,43,47,53",
9424,2,"2,5,13,19,29,31",2^4 * 5^2 * 13^1 * 19^1 * 29^1 * 31^1,0,"3,7,11,17,23,37,41,43,47,53",
9471,2,"2,3,7,11,37,41",2^8 * 3^1 * 7^1 * 11^1 * 37^1 * 41^1,0,"5,13,17,19,23,29,31,43,47,53",
9503,2,"2,3,11,13,17,43",2^5 * 3^3 * 11^1 * 13^1 * 17^1 * 43^1,0,"5,7,19,23,29,31,37,41,47,53",
9540,2,"2,3,5,7,29,47,53",2^2 * 3^2 * 5^1 * 7^1 * 29^1 * 47^1 * 53^1,0,"11,13,17,19,23,31,37,41,43",
9632,2,"2,3,7,13,19,43",2^5 * 3^1 * 7^1 * 13^2 * 19^1 * 43^1,0,"5,11,17,23,29,31,37,41,47,53",
9728,2,"2,3,19,23,47",2^9 * 3^2 * 19^1 * 23^1 * 47^1,0,"5,7,11,13,17,29,31,37,41,43,53",
9775,2,"2,5,13,17,23,47",2^4 * 5^2 * 13^1 * 17^1 * 23^1 * 47^1,0,"3,7,11,19,29,31,37,41,43,53",
9800,2,"2,3,5,7,11",2^3 * 3^4 * 5^2 * 7^2 * 11^2,0,"13,17,19,23,29,31,37,41,43,47,53",
9801,2,"2,3,11,13,29",2^1 * 3^4 * 11^2 * 13^2 * 29^1,0,"5,7,17,19,23,31,37,41,43,47,53",
9804,2,"2,3,5,19,37,43,53",2^2 * 3^1 * 5^1 * 19^1 * 37^1 * 43^1 * 53^1,0,"7,11,13,17,23,29,31,41,47",
9889,2,"2,5,11,23,29,31,43",2^1 * 5^1 * 11^1 * 23^1 * 29^1 * 31^1 * 43^1,0,"3,7,13,17,19,37,41,47,53",
9963,2,"2,3,41,47,53",2^2 * 3^5 * 41^1 * 47^1 * 53^1,0,"5,7,11,13,17,19,23,29,31,37,43",
9975,2,"2,3,5,7,19,29,43",2^3 * 3^1 * 5^2 * 7^1 * 19^1 * 29^1 * 43^1,0,"11,13,17,23,31,37,41,47,53",
10044,2,"2,3,5,7,31,41",2^2 * 3^4 * 5^1 * 7^2 * 31^1 * 41^1,0,"11,13,17,19,23,29,37,43,47,53",
10175,2,"2,3,5,11,37,53",2^6 * 3^1 * 5^2 * 11^1 * 37^1 * 53^1,0,"7,13,17,19,23,29,31,41,43,47",
10199,2,"2,3,5,7,17,31,47",2^3 * 3^1 * 5^2 * 7^1 * 17^1 * 31^1 * 47^1,0,"11,13,19,23,29,37,41,43,53",
10240,2,"2,5,7,11,19",2^11 * 5^1 * 7^2 * 11^1 * 19^1,0,"3,13,17,23,29,31,37,41,43,47,53",
10335,2,"2,3,5,13,17,19,53",2^5 * 3^1 * 5^1 * 13^1 * 17^1 * 19^1 * 53^1,0,"7,11,23,29,31,37,41,43,47",
10373,2,"2,3,7,11,13,19,23,41",2^1 * 3^1 * 7^1 * 11^1 * 13^1 * 19^1 * 23^1 * 41^1,0,"5,17,29,31,37,43,47,53",
10387,2,"2,7,13,17,47,53",2^2 * 7^2 * 13^1 * 17^1 * 47^1 * 53^1,0,"3,5,11,19,23,29,31,37,41,43",
10449,2,"2,3,5,11,19,43",2^1 * 3^5 * 5^2 * 11^1 * 19^1 * 43^1,0,"7,13,17,23,29,31,37,41,47,53",
10527,2,"2,3,7,11,29,47",2^5 * 3^1 * 7^1 * 11^2 * 29^1 * 47^1,0,"5,13,17,19,23,31,37,41,43,53",
10556,2,"2,3,7,13,17,23,29",2^2 * 3^3 * 7^1 * 13^1 * 17^1 * 23^1 * 29^1,0,"5,11,19,31,37,41,43,47,53",
10625,2,"2,3,5,7,11,17,23",2^1 * 3^1 * 5^4 * 7^1 * 11^1 * 17^1 * 23^1,0,"13,19,29,31,37,41,43,47,53",
10647,2,"2,3,7,11,13",2^3 * 3^2 * 7^1 * 11^3 * 13^2,0,"5,17,19,23,29,31,37,41,43,47,53",
10659,2,"2,3,5,11,13,17,19,41",2^2 * 3^1 * 5^1 * 11^1 * 13^1 * 17^1 * 19^1 * 41^1,0,"7,23,29,31,37,43,47,53",
10692,2,"2,3,11,17,37",2^2 * 3^5 * 11^1 * 17^2 * 37^1,0,"5,7,13,19,23,29,31,41,43,47,53",
10829,2,"2,3,5,7,13,17,19",2^1 * 3^1 * 5^1 * 7^2 * 13^1 * 17^1 * 19^2,0,"11,23,29,31,37,41,43,47,53",
10878,2,"2,3,7,11,23,37,43",2^1 * 3^1 * 7^2 * 11^1 * 23^1 * 37^1 * 43^1,0,"5,13,17,19,29,31,41,47,53",
10879,2,"2,5,11,17,23,43",2^7 * 5^1 * 11^1 * 17^1 * 23^1 * 43^1,0,"3,7,13,19,29,31,37,41,47,53",
10880,2,"2,3,5,13,17,31",2^7 * 3^3 * 5^1 * 13^1 * 17^1 * 31^1,0,"7,11,19,23,29,37,41,43,47,53",
11024,2,"2,3,5,7,13,53",2^4 * 3^2 * 5^2 * 7^2 * 13^1 * 53^1,0,"11,17,19,23,29,31,37,41,43,47",
11136,2,"2,3,7,29,37,43",2^7 * 3^1 * 7^1 * 29^1 * 37^1 * 43^1,0,"5,11,13,17,19,23,31,41,47,53",
11270,2,"2,3,5,7,13,17,23",2^1 * 3^1 * 5^1 * 7^2 * 13^1 * 17^2 * 23^1,0,"11,19,29,31,37,41,43,47,53",
11339,2,"2,3,5,7,17,23,29",2^2 * 3^4 * 5^1 * 7^1 * 17^1 * 23^1 * 29^1,0,"11,13,19,31,37,41,43,47,53",
11374,2,"2,5,7,11,13,47",2^1 * 5^3 * 7^1 * 11^2 * 13^1 * 47^1,0,"3,17,19,23,29,31,37,41,43,53",
11395,2,"2,5,7,11,37,43,53",2^2 * 5^1 * 7^1 * 11^1 * 37^1 * 43^1 * 53^1,0,"3,13,17,19,23,29,31,41,47",
11438,2,"2,3,7,19,31,41,43",2^1 * 3^2 * 7^1 * 19^1 * 31^1 * 41^1 * 43^1,0,"5,11,13,17,23,29,37,47,53",
11439,2,"2,3,5,11,13,31,41",2^4 * 3^2 * 5^1 * 11^1 * 13^1 * 31^1 * 41^1,0,"7,17,19,23,29,37,43,47,53",
11500,2,"2,5,7,23,31,53",2^2 * 5^3 * 7^1 * 23^1 * 31^1 * 53^1,0,"3,11,13,17,19,29,37,41,43,47",
11609,2,"2,3,5,13,19,43,47",2^1 * 3^3 * 5^1 * 13^1 * 19^1 * 43^1 * 47^1,0,"7,11,17,23,29,31,37,41,53",
11655,2,"2,3,5,7,31,37,47",2^3 * 3^2 * 5^1 * 7^1 * 31^1 * 37^1 * 47^1,0,"11,13,17,19,23,29,41,43,53",
11660,2,"2,3,5,11,13,23,53",2^2 * 3^1 * 5^1 * 11^1 * 13^2 * 23^1 * 53^1,0,"7,17,19,29,31,37,41,43,47",
11661,2,"2,3,7,13,17,23",2^1 * 3^1 * 7^3 * 13^2 * 17^1 * 23^1,0,"5,11,19,29,31,37,41,43,47,53",
11766,2,"2,3,7,37,41,53",2^1 * 3^1 * 7^1 * 37^1 * 41^2 * 53^1,0,"5,11,13,17,19,23,29,31,43,47",
11780,2,"2,3,5,7,11,17,19,31",2^2 * 3^2 * 5^1 * 7^1 * 11^1 * 17^1 * 19^1 * 31^1,0,"13,23,29,37,41,43,47,53",
11890,2,"2,5,11,23,29,41,47",2^1 * 5^1 * 11^1 * 23^1 * 29^1 * 41^1 * 47^1,0,"3,7,13,17,19,31,37,43,53",
11913,2,"2,3,7,11,19,23,37",2^1 * 3^1 * 7^1 * 11^1 * 19^2 * 23^1 * 37^1,0,"5,13,17,29,31,41,43,47,53",
11934,2,"2,3,5,7,11,13,17,31",2^1 * 3^3 * 5^1 * 7^1 * 11^1 * 13^1 * 17^1 * 31^1,0,"19,23,29,37,41,43,47,53",
12005,2,"2,3,5,7,23,29",2^1 * 3^2 * 5^1 * 7^4 * 23^1 * 29^1,0,"11,13,17,19,31,37,41,43,47,53",
12121,2,"2,11,17,19,23,29,31",2^1 * 11^1 * 17^1 * 19^1 * 23^1 * 29^1 * 31^1,0,"3,5,7,13,37,41,43,47,53",
12167,2,"2,3,13,23",2^3 * 3^2 * 13^2 * 23^3,0,"5,7,11,17,19,29,31,37,41,43,47,53",
12320,2,"2,3,5,7,11,37",2^5 * 3^2 * 5^1 * 7^1 * 11^1 * 37^2,0,"13,17,19,23,29,31,41,43,47,53",
12341,2,"2,3,7,11,17,41,43",2^1 * 3^1 * 7^1 * 11^2 * 17^1 * 41^1 * 43^1,0,"5,13,19,23,29,31,37,47,53",
12375,2,"2,3,5,7,11,13,17",2^3 * 3^2 * 5^3 * 7^1 * 11^1 * 13^1 * 17^1,0,"19,23,29,31,37,41,43,47,53",
12614,2,"2,3,5,7,17,29,53",2^1 * 3^1 * 5^1 * 7^1 * 17^1 * 29^2 * 53^1,0,"11,13,19,23,31,37,41,43,47",
12635,2,"2,3,5,7,13,19",2^2 * 3^5 * 5^1 * 7^1 * 13^1 * 19^2,0,"11,17,23,29,31,37,41,43,47,53",
12672,2,"2,3,11,19,23,29",2^7 * 3^2 * 11^1 * 19^1 * 23^1 * 29^1,0,"5,7,13,17,31,37,41,43,47,53",
12690,2,"2,3,5,7,37,47",2^1 * 3^3 * 5^1 * 7^3 * 37^1 * 47^1,0,"11,13,17,19,23,29,31,41,43,53",
12825,2,"2,3,5,11,19,53",2^1 * 3^3 * 5^2 * 11^2 * 19^1 * 53^1,0,"7,13,17,23,29,31,37,41,43,47",
12879,2,"2,3,5,7,23,53",2^4 * 3^5 * 5^1 * 7^1 * 23^1 * 53^1,0,"11,13,17,19,29,31,37,41,43,47",
13090,2,"2,5,7,11,13,17,19,53",2^1 * 5^1 * 7^1 * 11^1 * 13^1 * 17^1 * 19^1 * 53^1,0,"3,23,29,31,37,41,43,47",
13224,2,"2,3,5,19,23,29",2^3 * 3^1 * 5^2 * 19^1 * 23^2 * 29^1,0,"7,11,13,17,31,37,41,43,47,53",
13243,2,"2,7,11,17,19,41,43",2^2 * 7^1 * 11^1 * 17^1 * 19^1 * 41^1 * 43^1,0,"3,5,13,23,29,31,37,47,53",
13299,2,"2,3,5,7,11,13,19,31",2^2 * 3^1 * 5^2 * 7^1 * 11^1 * 13^1 * 19^1 * 31^1,0,"17,23,29,37,41,43,47,53",
13310,2,"2,3,5,11,17,29",2^1 * 3^3 * 5^1 * 11^3 * 17^1 * 29^1,0,"7,13,19,23,31,37,41,43,47,53",
13311,2,"2,3,13,17,29",2^10 * 3^3 * 13^1 * 17^1 * 29^1,0,"5,7,11,19,23,31,37,41,43,47,53",
13356,2,"2,3,7,19,37,53",2^2 * 3^2 * 7^1 * 19^2 * 37^1 * 53^1,0,"5,11,13,17,23,29,31,41,43,47",
13376,2,"2,3,7,11,13,19",2^6 * 3^1 * 7^3 * 11^1 * 13^1 * 19^1,0,"5,17,23,29,31,37,41,43,47,53",
13454,2,"2,3,5,7,13,23,31",2^1 * 3^2 * 5^1 * 7^1 * 13^1 * 23^1 * 31^2,0,"11,17,19,29,37,41,43,47,53",
13455,2,"2,3,5,13,23,29",2^4 * 3^2 * 5^1 * 13^1 * 23^1 * 29^2,0,"7,11,17,19,31,37,41,43,47,53",
13689,2,"2,3,5,13,37",2^1 * 3^4 * 5^1 * 13^2 * 37^2,0,"7,11,17,19,23,29,31,41,43,47,53",
13717,2,"2,11,19,29,43",2^1 * 11^1 * 19^3 * 29^1 * 43^1,0,"3,5,7,13,17,23,31,37,41,47,53",
13727,2,"2,3,7,11,13,37,53",2^5 * 3^1 * 7^1 * 11^1 * 13^1 * 37^1 * 53^1,0,"5,17,19,23,29,31,41,43,47",
13775,2,"2,3,5,7,19,29,41",2^4 * 3^1 * 5^2 * 7^1 * 19^1 * 29^1 * 41^1,0,"11,13,17,23,31,37,43,47,53",
13832,2,"2,3,7,13,19,29,53",2^3 * 3^2 * 7^1 * 13^1 * 19^1 * 29^1 * 53^1,0,"5,11,17,23,31,37,41,43,47",
13888,2,"2,7,17,19,31,43",2^6 * 7^1 * 17^1 * 19^1 * 31^1 * 43^1,0,"3,5,11,13,23,29,37,41,47,53",
13949,2,"2,3,5,13,29,31,37",2^1 * 3^2 * 5^2 * 13^1 * 29^1 * 31^1 * 37^1,0,"7,11,17,19,23,41,43,47,53",
14079,2,"2,3,5,11,13,19",2^8 * 3^1 * 5^1 * 11^1 * 13^1 * 19^2,0,"7,17,23,29,31,37,41,43,47,53",
14104,2,"2,5,7,13,31,41,43",2^3 * 5^1 * 7^1 * 13^1 * 31^1 * 41^1 * 43^1,0,"3,11,17,19,23,29,37,47,53",
14144,2,"2,3,5,13,17,23,41",2^6 * 3^1 * 5^1 * 13^1 * 17^1 * 23^1 * 41^1,0,"7,11,19,29,31,37,43,47,53",
14364,2,"2,3,5,7,13,17,19",2^2 * 3^3 * 5^1 * 7^1 * 13^2 * 17^1 * 19^1,0,"11,23,29,31,37,41,43,47,53",
14399,2,"2,3,5,7,11,17",2^6 * 3^2 * 5^2 * 7^1 * 11^2 * 17^1,0,"13,19,23,29,31,37,41,43,47,53",
14415,2,"2,3,5,17,31,53",2^4 * 3^1 * 5^1 * 17^1 * 31^2 * 53^1,0,"7,11,13,19,23,29,37,41,43,47",
14534,2,"2,3,5,13,17,19,43",2^1 * 3^2 * 5^1 * 13^2 * 17^1 * 19^1 * 43^1,0,"7,11,23,29,31,37,41,47,53",
14651,2,"2,3,7,11,13,23,37",2^2 * 3^2 * 7^2 * 11^1 * 13^1 * 23^1 * 37^1,0,"5,17,19,29,31,41,43,47,53",
14663,2,"2,3,11,13,31,43,47",2^3 * 3^1 * 11^1 * 13^1 * 31^1 * 43^1 * 47^1,0,"5,7,17,19,23,29,37,41,53",
14800,2,"2,5,19,37,41",2^4 * 5^2 * 19^2 * 37^1 * 41^1,0,"3,7,11,13,17,23,29,31,43,47,53",
14993,2,"2,3,7,11,17,29,47",2^1 * 3^2 * 7^2 * 11^1 * 17^1 * 29^1 * 47^1,0,"5,13,19,23,31,37,41,43,53",
15092,2,"2,3,7,11,13,43",2^2 * 3^3 * 7^3 * 11^1 * 13^1 * 43^1,0,"5,17,19,23,29,31,37,41,47,53",
15180,2,"2,3,5,11,17,19,23,47",2^2 * 3^1 * 5^1 * 11^1 * 17^1 * 19^1 * 23^1 * 47^1,0,"7,13,29,31,37,41,43,53",
15210,2,"2,3,5,7,13,41,53",2^1 * 3^2 * 5^1 * 7^1 * 13^2 * 41^1 * 53^1,0,"11,17,19,23,29,31,37,43,47",
15317,2,"2,3,17,23,37,53",2^1 * 3^2 * 17^2 * 23^1 * 37^1 * 53^1,0,"5,7,11,13,19,29,31,41,43,47",
15375,2,"2,3,5,31,41",2^4 * 3^1 * 5^3 * 31^2 * 41^1,0,"7,11,13,17,19,23,29,37,43,47,53",
15456,2,"2,3,7,13,23,29,41",2^5 * 3^1 * 7^1 * 13^1 * 23^1 * 29^1 * 41^1,0,"5,11,17,19,31,37,43,47,53",
15624,2,"2,3,5,7,31",2^3 * 3^2 * 5^6 * 7^1 * 31^1,0,"11,13,17,19,23,29,37,41,43,47,53",
15651,2,"2,3,7,13,37,43,47",2^2 * 3^2 * 7^1 * 13^1 * 37^1 * 43^1 * 47^1,0,"5,11,17,19,23,29,31,41,53",
15872,2,"2,3,11,13,31,37",2^9 * 3^1 * 11^1 * 13^1 * 31^1 * 37^1,0,"5,7,17,19,23,29,41,43,47,53",
15979,2,"2,5,17,19,29,47",2^2 * 5^1 * 17^1 * 19^1 * 29^2 * 47^1,0,"3,7,11,13,23,31,37,41,43,53",
16120,2,"2,5,7,13,31,47",2^3 * 5^1 * 7^3 * 13^1 * 31^1 * 47^1,0,"3,11,17,19,23,29,37,41,43,53",
16168,2,"2,19,23,37,43,47",2^3 * 19^1 * 23^1 * 37^1 * 43^1 * 47^1,0,"3,5,7,11,13,17,29,31,41,53",
16169,2,"2,3,5,7,11,19,23,37",2^1 * 3^1 * 5^1 * 7^2 * 11^1 * 19^1 * 23^1 * 37^1,0,"13,17,29,31,41,43,47,53",
16399,2,"2,5,23,31,41",2^4 * 5^2 * 23^2 * 31^1 * 41^1,0,"3,7,11,13,17,19,29,37,43,47,53",
16523,2,"2,3,13,17,31,41",2^2 * 3^5 * 13^1 * 17^1 * 31^1 * 41^1,0,"5,7,11,19,23,29,37,43,47,53",
16575,2,"2,3,5,7,13,17,37",2^6 * 3^1 * 5^2 * 7^1 * 13^1 * 17^1 * 37^1,0,"11,19,23,29,31,41,43,47,53",
16605,2,"2,3,5,19,23,41",2^1 * 3^4 * 5^1 * 19^2 * 23^1 * 41^1,0,"7,11,13,17,29,31,37,43,47,53",
16640,2,"2,3,5,13,43",2^8 * 3^2 * 5^1 * 13^1 * 43^2,0,"7,11,17,19,23,29,31,37,41,47,53",
16928,2,"2,3,11,19,23",2^5 * 3^4 * 11^1 * 19^1 * 23^2,0,"5,7,13,17,29,31,37,41,43,47,53",
17199,2,"2,3,5,7,13,43",2^4 * 3^3 * 5^2 * 7^2 * 13^1 * 43^1,0,"11,17,19,23,29,31,37,41,47,53",
17204,2,"2,3,5,11,17,23,31,37",2^2 * 3^1 * 5^1 * 11^1 * 17^1 * 23^1 * 31^1 * 37^1,0,"7,13,19,29,41,43,47,53",
17225,2,"2,3,5,11,13,29,53",2^1 * 3^3 * 5^2 * 11^1 * 13^1 * 29^1 * 53^1,0,"7,17,19,23,31,37,41,43,47",
17328,2,"2,3,13,19,31,43",2^4 * 3^1 * 13^1 * 19^2 * 31^1 * 43^1,0,"5,7,11,17,23,29,37,41,47,53",
17342,2,"2,3,13,23,29,41,47",2^1 * 3^2 * 13^1 * 23^1 * 29^1 * 41^1 * 47^1,0,"5,7,11,17,19,31,37,43,53",
17390,2,"2,3,5,11,17,31,37,47",2^1 * 3^1 * 5^1 * 11^1 * 17^1 * 31^1 * 37^1 * 47^1,0,"7,13,19,23,29,41,43,53",
17424,2,"2,3,5,11,17,41",2^4 * 3^2 * 5^2 * 11^2 * 17^1 * 41^1,0,"7,13,19,23,29,31,37,43,47,53",
17457,2,"2,3,7,11,23,29,43",2^1 * 3^1 * 7^1 * 11^1 * 23^2 * 29^1 * 43^1,0,"5,13,17,19,31,37,41,47,53",
17500,2,"2,5,7,11,37,43",2^2 * 5^4 * 7^1 * 11^1 * 37^1 * 43^1,0,"3,13,17,19,23,29,31,41,47,53",
17544,2,"2,3,5,11,17,29,43",2^3 * 3^1 * 5^1 * 11^2 * 17^1 * 29^1 * 43^1,0,"7,13,19,23,31,37,41,47,53",
17575,2,"2,5,13,19,37",2^3 * 5^2 * 13^3 * 19^1 * 37^1,0,"3,7,11,17,23,29,31,41,43,47,53",
17576,2,"2,3,7,13,31",2^3 * 3^4 * 7^1 * 13^3 * 31^1,0,"5,11,17,19,23,29,37,41,43,47,53",
17577,2,"2,3,7,11,17,31,47",2^1 * 3^4 * 7^1 * 11^1 * 17^1 * 31^1 * 47^1,0,"5,13,19,23,29,37,41,43,53",
17765,2,"2,3,5,7,11,17,19,47",2^1 * 3^3 * 5^1 * 7^1 * 11^1 * 17^1 * 19^1 * 47^1,0,"13,23,29,31,37,41,43,53",
17835,2,"2,3,5,7,13,29,41",2^2 * 3^1 * 5^1 * 7^3 * 13^1 * 29^1 * 41^1,0,"11,17,19,23,31,37,43,47,53",
17917,2,"2,17,19,23,31,41",2^1 * 17^2 * 19^1 * 23^1 * 31^1 * 41^1,0,"3,5,7,11,13,29,37,43,47,53",
18095,2,"2,3,5,7,11,13,29,47",2^4 * 3^1 * 5^1 * 7^1 * 11^1 * 13^1 * 29^1 * 47^1,0,"17,19,23,31,37,41,43,53",
18125,2,"2,3,5,19,29,53",2^1 * 3^2 * 5^4 * 19^1 * 29^1 * 53^1,0,"7,11,13,17,23,31,37,41,43,47",
18240,2,"2,3,5,17,19,29,37",2^6 * 3^1 * 5^1 * 17^1 * 19^1 * 29^1 * 37^1,0,"7,11,13,23,31,41,43,47,53",
18444,2,"2,3,5,7,17,29,31,53",2^2 * 3^1 * 5^1 * 7^1 * 17^1 * 29^1 * 31^1 * 53^1,0,"11,13,19,23,37,41,43,47",
18490,2,"2,5,11,41,43",2^1 * 5^1 * 11^1 * 41^2 * 43^2,0,"3,7,13,17,19,23,29,31,37,47,53",
18655,2,"2,5,7,11,13,41,53",2^5 * 5^1 * 7^1 * 11^1 * 13^1 * 41^1 * 53^1,0,"3,17,19,23,29,31,37,43,47",
18791,2,"2,3,19,23,29,43",2^3 * 3^4 * 19^1 * 23^1 * 29^1 * 43^1,0,"5,7,11,13,17,31,37,41,47,53",
18920,2,"2,3,5,7,11,17,43,53",2^3 * 3^1 * 5^1 * 7^1 * 11^1 * 17^1 * 43^1 * 53^1,0,"13,19,23,29,31,37,41,47",
18941,2,"2,3,7,11,13,31,41,47",2^1 * 3^1 * 7^1 * 11^1 * 13^1 * 31^1 * 41^1 * 47^1,0,"5,17,19,23,29,37,43,53",
19227,2,"2,3,11,13,17,19,23,29",2^2 * 3^1 * 11^1 * 13^1 * 17^1 * 19^1 * 23^1 * 29^1,0,"5,7,31,37,41,43,47,53",
19239,2,"2,3,5,11,13,37,53",2^3 * 3^1 * 5^1 * 11^2 * 13^1 * 37^1 * 53^1,0,"7,17,19,23,29,31,41,43,47",
19250,2,"2,3,5,7,11,23,31",2^1 * 3^3 * 5^3 * 7^1 * 11^1 * 23^1 * 31^1,0,"13,17,19,29,37,41,43,47,53",
19343,2,"2,3,13,23,29,31",2^4 * 3^1 * 13^1 * 23^1 * 29^2 * 31^1,0,"5,7,11,17,19,37,41,43,47,53",
19499,2,"2,3,5,13,17,31,37",2^2 * 3^1 * 5^3 * 13^1 * 17^1 * 31^1 * 37^1,0,"7,11,19,23,29,41,43,47,53",
19550,2,"2,3,5,7,17,19,23",2^1 * 3^1 * 5^2 * 7^3 * 17^1 * 19^1 * 23^1,0,"11,13,29,31,37,41,43,47,53",
19551,2,"2,3,7,13,19,47",2^5 * 3^1 * 7^3 * 13^1 * 19^1 * 47^1,0,"5,11,17,23,29,31,37,41,43,53",
19683,2,"2,3,7,19,37",2^2 * 3^9 * 7^1 * 19^1 * 37^1,0,"5,11,13,17,23,29,31,41,43,47,53",
19720,2,"2,5,13,17,29,37,41",2^3 * 5^1 * 13^1 * 17^1 * 29^1 * 37^1 * 41^1,0,"3,7,11,19,23,31,43,47,53",
19844,2,"2,3,5,7,11,41",2^2 * 3^4 * 5^1 * 7^2 * 11^2 * 41^1,0,"13,17,19,23,29,31,37,43,47,53",
19964,2,"2,3,5,7,11,23,31",2^2 * 3^1 * 5^1 * 7^1 * 11^3 * 23^1 * 31^1,0,"13,17,19,29,37,41,43,47,53",
19980,2,"2,3,5,13,29,37,53",2^2 * 3^3 * 5^1 * 13^1 * 29^1 * 37^1 * 53^1,0,"7,11,17,19,23,31,41,43,47",
20124,2,"2,3,5,7,13,23,43",2^2 * 3^2 * 5^3 * 7^1 * 13^1 * 23^1 * 43^1,0,"11,17,19,29,31,37,41,47,53",
20349,2,"2,3,5,7,11,17,19,37",2^1 * 3^2 * 5^2 * 7^1 * 11^1 * 17^1 * 19^1 * 37^1,0,"13,23,29,31,41,43,47,53",
20424,2,"2,3,5,19,23,37,43",2^3 * 3^1 * 5^2 * 19^1 * 23^1 * 37^1 * 43^1,0,"7,11,13,17,29,31,41,47,53",
20735,2,"2,3,5,11,13,29",2^8 * 3^4 * 5^1 * 11^1 * 13^1 * 29^1,0,"7,17,19,23,31,37,41,43,47,53",
21141,2,"2,3,11,29,31",2^1 * 3^6 * 11^1 * 29^1 * 31^2,0,"5,7,13,17,19,23,37,41,43,47,53",
21199,2,"2,5,17,29,43,53",2^4 * 5^2 * 17^1 * 29^1 * 43^1 * 53^1,0,"3,7,11,13,19,23,31,37,41,47",
21384,2,"2,3,5,7,11,13,47",2^3 * 3^5 * 5^1 * 7^1 * 11^1 * 13^1 * 47^1,0,"17,19,23,29,31,37,41,43,53",
21385,2,"2,5,7,13,17,37,47",2^1 * 5^1 * 7^1 * 13^1 * 17^2 * 37^1 * 47^1,0,"3,11,19,23,29,31,41,43,53",
21504,2,"2,3,5,7,11,17,23",2^10 * 3^1 * 5^1 * 7^1 * 11^1 * 17^1 * 23^1,0,"13,19,29,31,37,41,43,47,53",
21735,2,"2,3,5,7,11,13,19,23",2^3 * 3^3 * 5^1 * 7^1 * 11^1 * 13^1 * 19^1 * 23^1,0,"17,29,31,37,41,43,47,53",
22015,2,"2,5,7,17,37,43",2^9 * 5^1 * 7^1 * 17^1 * 37^1 * 43^1,0,"3,11,13,19,23,29,31,41,47,53",
22099,2,"2,5,7,11,13,17,41",2^2 * 5^2 * 7^2 * 11^1 * 13^1 * 17^1 * 41^1,0,"3,19,23,29,31,37,43,47,53",
22230,2,"2,3,5,11,13,19,43,47",2^1 * 3^2 * 5^1 * 11^1 * 13^1 * 19^1 * 43^1 * 47^1,0,"7,17,23,29,31,37,41,53",
22274,2,"2,3,5,7,11,37,43",2^1 * 3^4 * 5^2 * 7^1 * 11^1 * 37^1 * 43^1,0,"13,17,19,23,29,31,41,47,53",
22385,2,"2,3,5,7,11,13,37,41",2^1 * 3^1 * 5^1 * 7^1 * 11^2 * 13^1 * 37^1 * 41^1,0,"17,19,23,29,31,43,47,53",
22736,2,"2,3,7,11,13,29,53",2^4 * 3^1 * 7^2 * 11^1 * 13^1 * 29^1 * 53^1,0,"5,17,19,23,31,37,41,43,47",
22747,2,"2,11,23,43,47",2^2 * 11^2 * 23^2 * 43^1 * 47^1,0,"3,5,7,13,17,19,29,31,37,41,53",
22815,2,"2,3,5,13,23,31",2^5 * 3^3 * 5^1 * 13^2 * 23^1 * 31^1,0,"7,11,17,19,29,37,41,43,47,53",
23000,2,"2,3,5,11,17,23,41",2^3 * 3^1 * 5^3 * 11^1 * 17^1 * 23^1 * 41^1,0,"7,13,19,29,31,37,43,47,53",
23001,2,"2,3,7,11,17,31,41,53",2^1 * 3^1 * 7^1 * 11^1 * 17^1 * 31^1 * 41^1 * 53^1,0,"5,13,19,23,29,37,43,47",
23124,2,"2,3,5,37,41,47",2^2 * 3^1 * 5^4 * 37^1 * 41^1 * 47^1,0,"7,11,13,17,19,23,29,31,43,53",
23199,2,"2,3,5,11,19,29,37",2^5 * 3^1 * 5^2 * 11^1 * 19^1 * 29^1 * 37^1,0,"7,13,17,23,31,41,43,47,53",
23275,2,"2,5,7,11,19,23",2^2 * 5^2 * 7^2 * 11^1 * 19^1 * 23^2,0,"3,13,17,29,31,37,41,43,47,53",
23373,2,"2,3,7,13,29,31,53",2^1 * 3^2 * 7^2 * 13^1 * 29^1 * 31^1 * 53^1,0,"5,11,17,19,23,37,41,43,47",
23374,2,"2,5,11,13,17,29,31",2^1 * 5^3 * 11^1 * 13^1 * 17^1 * 29^1 * 31^1,0,"3,7,19,23,37,41,43,47,53",
23408,2,"2,3,7,11,17,19",2^4 * 3^4 * 7^1 * 11^1 * 17^2 * 19^1,0,"5,13,23,29,31,37,41,43,47,53",
23715,2,"2,3,5,7,11,17,31",2^2 * 3^2 * 5^1 * 7^2 * 11^2 * 17^1 * 31^1,0,"13,19,23,29,37,41,43,47,53",
23750,2,"2,3,5,7,13,19,29",2^1 * 3^2 * 5^4 * 7^1 * 13^1 * 19^1 * 29^1,0,"11,17,23,31,37,41,43,47,53",
23828,2,"2,3,7,13,23,37,47",2^2 * 3^1 * 7^1 * 13^2 * 23^1 * 37^1 * 47^1,0,"5,11,17,19,29,31,41,43,53",
23902,2,"2,11,17,19,37,41,53",2^1 * 11^1 * 17^1 * 19^1 * 37^1 * 41^1 * 53^1,0,"3,5,7,13,23,29,31,43,47",
24024,2,"2,3,5,7,11,13,31",2^3 * 3^1 * 5^2 * 7^1 * 11^1 * 13^1 * 31^2,0,"17,19,23,29,37,41,43,47,53",
24149,2,"2,3,5,7,19,23,31,41",2^1 * 3^1 * 5^2 * 7^1 * 19^1 * 23^1 * 31^1 * 41^1,0,"11,13,17,29,37,43,47,53",
24167,2,"2,3,11,13,19,53",2^3 * 3^1 * 11^1 * 13^3 * 19^1 * 53^1,0,"5,7,17,23,29,31,37,41,43,47",
24272,2,"2,3,29,31,37,41",2^4 * 3^3 * 29^1 * 31^1 * 37^1 * 41^1,0,"5,7,11,13,17,19,23,43,47,53",
24299,2,"2,3,5,11,47",2^2 * 3^5 * 5^2 * 11^1 * 47^2,0,"7,13,17,19,23,29,31,37,41,43,53",
24380,2,"2,3,5,7,23,43,53",2^2 * 3^4 * 5^1 * 7^1 * 23^1 * 43^1 * 53^1,0,"11,13,17,19,29,31,37,41,47",
24768,2,"2,3,17,31,43,47",2^6 * 3^2 * 17^1 * 31^1 * 43^1 * 47^1,0,"5,7,11,13,19,23,29,37,41,53",
24794,2,"2,3,5,7,11,19,23,29",2^1 * 3^2 * 5^1 * 7^2 * 11^1 * 19^1 * 23^1 * 29^1,0,"13,17,31,37,41,43,47,53",
24804,2,"2,3,5,11,13,41,53",2^2 * 3^2 * 5^1 * 11^2 * 13^1 * 41^1 * 53^1,0,"7,17,19,23,29,31,37,43,47",
24863,2,"2,3,7,23,37,47",2^5 * 3^1 * 7^1 * 23^2 * 37^1 * 47^1,0,"5,11,13,17,19,29,31,41,43,53",
24909,2,"2,3,5,19,23,47,53",2^1 * 3^1 * 5^1 * 19^2 * 23^1 * 47^1 * 53^1,0,"7,11,13,17,29,31,37,41,43",
25024,2,"2,5,7,11,13,17,23",2^6 * 5^2 * 7^1 * 11^1 * 13^1 * 17^1 * 23^1,0,"3,19,29,31,37,41,43,47,53",
25584,2,"2,3,5,7,13,17,41,43",2^4 * 3^1 * 5^1 * 7^1 * 13^1 * 17^1 * 41^1 * 43^1,0,"11,19,23,29,31,37,47,53",
25599,2,"2,3,5,7,23,53",2^10 * 3^1 * 5^2 * 7^1 * 23^1 * 53^1,0,"11,13,17,19,29,31,37,41,43,47",
25839,2,"2,3,5,11,17,19,29",2^4 * 3^4 * 5^1 * 11^1 * 17^1 * 19^1 * 29^1,0,"7,13,23,31,37,41,43,47,53",
25920,2,"2,3,5,7,23",2^6 * 3^4 * 5^1 * 7^2 * 23^2,0,"11,13,17,19,29,31,37,41,43,47,53",
26010,2,"2,3,5,17,19,37",2^1 * 3^2 * 5^1 * 17^2 * 19^1 * 37^2,0,"7,11,13,23,29,31,41,43,47,53",
26649,2,"2,3,5,7,13,41,47",2^1 * 3^4 * 5^2 * 7^1 * 13^1 * 41^1 * 47^1,0,"11,17,19,23,29,31,37,43,53",
26978,2,"2,3,7,17,23,41,47",2^1 * 3^1 * 7^1 * 17^1 * 23^2 * 41^1 * 47^1,0,"5,11,13,19,29,31,37,43,53",
26999,2,"2,3,5,7,19,29",2^3 * 3^3 * 5^3 * 7^2 * 19^1 * 29^1,0,"11,13,17,23,31,37,41,43,47,53",
27047,2,"2,3,7,17,23,37,43",2^3 * 3^1 * 7^2 * 17^1 * 23^1 * 37^1 * 43^1,0,"5,11,13,19,29,31,41,47,53",
27347,2,"2,3,23,29,41,43,53",2^2 * 3^1 * 23^1 * 29^1 * 41^1 * 43^1 * 53^1,0,"5,7,11,13,17,19,31,37,47",
27404,2,"2,3,5,7,13,17,29,31",2^2 * 3^3 * 5^1 * 7^1 * 13^1 * 17^1 * 29^1 * 31^1,0,"11,19,23,37,41,43,47,53",
27454,2,"2,5,7,17,19,37,53",2^1 * 5^1 * 7^1 * 17^2 * 19^1 * 37^1 * 53^1,0,"3,11,13,23,29,31,41,43,47",
27455,2,"2,3,5,11,13,17,19",2^6 * 3^1 * 5^1 * 11^1 * 13^1 * 17^2 * 19^1,0,"7,23,29,31,37,41,43,47,53",
27675,2,"2,3,5,11,17,37,41",2^2 * 3^3 * 5^2 * 11^1 * 17^1 * 37^1 * 41^1,0,"7,13,19,23,29,31,43,47,53",
27824,2,"2,3,5,7,37,47,53",2^4 * 3^1 * 5^2 * 7^1 * 37^1 * 47^1 * 53^1,0,"11,13,17,19,23,29,31,41,43",
27930,2,"2,3,5,7,17,19,31,53",2^1 * 3^1 * 5^1 * 7^2 * 17^1 * 19^1 * 31^1 * 53^1,0,"11,13,23,29,37,41,43,47",
27950,2,"2,3,5,7,11,13,43",2^1 * 3^1 * 5^2 * 7^1 * 11^3 * 13^1 * 43^1,0,"17,19,23,29,31,37,41,47,53",
28125,2,"2,3,5,7,41",2^1 * 3^2 * 5^5 * 7^3 * 41^1,0,"11,13,17,19,23,29,31,37,43,47,53",
28560,2,"2,3,5,7,13,17",2^4 * 3^1 * 5^1 * 7^1 * 13^4 * 17^1,0,"11,19,23,29,31,37,41,43,47,53",
28566,2,"2,3,7,11,23,53",2^1 * 3^3 * 7^2 * 11^1 * 23^2 * 53^1,0,"5,13,17,19,29,31,37,41,43,47",
28576,2,"2,17,19,41,47",2^5 * 17^1 * 19^1 * 41^2 * 47^1,0,"3,5,7,11,13,23,29,31,37,43,53",
28594,2,"2,5,7,17,19,29,43",2^1 * 5^1 * 7^1 * 17^1 * 19^1 * 29^2 * 43^1,0,"3,11,13,23,31,37,41,47,53",
28749,2,"2,3,5,7,23,37",2^1 * 3^1 * 5^4 * 7^1 * 23^1 * 37^2,0,"11,13,17,19,29,31,41,43,47,53",
28860,2,"2,3,5,7,13,19,31,37",2^2 * 3^1 * 5^1 * 7^2 * 13^1 * 19^1 * 31^1 * 37^1,0,"11,17,23,29,41,43,47,53",
28899,2,"2,3,5,13,17,19",2^2 * 3^2 * 5^2 * 13^2 * 17^2 * 19^1,0,"7,11,23,29,31,37,41,43,47,53",
29232,2,"2,3,7,23,29,31,41",2^4 * 3^2 * 7^1 * 23^1 * 29^1 * 31^1 * 41^1,0,"5,11,13,17,19,37,43,47,53",
29240,2,"2,3,5,17,19,43",2^3 * 3^4 * 5^1 * 17^1 * 19^2 * 43^1,0,"7,11,13,23,29,31,37,41,47,53",
29325,2,"2,3,5,11,17,23,31,43",2^1 * 3^1 * 5^2 * 11^1 * 17^1 * 23^1 * 31^1 * 43^1,0,"7,13,19,29,37,41,47,53",
29375,2,"2,3,5,17,47",2^6 * 3^3 * 5^4 * 17^1 * 47^1,0,"7,11,13,19,23,29,31,37,41,43,53",
29574,2,"2,3,5,7,13,31,53",2^1 * 3^2 * 5^2 * 7^1 * 13^2 * 31^1 * 53^1,0,"11,17,19,23,29,37,41,43,47",
29600,2,"2,3,5,11,13,23,37",2^5 * 3^2 * 5^2 * 11^1 * 13^1 * 23^1 * 37^1,0,"7,17,19,29,31,41,43,47,53",
29601,2,"2,3,11,13,19,23,41",2^1 * 3^2 * 11^1 * 13^1 * 19^2 * 23^1 * 41^1,0,"5,7,17,29,31,37,43,47,53",
29791,2,"2,7,19,31",2^5 * 7^2 * 19^1 * 31^3,0,"3,5,11,13,17,23,29,37,41,43,47,53",
29970,2,"2,3,5,17,37,41,43",2^1 * 3^4 * 5^1 * 17^1 * 37^1 * 41^1 * 43^1,0,"7,11,13,19,23,29,31,47,53",
30315,2,"2,3,5,11,13,43,47,53",2^2 * 3^1 * 5^1 * 11^1 * 13^1 * 43^1 * 47^1 * 53^1,0,"7,17,19,23,29,31,37,41",
30380,2,"2,3,5,7,13,19,31,41",2^2 * 3^1 * 5^1 * 7^2 * 13^1 * 19^1 * 31^1 * 41^1,0,"11,17,23,29,37,43,47,53",
30624,2,"2,3,5,7,11,29",2^5 * 3^1 * 5^4 * 7^2 * 11^1 * 29^1,0,"13,17,19,23,31,37,41,43,47,53",
30855,2,"2,3,5,7,11,17,19,29",2^3 * 3^1 * 5^1 * 7^1 * 11^2 * 17^1 * 19^1 * 29^1,0,"13,23,31,37,41,43,47,53",
31160,2,"2,3,5,13,17,19,41,47",2^3 * 3^1 * 5^1 * 13^1 * 17^1 * 19^1 * 41^1 * 47^1,0,"7,11,23,29,31,37,43,53",
31212,2,"2,3,7,13,17",2^2 * 3^3 * 7^4 * 13^1 * 17^2,0,"5,11,19,23,29,31,37,41,43,47,53",
31217,2,"2,3,11,19,31,43,53",2^1 * 3^1 * 11^2 * 19^1 * 31^1 * 43^1 * 53^1,0,"5,7,13,17,23,29,37,41,47",
31349,2,"2,3,5,11,19,23,29,47",2^1 * 3^1 * 5^2 * 11^1 * 19^1 * 23^1 * 29^1 * 47^1,0,"7,13,17,31,37,41,43,53",
31433,2,"2,3,13,17,31,43",2^1 * 3^1 * 13^2 * 17^1 * 31^1 * 43^2,0,"5,7,11,19,23,29,37,41,47,53",
31464,2,"2,3,5,7,19,23,29,31",2^3 * 3^2 * 5^1 * 7^1 * 19^1 * 23^1 * 29^1 * 31^1,0,"11,13,17,37,41,43,47,53",
31487,2,"2,3,23,37,41",2^8 * 3^1 * 23^1 * 37^2 * 41^1,0,"5,7,11,13,17,19,29,31,43,47,53",
31899,2,"2,3,5,7,11,29,31",2^2 * 3^1 * 5^2 * 7^3 * 11^1 * 29^1 * 31^1,0,"13,17,19,23,37,41,43,47,53",
32383,2,"2,11,13,23,47,53",2^7 * 11^1 * 13^1 * 23^1 * 47^1 * 53^1,0,"3,5,7,17,19,29,31,37,41,43",
32759,2,"2,3,5,7,13,17,41,47",2^3 * 3^2 * 5^1 * 7^1 * 13^1 * 17^1 * 41^1 * 47^1,0,"11,19,23,29,31,37,43,53",
32798,2,"2,3,13,23,29,31",2^1 * 3^1 * 13^1 * 23^2 * 29^2 * 31^1,0,"5,7,11,17,19,37,41,43,47,53",
32799,2,"2,3,5,13,29,41",2^5 * 3^1 * 5^2 * 13^1 * 29^2 * 41^1,0,"7,11,17,19,23,31,37,43,47,53",
32912,2,"2,3,11,17,23,53",2^4 * 3^3 * 11^2 * 17^1 * 23^1 * 53^1,0,"5,7,13,19,29,31,37,41,43,47",
33124,2,"2,5,7,13,53",2^2 * 5^4 * 7^2 * 13^2 * 53^1,0,"3,11,17,19,23,29,31,37,41,43,47",
33263,2,"2,3,7,11,29,31,37",2^4 * 3^3 * 7^1 * 11^1 * 29^1 * 31^1 * 37^1,0,"5,13,17,19,23,41,43,47,53",
33669,2,"2,3,5,7,13,29,37,43",2^1 * 3^3 * 5^1 * 7^1 * 13^1 * 29^1 * 37^1 * 43^1,0,"11,17,19,23,31,41,47,53",
33813,2,"2,3,11,13,17,29,53",2^1 * 3^2 * 11^1 * 13^1 * 17^2 * 29^1 * 53^1,0,"5,7,19,23,31,37,41,43,47",
34224,2,"2,3,5,23,31,37",2^4 * 3^1 * 5^2 * 23^1 * 31^1 * 37^2,0,"7,11,13,17,19,29,41,43,47,53",
34595,2,"2,3,5,11,17,31,37",2^2 * 3^2 * 5^1 * 11^1 * 17^1 * 31^2 * 37^1,0,"7,13,19,23,29,41,43,47,53",
34874,2,"2,3,5,7,31,47,53",2^1 * 3^2 * 5^3 * 7^1 * 31^1 * 47^1 * 53^1,0,"11,13,17,19,23,29,37,41,43",
34968,2,"2,3,11,17,31,47",2^3 * 3^1 * 11^2 * 17^2 * 31^1 * 47^1,0,"5,7,13,19,23,29,37,41,43,53",
35321,2,"2,3,7,11,13,19,29",2^1 * 3^1 * 7^1 * 11^1 * 13^2 * 19^1 * 29^2,0,"5,17,23,31,37,41,43,47,53",
35343,2,"2,3,7,11,17,47",2^4 * 3^3 * 7^1 * 11^1 * 17^1 * 47^2,0,"5,13,19,23,29,31,37,41,43,53",
35672,2,"2,3,7,11,13,23,47",2^3 * 3^1 * 7^3 * 11^1 * 13^1 * 23^1 * 47^1,0,"5,17,19,29,31,37,41,43,53",
35720,2,"2,3,5,7,19,47",2^3 * 3^6 * 5^1 * 7^2 * 19^1 * 47^1,0,"11,13,17,23,29,31,37,41,43,53",
35775,2,"2,3,5,13,43,53",2^6 * 3^3 * 5^2 * 13^1 * 43^1 * 53^1,0,"7,11,17,19,23,29,31,37,41,47",
35815,2,"2,5,11,13,19,29,37",2^3 * 5^1 * 11^2 * 13^1 * 19^1 * 29^1 * 37^1,0,"3,7,17,23,31,41,43,47,53",
36162,2,"2,3,7,29,41,43",2^1 * 3^2 * 7^2 * 29^2 * 41^1 * 43^1,0,"5,11,13,17,19,23,31,37,47,53",
36464,2,"2,3,5,11,13,17,43,53",2^4 * 3^1 * 5^1 * 11^1 * 13^1 * 17^1 * 43^1 * 53^1,0,"7,19,23,29,31,37,41,47",
36517,2,"2,13,19,31,53",2^1 * 13^1 * 19^1 * 31^2 * 53^2,0,"3,5,7,11,17,23,29,37,41,43,47",
36518,2,"2,3,7,19,31,37,47",2^1 * 3^1 * 7^1 * 19^1 * 31^2 * 37^1 * 47^1,0,"5,11,13,17,23,29,41,43,53",
36800,2,"2,3,5,23,29,47",2^6 * 3^3 * 5^2 * 23^1 * 29^1 * 47^1,0,"7,11,13,17,19,31,37,41,43,53",
37179,2,"2,3,5,11,13,17",2^2 * 3^7 * 5^1 * 11^1 * 13^2 * 17^1,0,"7,19,23,29,31,37,41,43,47,53",
37259,2,"2,3,5,19,23,37,53",2^2 * 3^4 * 5^1 * 19^1 * 23^1 * 37^1 * 53^1,0,"7,11,13,17,29,31,41,43,47",
37323,2,"2,3,7,11,13,29,31,43",2^2 * 3^2 * 7^1 * 11^1 * 13^1 * 29^1 * 31^1 * 43^1,0,"5,17,19,23,37,41,47,53",
37925,2,"2,3,5,7,37,41,43",2^1 * 3^2 * 5^2 * 7^2 * 37^1 * 41^1 * 43^1,0,"11,13,17,19,23,29,31,47,53",
37961,2,"2,3,7,11,17,19,29,37",2^1 * 3^3 * 7^1 * 11^1 * 17^1 * 19^1 * 29^1 * 37^1,0,"5,13,23,31,41,43,47,53",
38399,2,"2,3,5,19,43,47",2^9 * 3^1 * 5^2 * 19^1 * 43^1 * 47^1,0,"7,11,13,17,23,29,31,37,41,53",
38570,2,"2,3,5,7,13,19,23,29,43",2^1 * 3^1 * 5^1 * 7^1 * 13^1 * 19^1 * 23^1 * 29^1 * 43^1,0,"11,17,31,37,41,47,53",
38961,2,"2,3,7,11,13,23,37",2^1 * 3^4 * 7^1 * 11^2 * 13^1 * 23^1 * 37^1,0,"5,17,19,29,31,41,43,47,53",
39150,2,"2,3,5,7,17,29,47",2^1 * 3^3 * 5^2 * 7^2 * 17^1 * 29^1 * 47^1,0,"11,13,19,23,31,37,41,43,53",
39215,2,"2,3,5,11,19,23,31,43",2^4 * 3^1 * 5^1 * 11^1 * 19^1 * 23^1 * 31^1 * 43^1,0,"7,13,17,29,37,41,47,53",
39325,2,"2,5,7,11,13,53",2^1 * 5^2 * 7^1 * 11^2 * 13^1 * 53^2,0,"3,17,19,23,29,31,37,41,43,47",
40204,2,"2,5,11,17,19,23,43",2^2 * 5^1 * 11^1 * 17^1 * 19^1 * 23^2 * 43^1,0,"3,7,13,29,31,37,41,47,53",
40425,2,"2,3,5,7,11,17,29,41",2^1 * 3^1 * 5^2 * 7^2 * 11^1 * 17^1 * 29^1 * 41^1,0,"13,19,23,31,37,43,47,53",
40959,2,"2,3,5,37,41",2^13 * 3^3 * 5^1 * 37^1 * 41^1,0,"7,11,13,17,19,23,29,31,43,47,53",
41040,2,"2,3,5,7,11,13,19,41",2^4 * 3^3 * 5^1 * 7^1 * 11^1 * 13^1 * 19^1 * 41^1,0,"17,23,29,31,37,43,47,53",
41261,2,"2,3,11,13,23,31",2^1 * 3^1 * 11^3 * 13^1 * 23^2 * 31^1,0,"5,7,17,19,29,37,41,43,47,53",
41327,2,"2,3,7,11,13,17,41",2^4 * 3^2 * 7^1 * 11^1 * 13^1 * 17^2 * 41^1,0,"5,19,23,29,31,37,43,47,53",
41514,2,"2,3,5,11,17,19,23,37",2^1 * 3^1 * 5^1 * 11^1 * 17^1 * 19^2 * 23^1 * 37^1,0,"7,13,29,31,41,43,47,53",
41552,2,"2,3,7,19,53",2^4 * 3^7 * 7^2 * 19^1 * 53^1,0,"5,11,13,17,23,29,31,37,41,43,47",
41615,2,"2,3,5,7,17,29,41",2^4 * 3^2 * 5^1 * 7^1 * 17^2 * 29^1 * 41^1,0,"11,13,19,23,31,37,43,47,53",
41624,2,"2,3,5,11,37,43",2^3 * 3^2 * 5^3 * 11^2 * 37^1 * 43^1,0,"7,13,17,19,23,29,31,41,47,53",
41876,2,"2,3,11,19,29,47",2^2 * 3^4 * 11^1 * 19^2 * 29^1 * 47^1,0,"5,7,13,17,23,31,37,41,43,53",
42159,2,"2,3,5,13,17,23,31,47",2^4 * 3^1 * 5^1 * 13^1 * 17^1 * 23^1 * 31^1 * 47^1,0,"7,11,19,29,37,41,43,53",
42483,2,"2,3,7,13,17,19,43",2^2 * 3^1 * 7^2 * 13^1 * 17^2 * 19^1 * 43^1,0,"5,11,23,29,31,37,41,47,53",
42624,2,"2,3,5,11,31,37",2^7 * 3^2 * 5^3 * 11^1 * 31^1 * 37^1,0,"7,13,17,19,23,29,41,43,47,53",
42687,2,"2,3,17,23,29,31",2^6 * 3^4 * 17^1 * 23^1 * 29^1 * 31^1,0,"5,7,11,13,19,37,41,43,47,53",
43263,2,"2,3,11,13,19,23",2^8 * 3^2 * 11^1 * 13^2 * 19^1 * 23^1,0,"5,7,17,29,31,37,41,43,47,53",
43400,2,"2,3,5,7,17,23,31,37",2^3 * 3^1 * 5^2 * 7^1 * 17^1 * 23^1 * 31^1 * 37^1,0,"11,13,19,29,41,43,47,53",
43680,2,"2,3,5,7,11,13,19",2^5 * 3^1 * 5^1 * 7^1 * 11^2 * 13^1 * 19^2,0,"17,23,29,31,37,41,43,47,53",
43757,2,"2,3,7,11,13,17,19,47",2^1 * 3^2 * 7^2 * 11^1 * 13^1 * 17^1 * 19^1 * 47^1,0,"5,23,29,31,37,41,43,53",
43992,2,"2,3,13,29,37,41,47",2^3 * 3^2 * 13^1 * 29^1 * 37^1 * 41^1 * 47^1,0,"5,7,11,17,19,23,31,43,53",
44505,2,"2,3,5,7,11,17,23,43",2^1 * 3^2 * 5^1 * 7^1 * 11^1 * 17^2 * 23^1 * 43^1,0,"13,19,29,31,37,41,47,53",
44573,2,"2,3,17,19,23,29,53",2^1 * 3^1 * 17^1 * 19^1 * 23^1 * 29^2 * 53^1,0,"5,7,11,13,31,37,41,43,47",
44649,2,"2,3,5,11,19,41,47",2^1 * 3^2 * 5^2 * 11^2 * 19^1 * 41^1 * 47^1,0,"7,13,17,23,29,31,37,43,53",
44891,2,"2,3,7,11,29,43,53",2^2 * 3^2 * 7^1 * 11^2 * 29^1 * 43^1 * 53^1,0,"5,13,17,19,23,31,37,41,47",
44954,2,"2,3,5,7,13,19,37",2^1 * 3^5 * 5^1 * 7^1 * 13^2 * 19^1 * 37^1,0,"11,17,23,29,31,41,43,47,53",
45632,2,"2,3,7,23,31,41,53",2^6 * 3^1 * 7^1 * 23^1 * 31^1 * 41^1 * 53^1,0,"5,11,13,17,19,29,37,43,47",
45695,2,"2,3,5,7,13,17,19,37",2^7 * 3^1 * 5^1 * 7^1 * 13^1 * 17^1 * 19^1 * 37^1,0,"11,23,29,31,41,43,47,53",
46207,2,"2,7,19,23,41",2^7 * 7^2 * 19^2 * 23^1 * 41^1,0,"3,5,11,13,17,29,31,37,43,47,53",
46375,2,"2,5,7,11,17,31,53",2^3 * 5^3 * 7^1 * 11^1 * 17^1 * 31^1 * 53^1,0,"3,13,19,23,29,37,41,43,47",
46529,2,"2,3,5,7,11,17,23,47",2^1 * 3^2 * 5^1 * 7^1 * 11^1 * 17^2 * 23^1 * 47^1,0,"13,19,29,31,37,41,43,53",
46655,2,"2,3,5,7,31,43",2^6 * 3^6 * 5^1 * 7^1 * 31^1 * 43^1,0,"11,13,17,19,23,29,37,41,47,53",
47124,2,"2,3,5,7,11,13,17,29",2^2 * 3^2 * 5^3 * 7^1 * 11^1 * 13^1 * 17^1 * 29^1,0,"19,23,31,37,41,43,47,53",
47150,2,"2,3,5,13,23,31,41",2^1 * 3^2 * 5^2 * 13^2 * 23^1 * 31^1 * 41^1,0,"7,11,17,19,29,37,43,47,53",
47328,2,"2,3,17,19,29,47,53",2^5 * 3^1 * 17^1 * 19^1 * 29^1 * 47^1 * 53^1,0,"5,7,11,13,23,31,37,41,43",
47385,2,"2,3,5,13,19,29,43",2^1 * 3^6 * 5^1 * 13^1 * 19^1 * 29^1 * 43^1,0,"7,11,17,23,31,37,41,47,53",
47600,2,"2,3,5,7,17,41,43",2^4 * 3^3 * 5^2 * 7^1 * 17^1 * 41^1 * 43^1,0,"11,13,19,23,29,31,37,47,53",
47915,2,"2,3,5,7,11,37",2^2 * 3^2 * 5^1 * 7^1 * 11^3 * 37^2,0,"13,17,19,23,29,31,41,43,47,53",
48174,2,"2,3,5,7,31,37,41,47",2^1 * 3^1 * 5^2 * 7^1 * 31^1 * 37^1 * 41^1 * 47^1,0,"11,13,17,19,23,29,43,53",
48503,2,"2,3,7,13,41,43,47",2^3 * 3^1 * 7^1 * 13^2 * 41^1 * 43^1 * 47^1,0,"5,11,17,19,23,29,31,37,53",
48749,2,"2,3,5,13,29,41",2^1 * 3^1 * 5^4 * 13^1 * 29^1 * 41^2,0,"7,11,17,19,23,31,37,43,47,53",
48762,2,"2,3,7,11,13,31,43",2^1 * 3^4 * 7^1 * 11^2 * 13^1 * 31^1 * 43^1,0,"5,17,19,23,29,37,41,47,53",
48840,2,"2,3,5,11,13,17,37",2^3 * 3^1 * 5^1 * 11^1 * 13^2 * 17^2 * 37^1,0,"7,19,23,29,31,41,43,47,53",
49010,2,"2,3,5,13,17,29,31",2^1 * 3^1 * 5^1 * 13^2 * 17^1 * 29^1 * 31^2,0,"7,11,19,23,37,41,43,47,53",
49247,2,"2,3,11,19,37",2^5 * 3^4 * 11^3 * 19^1 * 37^1,0,"5,7,13,17,23,29,31,41,43,47,53",
49725,2,"2,3,5,13,17,23,47",2^1 * 3^2 * 5^2 * 13^1 * 17^1 * 23^2 * 47^1,0,"7,11,19,29,31,37,41,43,53",
49979,2,"2,3,5,7,17,23,41,53",2^2 * 3^1 * 5^1 * 7^2 * 17^1 * 23^1 * 41^1 * 53^1,0,"11,13,19,29,31,37,43,47",
50024,2,"2,3,5,13,23,29,37",2^3 * 3^1 * 5^2 * 13^2 * 23^1 * 29^1 * 37^1,0,"7,11,17,19,31,41,43,47,53",
50336,2,"2,3,7,11,13,17,47",2^5 * 3^2 * 7^1 * 11^2 * 13^1 * 17^1 * 47^1,0,"5,19,23,29,31,37,41,43,53",
50430,2,"2,3,5,29,37,41,47",2^1 * 3^1 * 5^1 * 29^1 * 37^1 * 41^2 * 47^1,0,"7,11,13,17,19,23,31,43,53",
50653,2,"2,19,31,37,43",2^1 * 19^1 * 31^1 * 37^3 * 43^1,0,"3,5,7,11,13,17,23,29,41,47,53",
52029,2,"2,3,5,11,41,43,47",2^1 * 3^3 * 5^1 * 11^2 * 41^1 * 43^1 * 47^1,0,"7,13,17,19,23,29,31,37,53",
52325,2,"2,3,5,7,13,17,19,23",2^1 * 3^4 * 5^2 * 7^1 * 13^1 * 17^1 * 19^1 * 23^1,0,"11,29,31,37,41,43,47,53",
52416,2,"2,3,7,13,23,43,53",2^6 * 3^2 * 7^1 * 13^1 * 23^1 * 43^1 * 53^1,0,"5,11,17,19,29,31,37,41,47",
52479,2,"2,3,5,7,17,41",2^8 * 3^2 * 5^1 * 7^3 * 17^1 * 41^1,0,"11,13,19,23,29,31,37,43,47,53",
52576,2,"2,7,29,31,37,53",2^5 * 7^2 * 29^1 * 31^1 * 37^1 * 53^1,0,"3,5,11,13,17,19,23,41,43,47",
53360,2,"2,3,5,7,11,23,29",2^4 * 3^2 * 5^1 * 7^2 * 11^2 * 23^1 * 29^1,0,"13,17,19,31,37,41,43,47,53",
53504,2,"2,3,5,11,19,29,41",2^8 * 3^2 * 5^1 * 11^1 * 19^1 * 29^1 * 41^1,0,"7,13,17,23,31,37,43,47,53",
53750,2,"2,3,5,19,23,41,43",2^1 * 3^1 * 5^4 * 19^1 * 23^1 * 41^1 * 43^1,0,"7,11,13,17,29,31,37,47,53",
54144,2,"2,3,5,7,13,17,47",2^7 * 3^2 * 5^1 * 7^2 * 13^1 * 17^1 * 47^1,0,"11,19,23,29,31,37,41,43,53",
55055,2,"2,3,5,7,11,13,31,37",2^4 * 3^1 * 5^1 * 7^1 * 11^2 * 13^1 * 31^1 * 37^1,0,"17,19,23,29,41,43,47,53",
55384,2,"2,5,7,11,19,23,43,53",2^3 * 5^1 * 7^1 * 11^1 * 19^1 * 23^1 * 43^1 * 53^1,0,"3,13,17,29,31,37,41,47",
56202,2,"2,3,7,17,19,29,31,37",2^1 * 3^1 * 7^2 * 17^1 * 19^1 * 29^1 * 31^1 * 37^1,0,"5,11,13,23,41,43,47,53",
56375,2,"2,3,5,11,29,41",2^3 * 3^5 * 5^3 * 11^1 * 29^1 * 41^1,0,"7,13,17,19,23,31,37,43,47,53",
56869,2,"2,5,11,29,37,47,53",2^1 * 5^1 * 11^2 * 29^1 * 37^1 * 47^1 * 53^1,0,"3,7,13,17,19,23,31,41,43",
57239,2,"2,3,5,7,13,17,37,53",2^3 * 3^3 * 5^1 * 7^1 * 13^1 * 17^1 * 37^1 * 53^1,0,"11,19,23,29,31,41,43,47",
57399,2,"2,3,5,7,19,41,53",2^3 * 3^1 * 5^2 * 7^1 * 19^2 * 41^1 * 53^1,0,"11,13,17,23,29,31,37,43,47",
58310,2,"2,3,5,7,11,17,19,31",2^1 * 3^2 * 5^1 * 7^3 * 11^1 * 17^1 * 19^1 * 31^1,0,"13,23,29,37,41,43,47,53",
58564,2,"2,5,11,13,17,53",2^2 * 5^1 * 11^4 * 13^1 * 17^1 * 53^1,0,"3,7,19,23,29,31,37,41,43,47",
58608,2,"2,3,11,29,37,43,47",2^4 * 3^2 * 11^1 * 29^1 * 37^1 * 43^1 * 47^1,0,"5,7,13,17,19,23,31,41,53",
58652,2,"2,3,7,11,19,31,43",2^2 * 3^2 * 7^3 * 11^1 * 19^1 * 31^1 * 43^1,0,"5,13,17,23,29,37,41,47,53",
58695,2,"2,3,5,7,11,13,23,29,43",2^3 * 3^1 * 5^1 * 7^1 * 11^1 * 13^1 * 23^1 * 29^1 * 43^1,0,"17,19,31,37,41,47,53",
58995,2,"2,3,5,7,19,23,43",2^2 * 3^3 * 5^1 * 7^3 * 19^1 * 23^1 * 43^1,0,"11,13,17,29,31,37,41,47,53",
59125,2,"2,5,11,17,37,43,47",2^1 * 5^3 * 11^1 * 17^1 * 37^1 * 43^1 * 47^1,0,"3,7,13,19,23,29,31,41,53",
59643,2,"2,3,13,31,37,47",2^2 * 3^3 * 13^1 * 31^1 * 37^1 * 47^2,0,"5,7,11,17,19,23,29,41,43,53",
59942,2,"2,3,13,17,29,41,43,53",2^1 * 3^1 * 13^1 * 17^1 * 29^1 * 41^1 * 43^1 * 53^1,0,"5,7,11,19,23,31,37,47",
60515,2,"2,3,5,7,13,19,41",2^2 * 3^2 * 5^1 * 7^2 * 13^1 * 19^1 * 41^2,0,"11,17,23,29,31,37,43,47,53",
60543,2,"2,3,7,11,31,43",2^7 * 3^2 * 7^1 * 11^1 * 31^2 * 43^1,0,"5,13,17,19,23,29,37,41,47,53",
60605,2,"2,3,5,7,13,17,23,31,37",2^1 * 3^2 * 5^1 * 7^1 * 13^1 * 17^1 * 23^1 * 31^1 * 37^1,0,"11,19,29,41,43,47,53",
61008,2,"2,3,13,19,31,41",2^4 * 3^1 * 13^2 * 19^2 * 31^1 * 41^1,0,"5,7,11,17,23,29,37,43,47,53",
61335,2,"2,3,5,11,17,29,41,47",2^3 * 3^2 * 5^1 * 11^1 * 17^1 * 29^1 * 41^1 * 47^1,0,"7,13,19,23,31,37,43,53",
61479,2,"2,3,5,11,23,29,53",2^3 * 3^5 * 5^1 * 11^1 * 23^1 * 29^1 * 53^1,0,"7,13,17,19,31,37,41,43,47",
62698,2,"2,7,13,23,29,47,53",2^1 * 7^1 * 13^2 * 23^1 * 29^1 * 47^1 * 53^1,0,"3,5,11,17,19,31,37,41,43",
62699,2,"2,3,5,7,11,13,19,53",2^2 * 3^1 * 5^2 * 7^1 * 11^1 * 13^2 * 19^1 * 53^1,0,"17,23,29,31,37,41,43,47",
63426,2,"2,3,7,11,13,17,31,41",2^1 * 3^1 * 7^1 * 11^1 * 13^1 * 17^1 * 31^2 * 41^1,0,"5,19,23,29,37,43,47,53",
63713,2,"2,3,7,13,29,37,41",2^1 * 3^1 * 7^1 * 13^3 * 29^1 * 37^1 * 41^1,0,"5,11,17,19,23,31,43,47,53",
64124,2,"2,3,5,17,19,23,41",2^2 * 3^3 * 5^3 * 17^1 * 19^1 * 23^1 * 41^1,0,"7,11,13,29,31,37,43,47,53",
64448,2,"2,3,7,11,19,31,53",2^6 * 3^3 * 7^1 * 11^1 * 19^1 * 31^1 * 53^1,0,"5,13,17,23,29,37,41,43,47",
66091,2,"2,13,29,31,41,43,53",2^2 * 13^1 * 29^1 * 31^1 * 41^1 * 43^1 * 53^1,0,"3,5,7,11,17,19,23,37,47",
66176,2,"2,3,11,19,43,47",2^7 * 3^4 * 11^1 * 19^1 * 43^1 * 47^1,0,"5,7,13,17,23,29,31,37,41,53",
66975,2,"2,3,5,7,13,19,23,47",2^5 * 3^1 * 5^2 * 7^1 * 13^1 * 19^1 * 23^1 * 47^1,0,"11,17,29,31,37,41,43,53",
67080,2,"2,3,5,7,13,37,43",2^3 * 3^1 * 5^1 * 7^2 * 13^1 * 37^2 * 43^1,0,"11,17,19,23,29,31,41,47,53",
67424,2,"2,3,5,7,29,31,43",2^5 * 3^1 * 5^2 * 7^2 * 29^1 * 31^1 * 43^1,0,"11,13,17,19,23,37,41,47,53",
67599,2,"2,3,5,7,13,29,37",2^4 * 3^2 * 5^2 * 7^1 * 13^2 * 29^1 * 37^1,0,"11,17,19,23,31,41,43,47,53",
67914,2,"2,3,5,7,11,17,47",2^1 * 3^2 * 5^1 * 7^3 * 11^1 * 17^2 * 47^1,0,"13,19,23,29,31,37,41,43,53",
68264,2,"2,3,5,7,23,37,41,53",2^3 * 3^2 * 5^1 * 7^1 * 23^1 * 37^1 * 41^1 * 53^1,0,"11,13,17,19,29,31,43,47",
68634,2,"2,3,5,7,31,37,41,53",2^1 * 3^3 * 5^1 * 7^1 * 31^1 * 37^1 * 41^1 * 53^1,0,"11,13,17,19,23,29,43,47",
68782,2,"2,7,11,13,17,37",2^1 * 7^1 * 11^1 * 13^2 * 17^3 * 37^1,0,"3,5,19,23,29,31,41,43,47,53",
69874,2,"2,5,7,13,23,31,43",2^1 * 5^3 * 7^2 * 13^1 * 23^1 * 31^1 * 43^1,0,"3,11,17,19,29,37,41,47,53",
70224,2,"2,3,5,7,11,19,53",2^4 * 3^1 * 5^2 * 7^1 * 11^1 * 19^1 * 53^2,0,"13,17,23,29,31,37,41,43,47",
70356,2,"2,3,7,11,13,19,23,41",2^2 * 3^1 * 7^1 * 11^1 * 13^1 * 19^1 * 23^2 * 41^1,0,"5,17,29,31,37,43,47,53",
70499,2,"2,3,5,11,13,17,29,47",2^2 * 3^1 * 5^3 * 11^1 * 13^1 * 17^1 * 29^1 * 47^1,0,"7,19,23,31,37,41,43,53",
70875,2,"2,3,5,7,13,29,47",2^2 * 3^4 * 5^3 * 7^1 * 13^1 * 29^1 * 47^1,0,"11,17,19,23,31,37,41,43,53",
71299,2,"2,5,23,31,37,41,47",2^2 * 5^2 * 23^1 * 31^1 * 37^1 * 41^1 * 47^1,0,"3,7,11,13,17,19,29,43,53",
71484,2,"2,3,5,7,17,23,29,37",2^2 * 3^1 * 5^1 * 7^1 * 17^1 * 23^1 * 29^2 * 37^1,0,"11,13,19,31,41,43,47,53",
71874,2,"2,3,5,11,23",2^1 * 3^3 * 5^5 * 11^3 * 23^1,0,"7,13,17,19,29,31,37,41,43,47,53",
72239,2,"2,3,5,7,29,43,47,53",2^4 * 3^1 * 5^1 * 7^1 * 29^1 * 43^1 * 47^1 * 53^1,0,"11,13,17,19,23,31,37,41",
72500,2,"2,3,5,11,13,29",2^2 * 3^1 * 5^4 * 11^1 * 13^3 * 29^1,0,"7,17,19,23,31,37,41,43,47,53",
73185,2,"2,3,5,7,17,23,37,41,43",2^1 * 3^1 * 5^1 * 7^1 * 17^1 * 23^1 * 37^1 * 41^1 * 43^1,0,"11,13,19,29,31,47,53",
73695,2,"2,3,5,7,17,47",2^5 * 3^1 * 5^1 * 7^2 * 17^3 * 47^1,0,"11,13,19,23,29,31,37,41,43,53",
75140,2,"2,3,5,11,13,17,23",2^2 * 3^3 * 5^1 * 11^2 * 13^1 * 17^2 * 23^1,0,"7,19,29,31,37,41,43,47,53",
75809,2,"2,3,5,7,19,41,43",2^1 * 3^1 * 5^1 * 7^1 * 19^2 * 41^1 * 43^2,0,"11,13,17,23,29,31,37,47,53",
75999,2,"2,3,5,7,11,19,47",2^5 * 3^1 * 5^3 * 7^2 * 11^1 * 19^1 * 47^1,0,"13,17,23,29,31,37,41,43,53",
76383,2,"2,3,7,11,23,31,41",2^5 * 3^4 * 7^1 * 11^1 * 23^1 * 31^1 * 41^1,0,"5,13,17,19,29,37,43,47,53",
76531,2,"2,7,13,19,29,53",2^2 * 7^1 * 13^1 * 19^2 * 29^2 * 53^1,0,"3,5,11,17,23,31,37,41,43,47",
76544,2,"2,3,5,7,13,23",2^8 * 3^7 * 5^1 * 7^1 * 13^1 * 23^1,0,"11,17,19,29,31,37,41,43,47,53",
76704,2,"2,3,5,17,23,29,47",2^5 * 3^1 * 5^1 * 17^1 * 23^2 * 29^1 * 47^1,0,"7,11,13,19,31,37,41,43,53",
76797,2,"2,3,7,19,23,43,47,53",2^1 * 3^2 * 7^1 * 19^1 * 23^1 * 43^1 * 47^1 * 53^1,0,"5,11,13,17,29,31,37,41",
76874,2,"2,3,5,7,17,19,41",2^1 * 3^1 * 5^4 * 7^1 * 17^2 * 19^1 * 41^1,0,"11,13,23,29,31,37,43,47,53",
77220,2,"2,3,5,11,13,31,47,53",2^2 * 3^3 * 5^1 * 11^1 * 13^1 * 31^1 * 47^1 * 53^1,0,"7,17,19,23,29,37,41,43",
77314,2,"2,5,7,29,31,43,47",2^1 * 5^1 * 7^1 * 29^1 * 31^1 * 43^1 * 47^2,0,"3,11,13,17,19,23,37,41,53",
77440,2,"2,5,7,11,13,23,37",2^7 * 5^1 * 7^1 * 11^2 * 13^1 * 23^1 * 37^1,0,"3,17,19,29,31,41,43,47,53",
77571,2,"2,3,11,13,17,41,43",2^2 * 3^3 * 11^1 * 13^2 * 17^1 * 41^1 * 43^1,0,"5,7,19,23,29,31,37,47,53",
77615,2,"2,3,5,7,11,19,43",2^4 * 3^2 * 5^1 * 7^2 * 11^1 * 19^2 * 43^1,0,"13,17,23,29,31,37,41,47,53",
78336,2,"2,3,7,17,19,31",2^9 * 3^2 * 7^1 * 17^1 * 19^2 * 31^1,0,"5,11,13,23,29,37,41,43,47,53",
78584,2,"2,3,5,11,13,19,31,47",2^3 * 3^1 * 5^1 * 11^1 * 13^2 * 19^1 * 31^1 * 47^1,0,"7,17,23,29,37,41,43,53",
78624,2,"2,3,5,7,13,17,37",2^5 * 3^3 * 5^3 * 7^1 * 13^1 * 17^1 * 37^1,0,"11,19,23,29,31,41,43,47,53",
79764,2,"2,3,5,7,17,23,43,53",2^2 * 3^1 * 5^1 * 7^1 * 17^2 * 23^1 * 43^1 * 53^1,0,"11,13,19,29,31,37,41,47",
80135,2,"2,3,5,7,11,31,47,53",2^3 * 3^3 * 5^1 * 7^1 * 11^1 * 31^1 * 47^1 * 53^1,0,"13,17,19,23,29,37,41,43",
80919,2,"2,3,5,7,17,37",2^3 * 3^7 * 5^1 * 7^1 * 17^2 * 37^1,0,"11,13,19,23,29,31,41,43,47,53",
81344,2,"2,3,5,11,17,29,31,41",2^6 * 3^1 * 5^1 * 11^1 * 17^1 * 29^1 * 31^1 * 41^1,0,"7,13,19,23,37,43,47,53",
81548,2,"2,3,13,17,19,29,37,41",2^2 * 3^2 * 13^1 * 17^1 * 19^1 * 29^1 * 37^1 * 41^1,0,"5,7,11,23,31,43,47,53",
81795,2,"2,3,5,7,11,13,19,41",2^2 * 3^1 * 5^1 * 7^1 * 11^2 * 13^2 * 19^1 * 41^1,0,"17,23,29,31,37,43,47,53",
82250,2,"2,3,5,7,13,19,37,47",2^1 * 3^2 * 5^3 * 7^1 * 13^1 * 19^1 * 37^1 * 47^1,0,"11,17,23,29,31,41,43,53",
82368,2,"2,3,7,11,13,41",2^6 * 3^2 * 7^2 * 11^1 * 13^1 * 41^2,0,"5,17,19,23,29,31,37,43,47,53",
82620,2,"2,3,5,7,11,17,29,37",2^2 * 3^5 * 5^1 * 7^1 * 11^1 * 17^1 * 29^1 * 37^1,0,"13,19,23,31,41,43,47,53",
82943,2,"2,3,7,17,41",2^10 * 3^4 * 7^1 * 17^2 * 41^1,0,"5,11,13,19,23,29,31,37,43,47,53",
83520,2,"2,3,5,17,29",2^6 * 3^2 * 5^1 * 17^4 * 29^1,0,"7,11,13,19,23,31,37,41,43,47,53",
83979,2,"2,3,5,7,13,17,19,31,43",2^2 * 3^2 * 5^1 * 7^1 * 13^1 * 17^1 * 19^1 * 31^1 * 43^1,0,"11,23,29,37,41,47,53",
85063,2,"2,7,11,19,31,37",2^3 * 7^3 * 11^2 * 19^1 * 31^1 * 37^1,0,"3,5,13,17,23,29,41,43,47,53",
87450,2,"2,3,5,7,11,13,31,53",2^1 * 3^1 * 5^2 * 7^1 * 11^1 * 13^1 * 31^2 * 53^1,0,"17,19,23,29,37,41,43,47",
87464,2,"2,3,5,7,13,17,29",2^3 * 3^1 * 5^1 * 7^3 * 13^1 * 17^1 * 29^2,0,"11,19,23,31,37,41,43,47,53",
88319,2,"2,3,5,7,11,23,31,37",2^8 * 3^1 * 5^1 * 7^1 * 11^1 * 23^1 * 31^1 * 37^1,0,"13,17,19,29,41,43,47,53",
88451,2,"2,3,7,11,13,17,43",2^2 * 3^5 * 7^1 * 11^2 * 13^1 * 17^1 * 43^1,0,"5,19,23,29,31,37,41,47,53",
89375,2,"2,3,5,7,11,13,19",2^5 * 3^1 * 5^4 * 7^2 * 11^1 * 13^1 * 19^1,0,"17,23,29,31,37,41,43,47,53",
89999,2,"2,3,5,7,13,23,43",2^4 * 3^2 * 5^4 * 7^1 * 13^1 * 23^1 * 43^1,0,"11,17,19,29,31,37,41,47,53",
90364,2,"2,5,11,19,29,31,41,53",2^2 * 5^1 * 11^1 * 19^1 * 29^1 * 31^1 * 41^1 * 53^1,0,"3,7,13,17,23,37,43,47",
90895,2,"2,5,7,13,19,23,53",2^4 * 5^1 * 7^3 * 13^1 * 19^1 * 23^1 * 53^1,0,"3,11,17,29,31,37,41,43,47",
90944,2,"2,3,5,7,29,43,47",2^6 * 3^2 * 5^1 * 7^2 * 29^1 * 43^1 * 47^1,0,"11,13,17,19,23,31,37,41,53",
91839,2,"2,3,5,7,11,23,41",2^6 * 3^1 * 5^1 * 7^1 * 11^3 * 23^1 * 41^1,0,"13,17,19,29,31,37,43,47,53",
91884,2,"2,3,5,13,17,19,23,31,47",2^2 * 3^1 * 5^1 * 13^1 * 17^1 * 19^1 * 23^1 * 31^1 * 47^1,0,"7,11,29,37,41,43,53",
93092,2,"2,3,7,11,13,17,31,37",2^2 * 3^1 * 7^1 * 11^1 * 13^1 * 17^1 * 31^1 * 37^2,0,"5,19,23,29,41,43,47,53",
93499,2,"2,5,7,11,17,19,37",2^2 * 5^3 * 7^1 * 11^1 * 17^1 * 19^2 * 37^1,0,"3,13,23,29,31,41,43,47,53",
94094,2,"2,3,5,7,11,13,17,41,47",2^1 * 3^3 * 5^1 * 7^1 * 11^1 * 13^1 * 17^1 * 41^1 * 47^1,0,"19,23,29,31,37,43,53",
94299,2,"2,3,5,17,23,41,43",2^2 * 3^1 * 5^2 * 17^1 * 23^1 * 41^1 * 43^2,0,"7,11,13,19,29,31,37,47,53",
94423,2,"2,7,11,29,37,41,47",2^3 * 7^2 * 11^1 * 29^1 * 37^1 * 41^1 * 47^1,0,"3,5,13,17,19,23,31,43,53",
95081,2,"2,3,7,13,17,23,47,53",2^1 * 3^1 * 7^1 * 13^1 * 17^2 * 23^1 * 47^1 * 53^1,0,"5,11,19,29,31,37,41,43",
96255,2,"2,3,5,23,31,47",2^11 * 3^3 * 5^1 * 23^1 * 31^1 * 47^1,0,"7,11,13,17,19,29,37,41,43,53",
96875,2,"2,3,5,13,23,31",2^2 * 3^4 * 5^5 * 13^1 * 23^1 * 31^1,0,"7,11,17,19,29,37,41,43,47,53",
98049,2,"2,3,5,7,23,29,37,53",2^1 * 3^1 * 5^2 * 7^2 * 23^1 * 29^1 * 37^1 * 53^1,0,"11,13,17,19,31,41,43,47",
98685,2,"2,3,5,7,17,19,43,53",2^1 * 3^3 * 5^1 * 7^2 * 17^1 * 19^1 * 43^1 * 53^1,0,"11,13,23,29,31,37,41,47",
98735,2,"2,3,5,7,11,13,17,31",2^4 * 3^1 * 5^1 * 7^2 * 11^2 * 13^1 * 17^1 * 31^1,0,"19,23,29,37,41,43,47,53",
98900,2,"2,3,5,11,23,37,43",2^2 * 3^5 * 5^2 * 11^1 * 23^1 * 37^1 * 43^1,0,"7,13,17,19,29,31,41,47,53",
99875,2,"2,3,5,7,17,29,41,47",2^2 * 3^1 * 5^3 * 7^1 * 17^1 * 29^1 * 41^1 * 47^1,0,"11,13,19,23,31,37,43,53",
101269,2,"2,5,7,13,17,19,23,37,41",2^1 * 5^1 * 7^1 * 13^1 * 17^1 * 19^1 * 23^1 * 37^1 * 41^1,0,"3,11,29,31,43,47,53",
101760,2,"2,3,5,11,29,53",2^7 * 3^1 * 5^1 * 11^2 * 29^2 * 53^1,0,"7,13,17,19,23,31,37,41,43,47",
102486,2,"2,3,7,11,19,29,31",2^1 * 3^1 * 7^1 * 11^4 * 19^1 * 29^1 * 31^1,0,"5,13,17,23,37,41,43,47,53",
103155,2,"2,3,5,13,17,23,37,41",2^2 * 3^1 * 5^1 * 13^1 * 17^1 * 23^2 * 37^1 * 41^1,0,"7,11,19,29,31,43,47,53",
103935,2,"2,3,5,7,13,29,41",2^9 * 3^1 * 5^1 * 7^1 * 13^2 * 29^1 * 41^1,0,"11,17,19,23,31,37,43,47,53",
104328,2,"2,3,7,17,19,23",2^3 * 3^4 * 7^1 * 17^2 * 19^2 * 23^1,0,"5,11,13,29,31,37,41,43,47,53",
104975,2,"2,3,5,13,17,19",2^4 * 3^8 * 5^2 * 13^1 * 17^1 * 19^1,0,"7,11,23,29,31,37,41,43,47,53",
105984,2,"2,3,5,11,23,41,47",2^9 * 3^2 * 5^1 * 11^1 * 23^1 * 41^1 * 47^1,0,"7,13,17,19,29,31,37,43,53",
106190,2,"2,3,5,7,19,23,37,41",2^1 * 3^5 * 5^1 * 7^1 * 19^1 * 23^1 * 37^1 * 41^1,0,"11,13,17,29,31,43,47,53",
106640,2,"2,3,5,17,31,41,43",2^4 * 3^2 * 5^1 * 17^2 * 31^1 * 41^1 * 43^1,0,"7,11,13,19,23,29,37,47,53",
106742,2,"2,3,7,13,17,19,23,53",2^1 * 3^1 * 7^1 * 13^1 * 17^1 * 19^1 * 23^1 * 53^2,0,"5,11,29,31,37,41,43,47",
108053,2,"2,3,11,19,23,29,47",2^1 * 3^4 * 11^2 * 19^1 * 23^1 * 29^1 * 47^1,0,"5,7,13,17,31,37,41,43,53",
108240,2,"2,3,5,7,11,41,47",2^4 * 3^1 * 5^1 * 7^2 * 11^1 * 41^1 * 47^2,0,"13,17,19,23,29,31,37,43,53",
108375,2,"2,3,5,17,19,23,31",2^3 * 3^1 * 5^3 * 17^2 * 19^1 * 23^1 * 31^1,0,"7,11,13,29,37,41,43,47,53",
108779,2,"2,3,5,7,11,29,31,37",2^2 * 3^1 * 5^1 * 7^2 * 11^2 * 29^1 * 31^1 * 37^1,0,"13,17,19,23,41,43,47,53",
108927,2,"2,3,7,13,19,23,37",2^7 * 3^2 * 7^2 * 13^1 * 19^1 * 23^1 * 37^1,0,"5,11,17,29,31,41,43,47,53",
111111,2,"2,3,7,11,13,17,19,37,43",2^3 * 3^1 * 7^1 * 11^1 * 13^1 * 17^1 * 19^1 * 37^1 * 43^1,0,"5,23,29,31,41,47,53",
111320,2,"2,3,5,7,11,19,23,31",2^3 * 3^3 * 5^1 * 7^1 * 11^2 * 19^1 * 23^1 * 31^1,0,"13,17,29,37,41,43,47,53",
111475,2,"2,5,7,13,29,31",2^2 * 5^2 * 7^3 * 13^1 * 29^1 * 31^2,0,"3,11,17,19,23,37,41,43,47,53",
111671,2,"2,3,7,11,43,47,53",2^3 * 3^3 * 7^2 * 11^1 * 43^1 * 47^1 * 53^1,0,"5,13,17,19,23,29,31,37,41",
112995,2,"2,3,5,13,31,41,53",2^2 * 3^6 * 5^1 * 13^1 * 31^1 * 41^1 * 53^1,0,"7,11,17,19,23,29,37,43,47",
115884,2,"2,3,5,7,11,29,37,43",2^2 * 3^3 * 5^1 * 7^2 * 11^1 * 29^1 * 37^1 * 43^1,0,"13,17,19,23,31,41,47,53",
116280,2,"2,3,5,11,17,19,31",2^3 * 3^2 * 5^1 * 11^2 * 17^1 * 19^1 * 31^2,0,"7,13,23,29,37,41,43,47,53",
116963,2,"2,3,7,11,19,31",2^2 * 3^4 * 7^3 * 11^1 * 19^2 * 31^1,0,"5,13,17,23,29,37,41,43,47,53",
117623,2,"2,3,11,13,17,29,37",2^3 * 3^1 * 11^1 * 13^2 * 17^2 * 29^1 * 37^1,0,"5,7,19,23,31,41,43,47,53",
117648,2,"2,3,7,19,43",2^4 * 3^2 * 7^6 * 19^1 * 43^1,0,"5,11,13,17,23,29,31,37,41,47,53",
117875,2,"2,3,5,11,19,23,41,47",2^2 * 3^1 * 5^3 * 11^1 * 19^1 * 23^1 * 41^1 * 47^1,0,"7,13,17,29,31,37,43,53",
118335,2,"2,3,5,7,23,43",2^6 * 3^1 * 5^1 * 7^3 * 23^1 * 43^2,0,"11,13,17,19,29,31,37,41,47,53",
118580,2,"2,3,5,7,11,29,47",2^2 * 3^1 * 5^1 * 7^2 * 11^2 * 29^2 * 47^1,0,"13,17,19,23,31,37,41,43,53",
119567,2,"2,3,7,19,29,31,47,53",2^4 * 3^1 * 7^1 * 19^1 * 29^1 * 31^1 * 47^1 * 53^1,0,"5,11,13,17,23,37,41,43",
120175,2,"2,5,7,11,19,23,29,37",2^4 * 5^2 * 7^1 * 11^1 * 19^1 * 23^1 * 29^1 * 37^1,0,"3,13,17,31,41,43,47,53",
120744,2,"2,3,5,13,19,31,41,43",2^3 * 3^3 * 5^1 * 13^1 * 19^1 * 31^1 * 41^1 * 43^1,0,"7,11,17,23,29,37,47,53",
121770,2,"2,3,5,11,13,17,19,29,41",2^1 * 3^3 * 5^1 * 11^1 * 13^1 * 17^1 * 19^1 * 29^1 * 41^1,0,"7,23,31,37,43,47,53",
122199,2,"2,3,5,7,11,13,23,47",2^3 * 3^1 * 5^2 * 7^1 * 11^1 * 13^1 * 23^2 * 47^1,0,"17,19,29,31,37,41,43,53",
122264,2,"2,3,5,11,13,17,19,29,31",2^3 * 3^2 * 5^1 * 11^1 * 13^1 * 17^1 * 19^1 * 29^1 * 31^1,0,"7,23,37,41,43,47,53",
122451,2,"2,3,7,11,17,23",2^2 * 3^1 * 7^4 * 11^3 * 17^1 * 23^1,0,"5,13,19,29,31,37,41,43,47,53",
123200,2,"2,3,5,7,11,13",2^6 * 3^6 * 5^2 * 7^1 * 11^1 * 13^2,0,"17,19,23,29,31,37,41,43,47,53",
123969,2,"2,3,5,7,11,23,31,43",2^1 * 3^1 * 5^1 * 7^2 * 11^1 * 23^1 * 31^2 * 43^1,0,"13,17,19,29,37,41,47,53",
124032,2,"2,3,7,13,17,19,29,47",2^7 * 3^1 * 7^1 * 13^1 * 17^1 * 19^1 * 29^1 * 47^1,0,"5,11,23,31,37,41,43,53",
125000,2,"2,3,5,17,19,43",2^3 * 3^2 * 5^6 * 17^1 * 19^1 * 43^1,0,"7,11,13,23,29,31,37,41,47,53",
125874,2,"2,3,5,7,19,37,53",2^1 * 3^5 * 5^3 * 7^1 * 19^1 * 37^1 * 53^1,0,"11,13,17,23,29,31,41,43,47",
126224,2,"2,3,5,7,11,17,23",2^4 * 3^3 * 5^2 * 7^3 * 11^1 * 17^1 * 23^1,0,"13,19,29,31,37,41,43,47,53",
127280,2,"2,3,5,7,11,19,29,37,43",2^4 * 3^1 * 5^1 * 7^1 * 11^1 * 19^1 * 29^1 * 37^1 * 43^1,0,"13,17,23,31,41,47,53",
129437,2,"2,3,7,11,17,41,47",2^1 * 3^4 * 7^1 * 11^1 * 17^1 * 41^2 * 47^1,0,"5,13,19,23,29,31,37,43,53",
130339,2,"2,5,7,11,17,19,41",2^2 * 5^1 * 7^3 * 11^1 * 17^2 * 19^1 * 41^1,0,"3,13,23,29,31,37,43,47,53",
131651,2,"2,3,13,19,23,41,53",2^2 * 3^3 * 13^2 * 19^1 * 23^1 * 41^1 * 53^1,0,"5,7,11,17,29,31,37,43,47",
134848,2,"2,7,11,13,23,41,43",2^6 * 7^2 * 11^1 * 13^1 * 23^1 * 41^1 * 43^1,0,"3,5,17,19,29,31,37,47,53",
134849,2,"2,3,5,11,13,23,29,31,41",2^1 * 3^1 * 5^2 * 11^1 * 13^1 * 23^1 * 29^1 * 31^1 * 41^1,0,"7,17,19,37,43,47,53",
136160,2,"2,3,5,23,37,41",2^5 * 3^4 * 5^1 * 23^1 * 37^1 * 41^2,0,"7,11,13,17,19,29,31,43,47,53",
136850,2,"2,3,5,7,11,13,17,23,29",2^1 * 3^1 * 5^2 * 7^1 * 11^2 * 13^1 * 17^1 * 23^1 * 29^1,0,"19,31,37,41,43,47,53",
136899,2,"2,3,5,7,37,41,53",2^2 * 3^2 * 5^2 * 7^1 * 37^2 * 41^1 * 53^1,0,"11,13,17,19,23,29,31,43,47",
137640,2,"2,3,5,7,31,37,53",2^3 * 3^1 * 5^1 * 7^2 * 31^1 * 37^1 * 53^2,0,"11,13,17,19,23,29,41,43,47",
139655,2,"2,3,5,11,17,23,31,53",2^3 * 3^1 * 5^1 * 11^1 * 17^1 * 23^2 * 31^1 * 53^1,0,"7,13,19,29,37,41,43,47",
140624,2,"2,3,5,11,17,47",2^4 * 3^2 * 5^6 * 11^1 * 17^1 * 47^1,0,"7,13,19,23,29,31,37,41,43,53",
141375,2,"2,3,5,13,29,47",2^6 * 3^1 * 5^3 * 13^1 * 29^1 * 47^2,0,"7,11,17,19,23,31,37,41,43,53",
142128,2,"2,3,7,13,29,47",2^4 * 3^3 * 7^1 * 13^2 * 29^2 * 47^1,0,"5,11,17,19,23,31,37,41,43,53",
142884,2,"2,3,5,7,17,41",2^2 * 3^6 * 5^1 * 7^2 * 17^1 * 41^2,0,"11,13,19,23,29,31,37,43,47,53",
142974,2,"2,3,5,7,13,19,43,47",2^1 * 3^2 * 5^2 * 7^1 * 13^2 * 19^1 * 43^1 * 47^1,0,"11,17,23,29,31,37,41,53",
143259,2,"2,3,5,13,17,19,29,53",2^2 * 3^1 * 5^1 * 13^1 * 17^1 * 19^1 * 29^1 * 53^2,0,"7,11,23,31,37,41,43,47",
143374,2,"2,5,7,11,19,31,37",2^1 * 5^3 * 7^3 * 11^1 * 19^1 * 31^1 * 37^1,0,"3,13,17,23,29,41,43,47,53",
143819,2,"2,3,5,13,17,23,37,47",2^2 * 3^2 * 5^1 * 13^2 * 17^1 * 23^1 * 37^1 * 47^1,0,"7,11,19,29,31,41,43,53",
144000,2,"2,3,5,11,13,19,53",2^7 * 3^2 * 5^3 * 11^1 * 13^1 * 19^1 * 53^1,0,"7,17,23,29,31,37,41,43,47",
144584,2,"2,3,5,7,11,17,31,53",2^3 * 3^5 * 5^1 * 7^1 * 11^1 * 17^1 * 31^1 * 53^1,0,"13,19,23,29,37,41,43,47",
144738,2,"2,3,7,11,17,23,29,31,43",2^1 * 3^2 * 7^1 * 11^1 * 17^1 * 23^1 * 29^1 * 31^1 * 43^1,0,"5,13,19,37,41,47,53",
146015,2,"2,3,5,13,19,29,53",2^5 * 3^3 * 5^1 * 13^2 * 19^1 * 29^1 * 53^1,0,"7,11,17,23,31,37,41,43,47",
147015,2,"2,3,5,11,17,23,47",2^3 * 3^5 * 5^1 * 11^2 * 17^1 * 23^1 * 47^1,0,"7,13,19,29,31,37,41,43,53",
148665,2,"2,3,5,7,11,17,37,41,53",2^1 * 3^1 * 5^1 * 7^2 * 11^1 * 17^1 * 37^1 * 41^1 * 53^1,0,"13,19,23,29,31,43,47",
151249,2,"2,5,7,11,17,31,41",2^1 * 5^4 * 7^1 * 11^2 * 17^1 * 31^1 * 41^1,0,"3,13,19,23,29,37,43,47,53",
151293,2,"2,3,11,13,23,29,37,47",2^1 * 3^1 * 11^1 * 13^1 * 23^2 * 29^1 * 37^1 * 47^1,0,"5,7,17,19,31,41,43,53",
152684,2,"2,3,5,7,13,19,29,41",2^2 * 3^4 * 5^1 * 7^2 * 13^1 * 19^1 * 29^1 * 41^1,0,"11,17,23,31,37,43,47,53",
152880,2,"2,3,5,7,13,17,23",2^4 * 3^1 * 5^1 * 7^2 * 13^1 * 17^2 * 23^2,0,"11,19,29,31,37,41,43,47,53",
153064,2,"2,5,11,19,23,53",2^3 * 5^1 * 11^3 * 19^2 * 23^1 * 53^1,0,"3,7,13,17,29,31,37,41,43,47",
153790,2,"2,5,7,11,13,31,41",2^1 * 5^1 * 7^1 * 11^2 * 13^3 * 31^1 * 41^1,0,"3,17,19,23,29,37,43,47,53",
155584,2,"2,5,11,13,17,29,37",2^6 * 5^1 * 11^1 * 13^1 * 17^1 * 29^2 * 37^1,0,"3,7,19,23,31,41,43,47,53",
156065,2,"2,3,5,7,13,19,37",2^1 * 3^1 * 5^1 * 7^4 * 13^1 * 19^1 * 37^2,0,"11,17,23,29,31,41,43,47,53",
156332,2,"2,3,11,17,19,31,41",2^2 * 3^1 * 11^2 * 17^1 * 19^1 * 31^1 * 41^2,0,"5,7,13,23,29,37,43,47,53",
156519,2,"2,3,5,7,11,13,17,31,43",2^3 * 3^3 * 5^1 * 7^1 * 11^1 * 13^1 * 17^1 * 31^1 * 43^1,0,"19,23,29,37,41,47,53",
157250,2,"2,3,5,17,23,37,43,53",2^1 * 3^1 * 5^3 * 17^1 * 23^1 * 37^1 * 43^1 * 53^1,0,"7,11,13,19,29,31,41,47",
158014,2,"2,5,11,13,17,41,47",2^1 * 5^1 * 11^1 * 13^2 * 17^1 * 41^2 * 47^1,0,"3,7,19,23,29,31,37,43,53",
158840,2,"2,3,5,11,19,37,53",2^3 * 3^4 * 5^1 * 11^1 * 19^2 * 37^1 * 53^1,0,"7,13,17,23,29,31,41,43,47",
158949,2,"2,3,5,7,11,17,29",2^1 * 3^3 * 5^2 * 7^1 * 11^1 * 17^2 * 29^2,0,"13,19,23,31,37,41,43,47,53",
161727,2,"2,3,7,19,31,37,47",2^6 * 3^1 * 7^1 * 19^2 * 31^1 * 37^1 * 47^1,0,"5,11,13,17,23,29,41,43,53",
161874,2,"2,3,5,7,17,23,37",2^1 * 3^2 * 5^4 * 7^1 * 17^1 * 23^2 * 37^1,0,"11,13,19,29,31,41,43,47,53",
162196,2,"2,7,17,23,29,41,43,47",2^2 * 7^1 * 17^1 * 23^1 * 29^1 * 41^1 * 43^1 * 47^1,0,"3,5,11,13,19,31,37,53",
162239,2,"2,3,5,7,11,13,43",2^6 * 3^1 * 5^1 * 7^3 * 11^1 * 13^2 * 43^1,0,"17,19,23,29,31,37,41,47,53",
162656,2,"2,3,11,13,17,23,31,53",2^5 * 3^2 * 11^1 * 13^1 * 17^1 * 23^1 * 31^1 * 53^1,0,"5,7,19,29,37,41,43,47",
163184,2,"2,3,5,7,11,23,31,43,47",2^4 * 3^1 * 5^1 * 7^1 * 11^1 * 23^1 * 31^1 * 43^1 * 47^1,0,"13,17,19,29,37,41,53",
164835,2,"2,3,5,7,11,29,37",2^2 * 3^4 * 5^1 * 7^2 * 11^1 * 29^2 * 37^1,0,"13,17,19,23,31,41,43,47,53",
165375,2,"2,3,5,7,17,19",2^9 * 3^3 * 5^3 * 7^2 * 17^1 * 19^1,0,"11,13,23,29,31,37,41,43,47,53",
165648,2,"2,3,7,11,17,29,37",2^4 * 3^1 * 7^1 * 11^2 * 17^1 * 29^1 * 37^2,0,"5,13,19,23,31,41,43,47,53",
166634,2,"2,3,5,7,13,17,23,29",2^1 * 3^2 * 5^1 * 7^1 * 13^2 * 17^1 * 23^2 * 29^1,0,"11,19,31,37,41,43,47,53",
167648,2,"2,3,13,29,31,41,47",2^5 * 3^1 * 13^2 * 29^1 * 31^1 * 41^1 * 47^1,0,"5,7,11,17,19,23,37,43,53",
168750,2,"2,3,5,11,23,29",2^1 * 3^3 * 5^5 * 11^1 * 23^2 * 29^1,0,"7,13,17,19,31,37,41,43,47,53",
169575,2,"2,3,5,7,11,17,19,41,47",2^3 * 3^1 * 5^2 * 7^1 * 11^1 * 17^1 * 19^1 * 41^1 * 47^1,0,"13,23,29,31,37,43,53",
170624,2,"2,3,5,7,13,31,43",2^7 * 3^1 * 5^4 * 7^1 * 13^1 * 31^1 * 43^1,0,"11,17,19,23,29,37,41,47,53",
170752,2,"2,11,19,23,29,43",2^8 * 11^1 * 19^2 * 23^1 * 29^1 * 43^1,0,"3,5,7,13,17,31,37,41,47,53",
173900,2,"2,3,5,7,13,37,47",2^2 * 3^1 * 5^2 * 7^3 * 13^2 * 37^1 * 47^1,0,"11,17,19,23,29,31,41,43,53",
174096,2,"2,3,7,11,13,17,19,31",2^4 * 3^3 * 7^2 * 11^1 * 13^1 * 17^1 * 19^1 * 31^1,0,"5,23,29,37,41,43,47,53",
174824,2,"2,3,5,7,13,37,41",2^3 * 3^3 * 5^2 * 7^1 * 13^1 * 37^1 * 41^2,0,"11,17,19,23,29,31,43,47,53",
175769,2,"2,3,5,7,11,19,29,31",2^1 * 3^4 * 5^1 * 7^1 * 11^1 * 19^1 * 29^2 * 31^1,0,"13,17,23,37,41,43,47,53",
176000,2,"2,3,5,7,11,17,29",2^7 * 3^1 * 5^3 * 7^1 * 11^1 * 17^2 * 29^1,0,"13,19,23,31,37,41,43,47,53",
176175,2,"2,3,5,7,11,13,29",2^4 * 3^5 * 5^2 * 7^1 * 11^2 * 13^1 * 29^1,0,"17,19,23,31,37,41,43,47,53",
178125,2,"2,3,5,13,17,19,31",2^1 * 3^1 * 5^5 * 13^2 * 17^1 * 19^1 * 31^1,0,"7,11,23,29,37,41,43,47,53",
179775,2,"2,3,5,17,47,53",2^6 * 3^2 * 5^2 * 17^1 * 47^1 * 53^2,0,"7,11,13,19,23,29,31,37,41,43",
181202,2,"2,3,7,11,17,19,43",2^1 * 3^1 * 7^2 * 11^1 * 17^2 * 19^1 * 43^2,0,"5,13,23,29,31,37,41,47,53",
184092,2,"2,3,7,13,17,23,29",2^2 * 3^1 * 7^2 * 13^1 * 17^2 * 23^2 * 29^1,0,"5,11,19,31,37,41,43,47,53",
184704,2,"2,3,5,13,17,37,41,53",2^7 * 3^1 * 5^1 * 13^1 * 17^1 * 37^1 * 41^1 * 53^1,0,"7,11,19,23,29,31,43,47",
185976,2,"2,3,7,11,29,41,53",2^3 * 3^4 * 7^1 * 11^2 * 29^1 * 41^1 * 53^1,0,"5,13,17,19,23,31,37,43,47",
186591,2,"2,3,7,17,37,41",2^5 * 3^1 * 7^3 * 17^1 * 37^1 * 41^2,0,"5,11,13,19,23,29,31,43,47,53",
190463,2,"2,3,7,13,23,31",2^11 * 3^1 * 7^2 * 13^2 * 23^1 * 31^1,0,"5,11,17,19,29,37,41,43,47,53",
191807,2,"2,3,7,11,37,47,53",2^6 * 3^4 * 7^1 * 11^1 * 37^1 * 47^1 * 53^1,0,"5,13,17,19,23,29,31,41,43",
192510,2,"2,3,5,11,23,31,37,43",2^1 * 3^3 * 5^1 * 11^2 * 23^1 * 31^1 * 37^1 * 43^1,0,"7,13,17,19,29,41,47,53",
192511,2,"2,11,37,43,47",2^12 * 11^2 * 37^1 * 43^1 * 47^1,0,"3,5,7,13,17,19,23,29,31,41,53",
193843,2,"2,7,13,23,31,37,43",2^2 * 7^2 * 13^2 * 23^1 * 31^1 * 37^1 * 43^1,0,"3,5,11,17,19,29,41,47,53",
194480,2,"2,3,5,7,11,13,17",2^4 * 3^4 * 5^1 * 7^4 * 11^1 * 13^1 * 17^1,0,"19,23,29,31,37,41,43,47,53",
194579,2,"2,3,5,7,11,19,23,47",2^2 * 3^2 * 5^1 * 7^2 * 11^1 * 19^2 * 23^1 * 47^1,0,"13,17,29,31,37,41,43,53",
198911,2,"2,3,7,19,29,37",2^8 * 3^1 * 7^1 * 19^3 * 29^1 * 37^1,0,"5,11,13,17,23,31,41,43,47,53",
201019,2,"2,5,7,13,19,23,47",2^2 * 5^1 * 7^1 * 13^1 * 19^1 * 23^2 * 47^2,0,"3,11,17,29,31,37,41,43,53",
201824,2,"2,3,5,7,13,17,23,53",2^5 * 3^3 * 5^2 * 7^1 * 13^1 * 17^1 * 23^1 * 53^1,0,"11,19,29,31,37,41,43,47",
202124,2,"2,3,5,7,11,13,23",2^2 * 3^1 * 5^3 * 7^2 * 11^1 * 13^3 * 23^1,0,"17,19,29,31,37,41,43,47,53",
203319,2,"2,3,5,13,17,19,23,29,41",2^3 * 3^2 * 5^1 * 13^1 * 17^1 * 19^1 * 23^1 * 29^1 * 41^1,0,"7,11,31,37,43,47,53",
203390,2,"2,3,5,11,31,43",2^1 * 3^8 * 5^1 * 11^1 * 31^1 * 43^2,0,"7,13,17,19,23,29,37,41,47,53",
205436,2,"2,3,7,11,23,29,31,47",2^2 * 3^1 * 7^1 * 11^1 * 23^1 * 29^1 * 31^1 * 47^2,0,"5,13,17,19,37,41,43,53",
206700,2,"2,3,5,11,13,19,23,43,53",2^2 * 3^1 * 5^2 * 11^1 * 13^1 * 19^1 * 23^1 * 43^1 * 53^1,0,"7,17,29,31,37,41,47",
207575,2,"2,3,5,19,23,31",2^3 * 3^3 * 5^2 * 19^2 * 23^1 * 31^2,0,"7,11,13,17,29,37,41,43,47,53",
208494,2,"2,3,5,7,11,13,23,37",2^1 * 3^6 * 5^1 * 7^2 * 11^1 * 13^1 * 23^1 * 37^1,0,"17,19,29,31,41,43,47,53",
209456,2,"2,3,13,17,19,37,53",2^4 * 3^2 * 13^1 * 17^1 * 19^1 * 37^2 * 53^1,0,"5,7,11,23,29,31,41,43,47",
212380,2,"2,5,7,13,17,31,37,41",2^2 * 5^1 * 7^1 * 13^1 * 17^1 * 31^2 * 37^1 * 41^1,0,"3,11,19,23,29,43,47,53",
212381,2,"2,3,13,17,19,23,31",2^1 * 3^5 * 13^1 * 17^1 * 19^1 * 23^1 * 31^2,0,"5,7,11,29,37,41,43,47,53",
212628,2,"2,3,13,19,29,31,47",2^2 * 3^1 * 13^1 * 19^3 * 29^1 * 31^1 * 47^1,0,"5,7,11,17,23,37,41,43,53",
214225,2,"2,5,11,19,41,43,47,53",2^1 * 5^2 * 11^1 * 19^1 * 41^1 * 43^1 * 47^1 * 53^1,0,"3,7,13,17,23,29,31,37",
216999,2,"2,3,5,7,19,31,47",2^3 * 3^5 * 5^3 * 7^1 * 19^1 * 31^1 * 47^1,0,"11,13,17,23,29,37,41,43,53",
217671,2,"2,3,7,13,23,37,53",2^3 * 3^1 * 7^1 * 13^2 * 23^1 * 37^2 * 53^1,0,"5,11,17,19,29,31,41,43,47",
218784,2,"2,3,5,7,19,43,47,53",2^5 * 3^1 * 5^1 * 7^2 * 19^1 * 43^1 * 47^1 * 53^1,0,"11,13,17,23,29,31,37,41",
220374,2,"2,3,5,7,11,41,43,53",2^1 * 3^3 * 5^3 * 7^1 * 11^1 * 41^1 * 43^1 * 53^1,0,"13,17,19,23,29,31,37,47",
223040,2,"2,3,5,7,13,17,19,41,43",2^6 * 3^1 * 5^1 * 7^1 * 13^1 * 17^1 * 19^1 * 41^1 * 43^1,0,"11,23,29,31,37,47,53",
224720,2,"2,3,5,7,29,41,53",2^4 * 3^3 * 5^1 * 7^1 * 29^1 * 41^1 * 53^2,0,"11,13,17,19,23,31,37,43,47",
226575,2,"2,3,5,7,17,19,53",2^4 * 3^2 * 5^2 * 7^2 * 17^2 * 19^1 * 53^1,0,"11,13,23,29,31,37,41,43,47",
227069,2,"2,3,5,17,19,29,37",2^1 * 3^3 * 5^1 * 17^1 * 19^2 * 29^2 * 37^1,0,"7,11,13,23,31,41,43,47,53",
227447,2,"2,3,11,13,23,29,31",2^3 * 3^7 * 11^1 * 13^1 * 23^1 * 29^1 * 31^1,0,"5,7,17,19,37,41,43,47,53",
228095,2,"2,3,5,7,11,19",2^8 * 3^4 * 5^1 * 7^4 * 11^1 * 19^1,0,"13,17,23,29,31,37,41,43,47,53",
228780,2,"2,3,5,7,23,29,31,41",2^2 * 3^2 * 5^1 * 7^3 * 23^1 * 29^1 * 31^1 * 41^1,0,"11,13,17,19,37,43,47,53",
230299,2,"2,5,7,17,19,23,31,47",2^2 * 5^2 * 7^2 * 17^1 * 19^1 * 23^1 * 31^1 * 47^1,0,"3,11,13,29,37,41,43,53",
230911,2,"2,11,17,41,47",2^9 * 11^1 * 17^3 * 41^1 * 47^1,0,"3,5,7,13,19,23,29,31,37,43,53",
235467,2,"2,3,17,19,37,43",2^2 * 3^6 * 17^1 * 19^1 * 37^2 * 43^1,0,"5,7,11,13,23,29,31,41,47,53",
240064,2,"2,5,7,11,19,31",2^6 * 5^1 * 7^1 * 11^2 * 19^3 * 31^1,0,"3,13,17,23,29,37,41,43,47,53",
240499,2,"2,5,7,13,17,37,43,47",2^2 * 5^3 * 7^1 * 13^1 * 17^1 * 37^1 * 43^1 * 47^1,0,"3,11,19,23,29,31,41,53",
240786,2,"2,3,7,13,19,23,29",2^1 * 3^3 * 7^3 * 13^1 * 19^2 * 23^1 * 29^1,0,"5,11,17,31,37,41,43,47,53",
242990,2,"2,3,5,7,11,19,29,47",2^1 * 3^2 * 5^1 * 7^2 * 11^1 * 19^1 * 29^1 * 47^2,0,"13,17,23,31,37,41,43,53",
243048,2,"2,3,13,17,19,29,41",2^3 * 3^1 * 13^1 * 17^2 * 19^1 * 29^2 * 41^1,0,"5,7,11,23,31,37,43,47,53",
243164,2,"2,3,5,13,29,31,37,43,53",2^2 * 3^1 * 5^1 * 13^1 * 29^1 * 31^1 * 37^1 * 43^1 * 53^1,0,"7,11,17,19,23,41,47",
244035,2,"2,3,5,11,13,17,19,29",2^2 * 3^2 * 5^1 * 11^1 * 13^2 * 17^1 * 19^2 * 29^1,0,"7,23,31,37,41,43,47,53",
245024,2,"2,3,5,11,13,19,31",2^5 * 3^4 * 5^2 * 11^2 * 13^1 * 19^1 * 31^1,0,"7,17,23,29,37,41,43,47,53",
245916,2,"2,3,7,11,19,23,43",2^2 * 3^5 * 7^1 * 11^1 * 19^1 * 23^1 * 43^2,0,"5,13,17,29,31,37,41,47,53",
247455,2,"2,3,5,11,13,19,37,47",2^5 * 3^4 * 5^1 * 11^1 * 13^1 * 19^1 * 37^1 * 47^1,0,"7,17,23,29,31,41,43,53",
247456,2,"2,7,11,19,23,29,37,53",2^5 * 7^1 * 11^1 * 19^1 * 23^1 * 29^1 * 37^1 * 53^1,0,"3,5,13,17,31,41,43,47",
248675,2,"2,3,5,7,17,23,29,53",2^2 * 3^1 * 5^2 * 7^3 * 17^1 * 23^1 * 29^1 * 53^1,0,"11,13,19,31,37,41,43,47",
248676,2,"2,3,11,13,17,23,37,47,53",2^2 * 3^1 * 11^1 * 13^1 * 17^1 * 23^1 * 37^1 * 47^1 * 53^1,0,"5,7,19,29,31,41,43",
254448,2,"2,3,13,19,23,31,37",2^4 * 3^3 * 13^1 * 19^1 * 23^2 * 31^1 * 37^1,0,"5,7,11,17,29,41,43,47,53",
254505,2,"2,3,5,7,19,47,53",2^1 * 3^1 * 5^1 * 7^4 * 19^2 * 47^1 * 53^1,0,"11,13,17,23,29,31,37,41,43",
259160,2,"2,3,5,7,11,19,31,41,43",2^3 * 3^1 * 5^1 * 7^2 * 11^1 * 19^1 * 31^1 * 41^1 * 43^1,0,"13,17,23,29,37,47,53",
260337,2,"2,3,7,11,13,17,19,23,31",2^1 * 3^1 * 7^3 * 11^1 * 13^1 * 17^1 * 19^1 * 23^1 * 31^1,0,"5,29,37,41,43,47,53",
260709,2,"2,3,5,29,31,43,47",2^1 * 3^1 * 5^1 * 29^2 * 31^1 * 43^2 * 47^1,0,"7,11,13,17,19,23,37,41,53",
262085,2,"2,3,5,11,19,23,43,53",2^1 * 3^1 * 5^1 * 11^2 * 19^2 * 23^1 * 43^1 * 53^1,0,"7,13,17,29,31,37,41,47",
264384,2,"2,3,5,11,17,19,23",2^6 * 3^5 * 5^1 * 11^2 * 17^1 * 19^1 * 23^1,0,"7,13,29,31,37,41,43,47,53",
267288,2,"2,3,7,11,37,43,47",2^3 * 3^1 * 7^1 * 11^2 * 37^1 * 43^1 * 47^2,0,"5,13,17,19,23,29,31,41,53",
268191,2,"2,3,7,11,17,29,43",2^5 * 3^4 * 7^1 * 11^1 * 17^2 * 29^1 * 43^1,0,"5,13,19,23,31,37,41,47,53",
268800,2,"2,3,5,7,13,23,29,31",2^9 * 3^1 * 5^2 * 7^1 * 13^1 * 23^1 * 29^1 * 31^1,0,"11,17,19,37,41,43,47,53",
269451,2,"2,3,7,13,31,41,47,53",2^2 * 3^2 * 7^2 * 13^1 * 31^1 * 41^1 * 47^1 * 53^1,0,"5,11,17,19,23,29,37,43",
270599,2,"2,3,5,7,11,29,31,41,43",2^3 * 3^1 * 5^2 * 7^1 * 11^1 * 29^1 * 31^1 * 41^1 * 43^1,0,"13,17,19,23,37,47,53",
275561,2,"2,3,7,11,13,41,47",2^1 * 3^9 * 7^1 * 11^1 * 13^1 * 41^1 * 47^1,0,"5,17,19,23,29,31,37,43,53",
275807,2,"2,3,7,13,17,31,41",2^5 * 3^1 * 7^1 * 13^2 * 17^1 * 31^2 * 41^1,0,"5,11,19,23,29,37,43,47,53",
278783,2,"2,3,11,17,23,31",2^8 * 3^2 * 11^2 * 17^1 * 23^2 * 31^1,0,"5,7,13,19,29,37,41,43,47,53",
279414,2,"2,3,5,19,29,41,43,47",2^1 * 3^2 * 5^1 * 19^2 * 29^1 * 41^1 * 43^1 * 47^1,0,"7,11,13,17,23,31,37,53",
279840,2,"2,3,5,11,23,53",2^5 * 3^1 * 5^1 * 11^1 * 23^4 * 53^1,0,"7,13,17,19,29,31,37,41,43,47",
282624,2,"2,3,5,7,17,19,23",2^12 * 3^1 * 5^3 * 7^1 * 17^1 * 19^1 * 23^1,0,"11,13,29,31,37,41,43,47,53",
284375,2,"2,3,5,7,13,17,41",2^3 * 3^1 * 5^5 * 7^1 * 13^1 * 17^2 * 41^1,0,"11,19,23,29,31,37,43,47,53",
285417,2,"2,3,7,11,19,29,31,37",2^1 * 3^3 * 7^1 * 11^1 * 19^1 * 29^1 * 31^2 * 37^1,0,"5,13,17,23,41,43,47,53",
288144,2,"2,3,5,11,13,23,29,31",2^4 * 3^3 * 5^1 * 11^1 * 13^2 * 23^1 * 29^1 * 31^1,0,"7,17,19,37,41,43,47,53",
291023,2,"2,3,17,19,43,47,53",2^4 * 3^2 * 17^2 * 19^1 * 43^1 * 47^1 * 53^1,0,"5,7,11,13,23,29,31,37,41",
293045,2,"2,3,5,13,17,29,43,47",2^1 * 3^1 * 5^1 * 13^2 * 17^2 * 29^1 * 43^1 * 47^1,0,"7,11,19,23,31,37,41,53",
294150,2,"2,3,5,11,13,17,37,53",2^1 * 3^1 * 5^2 * 11^3 * 13^1 * 17^1 * 37^1 * 53^1,0,"7,19,23,29,31,41,43,47",
301599,2,"2,3,5,13,23,29,31,47",2^5 * 3^2 * 5^2 * 13^1 * 23^1 * 29^1 * 31^1 * 47^1,0,"7,11,17,19,37,41,43,53",
303600,2,"2,3,5,11,19,23,29",2^4 * 3^1 * 5^2 * 11^1 * 19^2 * 23^1 * 29^2,0,"7,13,17,31,37,41,43,47,53",
304325,2,"2,3,5,7,11,29,37,47,53",2^1 * 3^2 * 5^2 * 7^1 * 11^1 * 29^1 * 37^1 * 47^1 * 53^1,0,"13,17,19,23,31,41,43",
310155,2,"2,3,5,7,11,19,23,29,31,53",2^2 * 3^1 * 5^1 * 7^1 * 11^1 * 19^1 * 23^1 * 29^1 * 31^1 * 53^1,0,"13,17,37,41,43,47",
312480,2,"2,3,5,7,13,31,43",2^5 * 3^2 * 5^1 * 7^1 * 13^2 * 31^1 * 43^2,0,"11,17,19,23,29,37,41,47,53",
313599,2,"2,3,5,7,11,13,17,43",2^8 * 3^1 * 5^2 * 7^2 * 11^1 * 13^1 * 17^1 * 43^1,0,"19,23,29,31,37,41,47,53",
314432,2,"2,3,7,17,23,31",2^6 * 3^2 * 7^2 * 17^3 * 23^1 * 31^1,0,"5,11,13,19,29,37,41,43,47,53",
315084,2,"2,3,5,7,11,29,31,41,53",2^2 * 3^1 * 5^1 * 7^1 * 11^2 * 29^1 * 31^1 * 41^1 * 53^1,0,"13,17,19,23,37,43,47",
316250,2,"2,3,5,11,13,17,23,53",2^1 * 3^3 * 5^4 * 11^1 * 13^1 * 17^1 * 23^1 * 53^1,0,"7,19,29,31,37,41,43,47",
319124,2,"2,3,5,13,17,19,23,37",2^2 * 3^1 * 5^3 * 13^1 * 17^1 * 19^2 * 23^1 * 37^1,0,"7,11,29,31,41,43,47,53",
325380,2,"2,3,5,7,11,17,23,29,43,47",2^2 * 3^1 * 5^1 * 7^1 * 11^1 * 17^1 * 23^1 * 29^1 * 43^1 * 47^1,0,"13,19,31,37,41,53",
328509,2,"2,3,5,7,13,19,23",2^1 * 3^3 * 5^1 * 7^1 * 13^1 * 19^2 * 23^3,0,"11,17,29,31,37,41,43,47,53",
330624,2,"2,3,5,7,23,41",2^7 * 3^2 * 5^4 * 7^1 * 23^2 * 41^1,0,"11,13,17,19,29,31,37,43,47,53",
336140,2,"2,3,5,7,13,17",2^2 * 3^2 * 5^1 * 7^5 * 13^3 * 17^1,0,"11,19,23,29,31,37,41,43,47,53",
336973,2,"2,7,11,13,17,23,53",2^1 * 7^2 * 11^1 * 13^1 * 17^2 * 23^2 * 53^1,0,"3,5,19,29,31,37,41,43,47",
338624,2,"2,3,5,7,11,13,37,43",2^6 * 3^2 * 5^3 * 7^1 * 11^1 * 13^1 * 37^1 * 43^1,0,"17,19,23,29,31,41,47,53",
341549,2,"2,3,5,11,13,23,43,47",2^1 * 3^3 * 5^2 * 11^1 * 13^2 * 23^1 * 43^1 * 47^1,0,"7,17,19,29,31,37,41,53",
342924,2,"2,3,5,11,17,29,41,43",2^2 * 3^1 * 5^2 * 11^1 * 17^1 * 29^1 * 41^2 * 43^1,0,"7,13,19,23,31,37,47,53",
343914,2,"2,3,5,11,13,31,37,43",2^1 * 3^1 * 5^1 * 11^1 * 13^2 * 31^1 * 37^1 * 43^2,0,"7,17,19,23,29,41,47,53",
344604,2,"2,3,5,13,41,47",2^2 * 3^1 * 5^1 * 13^1 * 41^3 * 47^2,0,"7,11,17,19,23,29,31,37,43,53",
345506,2,"2,3,7,23,29,37,41,53",2^1 * 3^1 * 7^1 * 23^1 * 29^1 * 37^1 * 41^1 * 53^2,0,"5,11,13,17,19,31,43,47",
346579,2,"2,5,13,17,19,29,31,37,43",2^2 * 5^1 * 13^1 * 17^1 * 19^1 * 29^1 * 31^1 * 37^1 * 43^1,0,"3,7,11,23,41,47,53",
348687,2,"2,3,17,19,31,37,43,53",2^4 * 3^2 * 17^1 * 19^1 * 31^1 * 37^1 * 43^1 * 53^1,0,"5,7,11,13,23,29,41,47",
348725,2,"2,3,5,7,13,19,23,29,37",2^1 * 3^1 * 5^2 * 7^1 * 13^1 * 19^2 * 23^1 * 29^1 * 37^1,0,"11,17,31,41,43,47,53",
351231,2,"2,3,7,47,53",2^10 * 3^1 * 7^3 * 47^2 * 53^1,0,"5,11,13,17,19,23,29,31,37,41,43",
352715,2,"2,3,5,7,11,13,17,19,53",2^2 * 3^1 * 5^1 * 7^1 * 11^3 * 13^1 * 17^1 * 19^1 * 53^1,0,"23,29,31,37,41,43,47",
356642,2,"2,3,7,11,13,17,29,37,43",2^1 * 3^4 * 7^1 * 11^1 * 13^1 * 17^1 * 29^1 * 37^1 * 43^1,0,"5,19,23,31,41,47,53",
358280,2,"2,3,5,7,11,13,47,53",2^3 * 3^2 * 5^1 * 7^1 * 11^2 * 13^2 * 47^1 * 53^1,0,"17,19,23,29,31,37,41,43",
360639,2,"2,3,5,7,19,23,37",2^6 * 3^3 * 5^1 * 7^2 * 19^2 * 23^1 * 37^1,0,"11,13,17,29,31,41,43,47,53",
361415,2,"2,3,5,11,37,41,43",2^3 * 3^1 * 5^1 * 11^1 * 37^2 * 41^2 * 43^1,0,"7,13,17,19,23,29,31,47,53",
363527,2,"2,3,11,17,19,53",2^3 * 3^5 * 11^1 * 17^1 * 19^3 * 53^1,0,"5,7,13,23,29,31,37,41,43,47",
369655,2,"2,5,7,11,13,23,41,47",2^3 * 5^1 * 7^2 * 11^2 * 13^1 * 23^1 * 41^1 * 47^1,0,"3,17,19,29,31,37,43,53",
369984,2,"2,3,5,7,11,31,41,47",2^6 * 3^1 * 5^1 * 7^1 * 11^1 * 31^2 * 41^1 * 47^1,0,"13,17,19,23,29,37,43,53",
373490,2,"2,3,5,13,17,29,53",2^1 * 3^5 * 5^1 * 13^3 * 17^1 * 29^1 * 53^1,0,"7,11,19,23,31,37,41,43,47",
378879,2,"2,3,5,17,19,23,37",2^11 * 3^1 * 5^1 * 17^2 * 19^1 * 23^1 * 37^1,0,"7,11,13,29,31,41,43,47,53",
379904,2,"2,3,5,7,19,31,43,53",2^10 * 3^1 * 5^1 * 7^1 * 19^1 * 31^1 * 43^1 * 53^1,0,"11,13,17,23,29,37,41,47",
385236,2,"2,3,17,29,31,41,43",2^2 * 3^4 * 17^2 * 29^1 * 31^1 * 41^1 * 43^1,0,"5,7,11,13,19,23,37,47,53",
386630,2,"2,3,5,7,17,19,23,41",2^1 * 3^2 * 5^1 * 7^1 * 17^1 * 19^2 * 23^1 * 41^2,0,"11,13,29,31,37,43,47,53",
389499,2,"2,3,5,11,19,29,37,41",2^2 * 3^1 * 5^3 * 11^2 * 19^1 * 29^1 * 37^1 * 41^1,0,"7,13,17,23,31,43,47,53",
390165,2,"2,3,5,7,19,29,31,37",2^1 * 3^1 * 5^1 * 7^1 * 19^1 * 29^1 * 31^2 * 37^2,0,"11,13,17,23,41,43,47,53",
390224,2,"2,3,5,11,29,43",2^4 * 3^1 * 5^2 * 11^2 * 29^3 * 43^1,0,"7,13,17,19,23,31,37,41,47,53",
391988,2,"2,3,13,19,23,43,53",2^2 * 3^1 * 13^1 * 19^1 * 23^2 * 43^2 * 53^1,0,"5,7,11,17,29,31,37,41,47",
394009,2,"2,5,7,11,17,31,41,43",2^1 * 5^1 * 7^2 * 11^1 * 17^1 * 31^2 * 41^1 * 43^1,0,"3,13,19,23,29,37,47,53",
395199,2,"2,3,5,7,13,17,19,41",2^6 * 3^4 * 5^2 * 7^1 * 13^1 * 17^1 * 19^1 * 41^1,0,"11,23,29,31,37,43,47,53",
396864,2,"2,3,5,7,13,17,23,29,53",2^6 * 3^2 * 5^1 * 7^1 * 13^1 * 17^1 * 23^1 * 29^1 * 53^1,0,"11,19,31,37,41,43,47",
405449,2,"2,3,5,11,17,29,31,41,53",2^1 * 3^2 * 5^2 * 11^1 * 17^1 * 29^1 * 31^1 * 41^1 * 53^1,0,"7,13,19,23,37,43,47",
405768,2,"2,3,7,11,13,29,53",2^3 * 3^1 * 7^4 * 11^1 * 13^2 * 29^1 * 53^1,0,"5,17,19,23,31,37,41,43,47",
406350,2,"2,3,5,7,11,17,41,43,53",2^1 * 3^3 * 5^2 * 7^1 * 11^1 * 17^1 * 41^1 * 43^1 * 53^1,0,"13,19,23,29,31,37,47",
407835,2,"2,3,5,11,13,19,23,31,53",2^2 * 3^4 * 5^1 * 11^1 * 13^1 * 19^1 * 23^1 * 31^1 * 53^1,0,"7,17,29,37,41,43,47",
410669,2,"2,3,5,7,13,17,29",2^1 * 3^5 * 5^1 * 7^2 * 13^2 * 17^2 * 29^1,0,"11,19,23,31,37,41,43,47,53",
412090,2,"2,5,7,19,23,29,41",2^1 * 5^1 * 7^2 * 19^1 * 23^2 * 29^2 * 41^1,0,"3,11,13,17,31,37,43,47,53",
416024,2,"2,3,5,7,17,19,23,43",2^3 * 3^2 * 5^2 * 7^1 * 17^1 * 19^1 * 23^1 * 43^2,0,"11,13,29,31,37,41,47,53",
418760,2,"2,3,5,7,17,19,23,29",2^3 * 3^2 * 5^1 * 7^1 * 17^2 * 19^2 * 23^1 * 29^1,0,"11,13,31,37,41,43,47,53",
419120,2,"2,3,5,13,19,31,43",2^4 * 3^3 * 5^1 * 13^2 * 19^2 * 31^1 * 43^1,0,"7,11,17,23,29,37,41,47,53",
422576,2,"2,3,7,11,37,47",2^4 * 3^5 * 7^4 * 11^1 * 37^1 * 47^1,0,"5,13,17,19,23,29,31,41,43,53",
427720,2,"2,5,7,17,29,37,43",2^3 * 5^1 * 7^3 * 17^2 * 29^1 * 37^1 * 43^1,0,"3,11,13,19,23,31,41,47,53",
430559,2,"2,3,5,13,17,19,23,31,43",2^5 * 3^2 * 5^1 * 13^1 * 17^1 * 19^1 * 23^1 * 31^1 * 43^1,0,"7,11,29,37,41,47,53",
431375,2,"2,3,5,7,11,17,19,29,43",2^4 * 3^1 * 5^3 * 7^1 * 11^1 * 17^1 * 19^1 * 29^1 * 43^1,0,"13,23,31,37,41,47,53",
432344,2,"2,3,5,11,17,19,37,41",2^3 * 3^1 * 5^1 * 11^1 * 17^3 * 19^1 * 37^1 * 41^1,0,"7,13,23,29,31,43,47,53",
436449,2,"2,3,5,7,13,19,29,31,43",2^1 * 3^1 * 5^2 * 7^1 * 13^1 * 19^2 * 29^1 * 31^1 * 43^1,0,"11,17,23,37,41,47,53",
439263,2,"2,3,7,11,17,29,37,53",2^5 * 3^4 * 7^1 * 11^1 * 17^1 * 29^1 * 37^1 * 53^1,0,"5,13,19,23,31,41,43,47",
443555,2,"2,3,5,7,19,23,29,37",2^2 * 3^4 * 5^1 * 7^1 * 19^1 * 23^1 * 29^1 * 37^2,0,"11,13,17,31,41,43,47,53",
446368,2,"2,7,11,13,17,29,31,37",2^5 * 7^1 * 11^2 * 13^1 * 17^1 * 29^1 * 31^1 * 37^1,0,"3,5,19,23,41,43,47,53",
453375,2,"2,3,5,7,11,13,23,31",2^8 * 3^2 * 5^3 * 7^1 * 11^1 * 13^1 * 23^1 * 31^1,0,"17,19,29,37,41,43,47,53",
453870,2,"2,3,5,11,31,41",2^1 * 3^3 * 5^1 * 11^4 * 31^1 * 41^2,0,"7,13,17,19,23,29,37,43,47,53",
456875,2,"2,3,5,7,17,37,43",2^2 * 3^2 * 5^4 * 7^3 * 17^1 * 37^1 * 43^1,0,"11,13,19,23,29,31,41,47,53",
459172,2,"2,7,11,13,19,23,31",2^2 * 7^1 * 11^1 * 13^3 * 19^1 * 23^2 * 31^1,0,"3,5,17,29,37,41,43,47,53",
459799,2,"2,5,11,17,19,37,43",2^3 * 5^2 * 11^2 * 17^2 * 19^1 * 37^1 * 43^1,0,"3,7,13,23,29,31,41,47,53",
461824,2,"2,5,7,11,13,29,41",2^10 * 5^2 * 7^2 * 11^1 * 13^1 * 29^1 * 41^1,0,"3,17,19,23,31,37,43,47,53",
463749,2,"2,3,5,7,11,13,23,47,53",2^1 * 3^1 * 5^4 * 7^1 * 11^1 * 13^1 * 23^1 * 47^1 * 53^1,0,"17,19,29,31,37,41,43",
466088,2,"2,3,7,13,17,19,29,37,41",2^3 * 3^1 * 7^2 * 13^1 * 17^1 * 19^1 * 29^1 * 37^1 * 41^1,0,"5,11,23,31,43,47,53",
466829,2,"2,3,5,7,11,13,19,31,37",2^1 * 3^3 * 5^1 * 7^1 * 11^1 * 13^1 * 19^1 * 31^1 * 37^2,0,"17,23,29,41,43,47,53",
469567,2,"2,7,11,23,29,37",2^6 * 7^3 * 11^1 * 23^1 * 29^1 * 37^2,0,"3,5,13,17,19,31,41,43,47,53",
474720,2,"2,3,5,13,23,43,53",2^5 * 3^1 * 5^1 * 13^2 * 23^1 * 43^1 * 53^2,0,"7,11,17,19,29,31,37,41,47",
476748,2,"2,3,7,13,17,19,31,41",2^2 * 3^2 * 7^1 * 13^3 * 17^1 * 19^1 * 31^1 * 41^1,0,"5,11,23,29,37,43,47,53",
478224,2,"2,3,5,11,37,41,47",2^4 * 3^6 * 5^2 * 11^1 * 37^1 * 41^1 * 47^1,0,"7,13,17,19,23,29,31,43,53",
482447,2,"2,3,7,19,23,41",2^4 * 3^1 * 7^1 * 19^1 * 23^2 * 41^3,0,"5,11,13,17,29,31,37,43,47,53",
487577,2,"2,3,7,13,17,19,23,29,43,47",2^1 * 3^1 * 7^1 * 13^1 * 17^1 * 19^1 * 23^1 * 29^1 * 43^1 * 47^1,0,"5,11,31,37,41,53",
488565,2,"2,3,5,7,11,13,19,23,43,47",2^1 * 3^3 * 5^1 * 7^1 * 11^1 * 13^1 * 19^1 * 23^1 * 43^1 * 47^1,0,"17,29,31,37,41,53",
489984,2,"2,3,5,11,29,43,53",2^9 * 3^1 * 5^1 * 11^1 * 29^1 * 43^2 * 53^1,0,"7,13,17,19,23,31,37,41,47",
491877,2,"2,3,17,23,31,37,41,43",2^1 * 3^2 * 17^2 * 23^1 * 31^1 * 37^1 * 41^1 * 43^1,0,"5,7,11,13,19,29,47,53",
493695,2,"2,3,5,7,19,23,29,53",2^7 * 3^4 * 5^1 * 7^1 * 19^1 * 23^1 * 29^1 * 53^1,0,"11,13,17,31,37,41,43,47",
494208,2,"2,3,11,13,19,37",2^7 * 3^3 * 11^1 * 13^1 * 19^2 * 37^2,0,"5,7,17,23,29,31,41,43,47,53",
495144,2,"2,3,5,7,13,23,43,47",2^3 * 3^2 * 5^1 * 7^2 * 13^1 * 23^2 * 43^1 * 47^1,0,"11,17,19,29,31,37,41,53",
495615,2,"2,3,5,11,19,37,47",2^12 * 3^1 * 5^1 * 11^2 * 19^1 * 37^1 * 47^1,0,"7,13,17,23,29,31,41,43,53",
496132,2,"2,7,11,13,23,29,37,47,53",2^2 * 7^1 * 11^1 * 13^1 * 23^1 * 29^1 * 37^1 * 47^1 * 53^1,0,"3,5,17,19,31,41,43",
498575,2,"2,3,5,7,11,13,17,37,47",2^4 * 3^1 * 5^2 * 7^2 * 11^1 * 13^1 * 17^1 * 37^1 * 47^1,0,"19,23,29,31,41,43,53",
501423,2,"2,3,7,11,13,23,37,43",2^4 * 3^1 * 7^1 * 11^2 * 13^2 * 23^1 * 37^1 * 43^1,0,"5,17,19,29,31,41,47,53",
507528,2,"2,3,7,11,19,29,37,43,53",2^3 * 3^2 * 7^1 * 11^1 * 19^1 * 29^1 * 37^1 * 43^1 * 53^1,0,"5,13,17,23,31,41,47",
509795,2,"2,3,5,7,11,13,17,23,31",2^2 * 3^2 * 5^1 * 7^2 * 11^1 * 13^1 * 17^2 * 23^1 * 31^1,0,"19,29,37,41,43,47,53",
512000,2,"2,3,5,7,43",2^12 * 3^5 * 5^3 * 7^2 * 43^1,0,"11,13,17,19,23,29,31,37,41,47,53",
512487,2,"2,3,19,29,37,47",2^3 * 3^6 * 19^1 * 29^1 * 37^1 * 47^2,0,"5,7,11,13,17,23,31,41,43,53",
515871,2,"2,3,7,31,43,47",2^5 * 3^2 * 7^3 * 31^1 * 43^2 * 47^1,0,"5,11,13,17,19,23,29,37,41,53",
518075,2,"2,3,5,13,17,23,41,53",2^2 * 3^5 * 5^2 * 13^1 * 17^1 * 23^1 * 41^1 * 53^1,0,"7,11,19,29,31,37,43,47",
524799,2,"2,3,5,11,19,31,41",2^9 * 3^4 * 5^2 * 11^1 * 19^1 * 31^1 * 41^1,0,"7,13,17,23,29,37,43,47,53",
527136,2,"2,3,13,17,19,23,41,43",2^5 * 3^1 * 13^1 * 17^2 * 19^1 * 23^1 * 41^1 * 43^1,0,"5,7,11,29,31,37,47,53",
536238,2,"2,3,11,29,31,41",2^1 * 3^2 * 11^1 * 29^1 * 31^3 * 41^2,0,"5,7,13,17,19,23,37,43,47,53",
540175,2,"2,5,7,13,17,31,41,53",2^4 * 5^2 * 7^2 * 13^1 * 17^1 * 31^1 * 41^1 * 53^1,0,"3,11,19,23,29,37,43,47",
544824,2,"2,3,5,7,19,23,31,37,47",2^3 * 3^2 * 5^2 * 7^1 * 19^1 * 23^1 * 31^1 * 37^1 * 47^1,0,"11,13,17,29,41,43,53",
549080,2,"2,3,5,7,13,19,37,53",2^3 * 3^2 * 5^1 * 7^1 * 13^2 * 19^2 * 37^1 * 53^1,0,"11,17,23,29,31,41,43,47",
558656,2,"2,3,7,11,19,29,43",2^6 * 3^5 * 7^1 * 11^2 * 19^1 * 29^1 * 43^1,0,"5,13,17,23,31,37,41,47,53",
561924,2,"2,3,5,7,11,13,19,43",2^2 * 3^3 * 5^2 * 7^1 * 11^2 * 13^2 * 19^1 * 43^1,0,"17,23,29,31,37,41,47,53",
563549,2,"2,3,5,7,13,17,31,53",2^1 * 3^1 * 5^2 * 7^3 * 13^1 * 17^2 * 31^1 * 53^1,0,"11,19,23,29,37,41,43,47",
587264,2,"2,3,5,7,17,31,37,47",2^9 * 3^1 * 5^1 * 7^2 * 17^1 * 31^1 * 37^1 * 47^1,0,"11,13,19,23,29,41,43,53",
589743,2,"2,3,7,11,23,29,31,37,41",2^4 * 3^2 * 7^1 * 11^1 * 23^1 * 29^1 * 31^1 * 37^1 * 41^1,0,"5,13,17,19,43,47,53",
589874,2,"2,3,5,11,13,19,43",2^1 * 3^1 * 5^3 * 11^2 * 13^1 * 19^3 * 43^1,0,"7,17,23,29,31,37,41,47,53",
591260,2,"2,3,5,11,17,19,23,37,41,47",2^2 * 3^1 * 5^1 * 11^1 * 17^1 * 19^1 * 23^1 * 37^1 * 41^1 * 47^1,0,"7,13,29,31,43,53",
601425,2,"2,3,5,7,11,17,19",2^1 * 3^7 * 5^2 * 7^2 * 11^1 * 17^1 * 19^2,0,"13,23,29,31,37,41,43,47,53",
602822,2,"2,3,11,13,29,41,47,53",2^1 * 3^1 * 11^2 * 13^2 * 29^1 * 41^1 * 47^1 * 53^1,0,"5,7,17,19,23,31,37,43",
609500,2,"2,3,5,17,19,23,37,53",2^2 * 3^1 * 5^3 * 17^2 * 19^1 * 23^1 * 37^1 * 53^1,0,"7,11,13,29,31,41,43,47",
610203,2,"2,3,7,11,19,31,37,41",2^2 * 3^1 * 7^1 * 11^2 * 19^1 * 31^1 * 37^1 * 41^2,0,"5,13,17,23,29,43,47,53",
611610,2,"2,3,5,7,11,13,19,29,37,47",2^1 * 3^1 * 5^1 * 7^1 * 11^1 * 13^2 * 19^1 * 29^1 * 37^1 * 47^1,0,"17,23,31,41,43,53",
612255,2,"2,3,5,7,17,19,53",2^5 * 3^1 * 5^1 * 7^4 * 17^1 * 19^2 * 53^1,0,"11,13,23,29,31,37,41,43,47",
613088,2,"2,3,7,17,23,29",2^5 * 3^6 * 7^2 * 17^1 * 23^1 * 29^2,0,"5,11,13,19,31,37,41,43,47,53",
614384,2,"2,3,5,19,37,41,43,47",2^4 * 3^4 * 5^1 * 19^1 * 37^1 * 41^1 * 43^1 * 47^1,0,"7,11,13,17,23,29,31,53",
622080,2,"2,3,5,17,23,37,43",2^9 * 3^5 * 5^1 * 17^1 * 23^1 * 37^1 * 43^1,0,"7,11,13,19,29,31,41,47,53",
627095,2,"2,3,5,7,17,19,23,29,41,53",2^3 * 3^1 * 5^1 * 7^1 * 17^1 * 19^1 * 23^1 * 29^1 * 41^1 * 53^1,0,"11,13,31,37,43,47",
631071,2,"2,3,7,13,37,41,53",2^5 * 3^5 * 7^2 * 13^1 * 37^1 * 41^1 * 53^1,0,"5,11,17,19,23,29,31,43,47",
633555,2,"2,3,5,7,11,13,17,19",2^2 * 3^3 * 5^1 * 7^1 * 11^3 * 13^1 * 17^1 * 19^2,0,"23,29,31,37,41,43,47,53",
638000,2,"2,3,5,7,11,13,19,29,41",2^4 * 3^2 * 5^3 * 7^1 * 11^1 * 13^1 * 19^1 * 29^1 * 41^1,0,"17,23,31,37,43,47,53",
638400,2,"2,3,5,7,17,19,47",2^6 * 3^1 * 5^2 * 7^1 * 17^2 * 19^1 * 47^2,0,"11,13,23,29,31,37,41,43,53",
640871,2,"2,3,7,11,23,29,41,43",2^3 * 3^4 * 7^2 * 11^1 * 23^1 * 29^1 * 41^1 * 43^1,0,"5,13,17,19,31,37,47,53",
643125,2,"2,3,5,7,11,23,31,41",2^1 * 3^1 * 5^4 * 7^3 * 11^1 * 23^1 * 31^1 * 41^1,0,"13,17,19,29,37,43,47,53",
649727,2,"2,3,13,23,41,47,53",2^9 * 3^3 * 13^1 * 23^1 * 41^1 * 47^1 * 53^1,0,"5,7,11,17,19,29,31,37,43",
657305,2,"2,3,5,11,13,17,19,37,53",2^1 * 3^2 * 5^1 * 11^1 * 13^1 * 17^1 * 19^1 * 37^1 * 53^2,0,"7,23,29,31,41,43,47",
658502,2,"2,3,13,19,29,31,43",2^1 * 3^3 * 13^1 * 19^1 * 29^3 * 31^1 * 43^1,0,"5,7,11,17,23,37,41,47,53",
660114,2,"2,3,5,7,13,31,47,53",2^1 * 3^2 * 5^1 * 7^1 * 13^2 * 31^1 * 47^1 * 53^2,0,"11,17,19,23,29,37,41,43",
660960,2,"2,3,5,7,17,41,47",2^5 * 3^5 * 5^1 * 7^3 * 17^1 * 41^1 * 47^1,0,"11,13,19,23,29,31,37,43,53",
675583,2,"2,7,13,19,29,31,37",2^8 * 7^1 * 13^1 * 19^1 * 29^1 * 31^2 * 37^1,0,"3,5,11,17,23,41,43,47,53",
676544,2,"2,3,5,11,23,31,37,53",2^6 * 3^1 * 5^1 * 11^1 * 23^1 * 31^2 * 37^1 * 53^1,0,"7,13,17,19,29,41,43,47",
679041,2,"2,3,7,11,13,19,41",2^1 * 3^2 * 7^2 * 11^1 * 13^2 * 19^3 * 41^1,0,"5,17,23,29,31,37,43,47,53",
688127,2,"2,3,7,11,47",2^15 * 3^1 * 7^1 * 11^4 * 47^1,0,"5,13,17,19,23,29,31,37,41,43,53",
695266,2,"2,11,13,17,19,23,37,43",2^1 * 11^2 * 13^2 * 17^1 * 19^1 * 23^1 * 37^1 * 43^1,0,"3,5,7,29,31,41,47,53",
709136,2,"2,3,11,13,19,23,29,41,47",2^4 * 3^2 * 11^1 * 13^1 * 19^1 * 23^1 * 29^1 * 41^1 * 47^1,0,"5,7,17,31,37,43,53",
709631,2,"2,3,7,11,13,17,19",2^10 * 3^2 * 7^1 * 11^1 * 13^3 * 17^1 * 19^1,0,"5,23,29,31,37,41,43,47,53",
715715,2,"2,3,5,7,11,13,47",2^2 * 3^4 * 5^1 * 7^1 * 11^2 * 13^2 * 47^2,0,"17,19,23,29,31,37,41,43,53",
717408,2,"2,3,7,11,47,53",2^5 * 3^2 * 7^2 * 11^4 * 47^1 * 53^1,0,"5,13,17,19,23,29,31,37,41,43",
728364,2,"2,3,5,7,11,13,17,19,23,29,41",2^2 * 3^1 * 5^1 * 7^1 * 11^1 * 13^1 * 17^1 * 19^1 * 23^1 * 29^1 * 41^1,0,"31,37,43,47,53",
733149,2,"2,3,5,11,29,31,43,53",2^1 * 3^2 * 5^2 * 11^1 * 29^1 * 31^1 * 43^1 * 53^2,0,"7,13,17,19,23,37,41,47",
763994,2,"2,3,5,7,11,31,41,53",2^1 * 3^1 * 5^1 * 7^1 * 11^3 * 31^2 * 41^1 * 53^1,0,"13,17,19,23,29,37,43,47",
769119,2,"2,3,5,11,13,19,23,37,41",2^5 * 3^1 * 5^1 * 11^1 * 13^2 * 19^1 * 23^1 * 37^1 * 41^1,0,"7,17,29,31,43,47,53",
773604,2,"2,3,5,7,13,19,23,29,31",2^2 * 3^3 * 5^1 * 7^1 * 13^1 * 19^1 * 23^1 * 29^1 * 31^2,0,"11,17,37,41,43,47,53",
775124,2,"2,3,5,7,13,19,31,47,53",2^2 * 3^2 * 5^3 * 7^1 * 13^1 * 19^1 * 31^1 * 47^1 * 53^1,0,"11,17,23,29,37,41,43",
776580,2,"2,3,5,7,13,31,41,43,47",2^2 * 3^1 * 5^1 * 7^1 * 13^1 * 31^1 * 41^1 * 43^2 * 47^1,0,"11,17,19,23,29,37,53",
777924,2,"2,3,5,7,29,37",2^2 * 3^4 * 5^2 * 7^4 * 29^2 * 37^1,0,"11,13,17,19,23,31,41,43,47,53",
779246,2,"2,3,7,13,17,19,31,41,43",2^1 * 3^3 * 7^2 * 13^1 * 17^1 * 19^1 * 31^1 * 41^1 * 43^1,0,"5,11,23,29,37,47,53",
787175,2,"2,3,5,13,23,29,37",2^3 * 3^2 * 5^2 * 13^1 * 23^1 * 29^2 * 37^2,0,"7,11,17,19,31,41,43,47,53",
788480,2,"2,3,5,7,11,19,29,53",2^11 * 3^3 * 5^1 * 7^1 * 11^1 * 19^1 * 29^1 * 53^1,0,"13,17,23,31,37,41,43,47",
788799,2,"2,3,5,11,17,29,41,53",2^6 * 3^1 * 5^2 * 11^2 * 17^1 * 29^1 * 41^1 * 53^1,0,"7,13,19,23,31,37,43,47",
790855,2,"2,5,11,13,19,23,43",2^3 * 5^1 * 11^2 * 13^1 * 19^1 * 23^3 * 43^1,0,"3,7,17,29,31,37,41,47,53",
798720,2,"2,3,5,7,11,13,23,41",2^12 * 3^1 * 5^1 * 7^1 * 11^2 * 13^1 * 23^1 * 41^1,0,"17,19,29,31,37,43,47,53",
799799,2,"2,3,5,7,11,13,17,31,43,47",2^3 * 3^1 * 5^2 * 7^1 * 11^1 * 13^1 * 17^1 * 31^1 * 43^1 * 47^1,0,"19,23,29,37,41,53",
809999,2,"2,3,5,17,29,31,53",2^4 * 3^4 * 5^4 * 17^1 * 29^1 * 31^1 * 53^1,0,"7,11,13,19,23,37,41,43,47",
811800,2,"2,3,5,11,17,41,53",2^3 * 3^2 * 5^2 * 11^1 * 17^2 * 41^1 * 53^2,0,"7,13,19,23,29,31,37,43,47",
812889,2,"2,3,5,7,11,13,17,23,37",2^1 * 3^3 * 5^1 * 7^1 * 11^1 * 13^3 * 17^1 * 23^1 * 37^1,0,"19,29,31,41,43,47,53",
813603,2,"2,3,7,11,17,41,43,53",2^2 * 3^1 * 7^1 * 11^2 * 17^1 * 41^2 * 43^1 * 53^1,0,"5,13,19,23,29,31,37,47",
814928,2,"2,3,17,19,29,31,53",2^4 * 3^1 * 17^1 * 19^1 * 29^2 * 31^2 * 53^1,0,"5,7,11,13,23,37,41,43,47",
833000,2,"2,3,5,7,13,17,31,53",2^3 * 3^1 * 5^3 * 7^2 * 13^2 * 17^1 * 31^1 * 53^1,0,"11,19,23,29,37,41,43,47",
834272,2,"2,3,11,29,31,53",2^5 * 3^3 * 11^1 * 29^2 * 31^1 * 53^2,0,"5,7,13,17,19,23,37,41,43,47",
837199,2,"2,5,7,11,13,17,23,37",2^4 * 5^2 * 7^1 * 11^3 * 13^1 * 17^1 * 23^1 * 37^1,0,"3,19,29,31,41,43,47,53",
850135,2,"2,5,7,11,13,17,19,29,41,47",2^3 * 5^1 * 7^1 * 11^1 * 13^1 * 17^1 * 19^1 * 29^1 * 41^1 * 47^1,0,"3,23,31,37,43,53",
852345,2,"2,3,5,11,13,17,31,43,47,53",2^1 * 3^2 * 5^1 * 11^1 * 13^1 * 17^1 * 31^1 * 43^1 * 47^1 * 53^1,0,"7,19,23,29,37,41",
852929,2,"2,3,5,7,11,13,19,53",2^1 * 3^8 * 5^1 * 7^1 * 11^2 * 13^1 * 19^1 * 53^1,0,"17,23,29,31,37,41,43,47",
862575,2,"2,3,5,7,11,13,29,31,53",2^4 * 3^1 * 5^2 * 7^1 * 11^1 * 13^2 * 29^1 * 31^1 * 53^1,0,"17,19,23,37,41,43,47",
863939,2,"2,3,5,7,11,17,29,31",2^2 * 3^1 * 5^1 * 7^1 * 11^2 * 17^1 * 29^1 * 31^3,0,"13,19,23,37,41,43,47,53",
864800,2,"2,3,5,7,23,37,47,53",2^5 * 3^2 * 5^2 * 7^2 * 23^1 * 37^1 * 47^1 * 53^1,0,"11,13,17,19,29,31,41,43",
866761,2,"2,7,13,17,19,37,53",2^1 * 7^4 * 13^1 * 17^1 * 19^2 * 37^1 * 53^1,0,"3,5,11,23,29,31,41,43,47",
867008,2,"2,3,11,13,19,23,31,43,47",2^6 * 3^1 * 11^1 * 13^1 * 19^1 * 23^1 * 31^1 * 43^1 * 47^1,0,"5,7,17,29,37,41,53",
886445,2,"2,3,5,7,11,19,31,37,43",2^1 * 3^2 * 5^1 * 7^1 * 11^3 * 19^1 * 31^1 * 37^1 * 43^1,0,"13,17,23,29,41,47,53",
887777,2,"2,3,11,23,29,31,37,43",2^1 * 3^2 * 11^3 * 23^1 * 29^1 * 31^1 * 37^1 * 43^1,0,"5,7,13,17,19,41,47,53",
912950,2,"2,3,5,13,17,19,31",2^1 * 3^5 * 5^2 * 13^1 * 17^2 * 19^1 * 31^2,0,"7,11,23,29,37,41,43,47,53",
919125,2,"2,3,5,13,19,23,29,43,53",2^1 * 3^2 * 5^3 * 13^1 * 19^1 * 23^1 * 29^1 * 43^1 * 53^1,0,"7,11,17,31,37,41,47",
923520,2,"2,3,5,13,31,37",2^7 * 3^1 * 5^1 * 13^1 * 31^4 * 37^1,0,"7,11,17,19,23,29,41,43,47,53",
924160,2,"2,5,7,19,47,53",2^9 * 5^1 * 7^1 * 19^2 * 47^1 * 53^2,0,"3,11,13,17,23,29,31,37,41,43",
925100,2,"2,3,5,11,29,47",2^2 * 3^9 * 5^2 * 11^1 * 29^2 * 47^1,0,"7,13,17,19,23,31,37,41,43,53",
947375,2,"2,3,5,11,13,17,43,53",2^4 * 3^4 * 5^3 * 11^1 * 13^1 * 17^1 * 43^1 * 53^1,0,"7,19,23,29,31,37,41,47",
949025,2,"2,3,5,7,11,13,17,23,29",2^1 * 3^1 * 5^2 * 7^1 * 11^1 * 13^1 * 17^1 * 23^3 * 29^1,0,"19,31,37,41,43,47,53",
955695,2,"2,3,5,7,13,23,29,53",2^4 * 3^1 * 5^1 * 7^2 * 13^3 * 23^1 * 29^1 * 53^1,0,"11,17,19,31,37,41,43,47",
968575,2,"2,5,7,17,23,43,47,53",2^7 * 5^2 * 7^1 * 17^1 * 23^1 * 43^1 * 47^1 * 53^1,0,"3,11,13,19,29,31,37,41",
974168,2,"2,3,7,13,17,19,29,47",2^3 * 3^2 * 7^2 * 13^1 * 17^1 * 19^1 * 29^1 * 47^2,0,"5,11,23,31,37,41,43,53",
976143,2,"2,3,7,13,19,23,43,47",2^4 * 3^1 * 7^1 * 13^2 * 19^2 * 23^1 * 43^1 * 47^1,0,"5,11,17,29,31,37,41,53",
978120,2,"2,3,5,11,13,19,23,43",2^3 * 3^2 * 5^1 * 11^1 * 13^1 * 19^1 * 23^2 * 43^2,0,"7,17,29,31,37,41,47,53",
981824,2,"2,3,5,13,19,23,29,53",2^6 * 3^1 * 5^2 * 13^1 * 19^1 * 23^2 * 29^1 * 53^1,0,"7,11,17,31,37,41,43,47",
986271,2,"2,3,7,11,13,17,19,37",2^5 * 3^1 * 7^2 * 11^3 * 13^1 * 17^1 * 19^1 * 37^1,0,"5,23,29,31,41,43,47,53",
994014,2,"2,3,5,7,11,23,31,53",2^1 * 3^2 * 5^1 * 7^4 * 11^2 * 23^1 * 31^1 * 53^1,0,"13,17,19,29,37,41,43,47",
999999,2,"2,3,5,7,11,13,37",2^6 * 3^3 * 5^6 * 7^1 * 11^1 * 13^1 * 37^1,0,"17,19,23,29,31,41,43,47,53",
1008272,2,"2,3,7,19,29,41,53",2^4 * 3^1 * 7^2 * 19^3 * 29^1 * 41^1 * 53^1,0,"5,11,13,17,23,31,37,43,47",
1011839,2,"2,3,5,17,23,29,31,37,41",2^7 * 3^1 * 5^1 * 17^1 * 23^1 * 29^1 * 31^1 * 37^1 * 41^1,0,"7,11,13,19,43,47,53",
1031744,2,"2,3,5,7,11,13,37,47",2^6 * 3^1 * 5^1 * 7^3 * 11^1 * 13^2 * 37^1 * 47^1,0,"17,19,23,29,31,41,43,53",
1048575,2,"2,3,5,11,31,41",2^20 * 3^1 * 5^2 * 11^1 * 31^1 * 41^1,0,"7,13,17,19,23,29,37,43,47,53",
1050624,2,"2,3,5,19,41",2^11 * 3^3 * 5^4 * 19^1 * 41^2,0,"7,11,13,17,23,29,31,37,43,47,53",
1055240,2,"2,3,5,11,17,19,23,31,37",2^3 * 3^3 * 5^1 * 11^2 * 17^1 * 19^1 * 23^1 * 31^1 * 37^1,0,"7,13,29,41,43,47,53",
1057349,2,"2,3,5,7,17,19,37,41,53",2^1 * 3^1 * 5^2 * 7^1 * 17^1 * 19^1 * 37^1 * 41^2 * 53^1,0,"11,13,23,29,31,43,47",
1071224,2,"2,3,5,7,11,23,37,47",2^3 * 3^4 * 5^2 * 7^1 * 11^1 * 23^2 * 37^1 * 47^1,0,"13,17,19,29,31,41,43,53",
1082564,2,"2,3,5,7,11,23,41",2^2 * 3^9 * 5^1 * 7^1 * 11^1 * 23^1 * 41^2,0,"13,17,19,29,31,37,43,47,53",
1096199,2,"2,3,5,7,13,29,37,43,53",2^3 * 3^3 * 5^2 * 7^1 * 13^1 * 29^1 * 37^1 * 43^1 * 53^1,0,"11,17,19,23,31,41,47",
1103724,2,"2,3,5,7,17,23,31,43,53",2^2 * 3^2 * 5^2 * 7^2 * 17^1 * 23^1 * 31^1 * 43^1 * 53^1,0,"11,13,19,29,37,41,47",
1104375,2,"2,3,5,7,13,19,31,37,41",2^3 * 3^1 * 5^4 * 7^1 * 13^1 * 19^1 * 31^1 * 37^1 * 41^1,0,"11,17,23,29,43,47,53",
1114112,2,"2,3,7,11,13,17,53",2^16 * 3^1 * 7^2 * 11^1 * 13^1 * 17^1 * 53^1,0,"5,19,23,29,31,37,41,43,47",
1114749,2,"2,3,5,7,13,19,41,53",2^1 * 3^3 * 5^3 * 7^3 * 13^1 * 19^1 * 41^1 * 53^1,0,"11,17,23,29,31,37,43,47",
1143284,2,"2,3,5,11,13,17,23,41,43",2^2 * 3^1 * 5^1 * 11^1 * 13^2 * 17^2 * 23^1 * 41^1 * 43^1,0,"7,19,29,31,37,47,53",
1147124,2,"2,3,5,7,11,19,23,29,31",2^2 * 3^1 * 5^3 * 7^1 * 11^1 * 19^1 * 23^1 * 29^2 * 31^1,0,"13,17,37,41,43,47,53",
1152920,2,"2,3,5,7,11,19,23,31,37,41",2^3 * 3^1 * 5^1 * 7^2 * 11^1 * 19^1 * 23^1 * 31^1 * 37^1 * 41^1,0,"13,17,29,43,47,53",
1154439,2,"2,3,5,7,11,13,19,23,31",2^3 * 3^3 * 5^1 * 7^2 * 11^1 * 13^2 * 19^1 * 23^1 * 31^1,0,"17,29,37,41,43,47,53",
1163799,2,"2,3,5,7,11,13,23,29",2^3 * 3^2 * 5^2 * 7^3 * 11^1 * 13^1 * 23^2 * 29^1,0,"17,19,31,37,41,43,47,53",
1187144,2,"2,3,5,7,17,23,29,31,37,43",2^3 * 3^2 * 5^1 * 7^1 * 17^1 * 23^1 * 29^1 * 31^1 * 37^1 * 43^1,0,"11,13,19,41,47,53",
1205644,2,"2,5,7,11,19,37,47,53",2^2 * 5^1 * 7^3 * 11^2 * 19^1 * 37^1 * 47^1 * 53^1,0,"3,13,17,23,29,31,41,43",
1205645,2,"2,3,5,7,13,19,29,37,41",2^1 * 3^1 * 5^1 * 7^3 * 13^2 * 19^1 * 29^1 * 37^1 * 41^1,0,"11,17,23,31,43,47,53",
1212083,2,"2,3,17,29,37,41,43,47",2^2 * 3^5 * 17^1 * 29^1 * 37^1 * 41^1 * 43^1 * 47^1,0,"5,7,11,13,19,23,31,53",
1213681,2,"2,7,17,19,31,41,47",2^1 * 7^2 * 17^1 * 19^2 * 31^1 * 41^2 * 47^1,0,"3,5,11,13,23,29,37,43,53",
1217159,2,"2,3,5,7,19,23,29,47",2^3 * 3^3 * 5^1 * 7^2 * 19^1 * 23^1 * 29^1 * 47^2,0,"11,13,17,31,37,41,43,53",
1228122,2,"2,3,7,13,19,43",2^1 * 3^5 * 7^1 * 13^4 * 19^2 * 43^1,0,"5,11,17,23,29,31,37,41,47,53",
1233024,2,"2,3,5,13,19,31,37,43",2^7 * 3^1 * 5^2 * 13^2 * 19^1 * 31^1 * 37^1 * 43^1,0,"7,11,17,23,29,41,47,53",
1233468,2,"2,3,17,37,47,53",2^2 * 3^8 * 17^1 * 37^2 * 47^1 * 53^1,0,"5,7,11,13,19,23,29,31,41,43",
1235168,2,"2,3,11,13,17,23,29",2^5 * 3^5 * 11^3 * 13^1 * 17^1 * 23^1 * 29^1,0,"5,7,19,31,37,41,43,47,53",
1235535,2,"2,3,5,7,31,41,47,53",2^4 * 3^1 * 5^1 * 7^2 * 31^1 * 41^2 * 47^1 * 53^1,0,"11,13,17,19,23,29,37,43",
1241316,2,"2,3,7,11,29,41,47",2^2 * 3^2 * 7^4 * 11^1 * 29^2 * 41^1 * 47^1,0,"5,13,17,19,23,31,37,43,53",
1243839,2,"2,3,5,13,17,23,29",2^6 * 3^1 * 5^1 * 13^2 * 17^1 * 23^1 * 29^3,0,"7,11,19,31,37,41,43,47,53",
1255040,2,"2,3,5,23,37,43,47,53",2^7 * 3^3 * 5^1 * 23^1 * 37^1 * 43^1 * 47^1 * 53^1,0,"7,11,13,17,19,29,31,41",
1255500,2,"2,3,5,13,17,19,23,31",2^2 * 3^4 * 5^3 * 13^2 * 17^1 * 19^1 * 23^1 * 31^1,0,"7,11,29,37,41,43,47,53",
1269359,2,"2,3,5,7,13,29,37,41,43",2^4 * 3^2 * 5^1 * 7^1 * 13^2 * 29^1 * 37^1 * 41^1 * 43^1,0,"11,17,19,23,31,47,53",
1273418,2,"2,3,7,17,19,23,29,31,41,47",2^1 * 3^2 * 7^1 * 17^1 * 19^1 * 23^1 * 29^1 * 31^1 * 41^1 * 47^1,0,"5,11,13,37,43,53",
1294299,2,"2,3,5,7,19,29,43",2^2 * 3^4 * 5^2 * 7^1 * 19^1 * 29^2 * 43^2,0,"11,13,17,23,31,37,41,47,53",
1294370,2,"2,3,5,7,11,13,23,37,41",2^1 * 3^2 * 5^1 * 7^1 * 11^1 * 13^2 * 23^1 * 37^1 * 41^2,0,"17,19,29,31,43,47,53",
1302651,2,"2,3,7,13,23,29,31,41,47",2^2 * 3^2 * 7^1 * 13^2 * 23^1 * 29^1 * 31^1 * 41^1 * 47^1,0,"5,11,17,19,37,43,53",
1319625,2,"2,3,5,7,11,17,19,23,41",2^1 * 3^3 * 5^3 * 7^1 * 11^2 * 17^1 * 19^1 * 23^1 * 41^1,0,"13,29,31,37,43,47,53",
1324224,2,"2,3,5,7,11,19,23,47",2^6 * 3^2 * 5^2 * 7^2 * 11^2 * 19^1 * 23^1 * 47^1,0,"13,17,29,31,37,41,43,53",
1331967,2,"2,3,7,11,13,17,41,43",2^8 * 3^1 * 7^2 * 11^2 * 13^1 * 17^1 * 41^1 * 43^1,0,"5,19,23,29,31,37,47,53",
1341249,2,"2,3,5,7,13,17,29,37",2^1 * 3^1 * 5^4 * 7^1 * 13^1 * 17^3 * 29^1 * 37^1,0,"11,19,23,31,41,43,47,53",
1344717,2,"2,3,11,17,23,31,41,47",2^1 * 3^2 * 11^1 * 17^2 * 23^2 * 31^1 * 41^1 * 47^1,0,"5,7,13,19,29,37,43,53",
1359897,2,"2,3,7,11,17,23,29,37,47",2^1 * 3^1 * 7^2 * 11^1 * 17^1 * 23^1 * 29^2 * 37^1 * 47^1,0,"5,13,19,31,41,43,53",
1362635,2,"2,3,5,11,17,23,31,37,41",2^2 * 3^3 * 5^1 * 11^1 * 17^2 * 23^1 * 31^1 * 37^1 * 41^1,0,"7,13,19,29,43,47,53",
1370109,2,"2,3,5,7,13,19,23,37,43",2^1 * 3^1 * 5^1 * 7^1 * 13^1 * 19^1 * 23^2 * 37^1 * 43^2,0,"11,17,29,31,41,47,53",
1402874,2,"2,3,5,11,17,29,31,43",2^1 * 3^2 * 5^3 * 11^3 * 17^1 * 29^1 * 31^1 * 43^1,0,"7,13,19,23,37,41,47,53",
1413720,2,"2,3,5,7,11,17,29,41",2^3 * 3^3 * 5^1 * 7^1 * 11^1 * 17^1 * 29^2 * 41^2,0,"13,19,23,31,37,43,47,53",
1437500,2,"2,3,5,13,23,29,31,41",2^2 * 3^1 * 5^6 * 13^1 * 23^1 * 29^1 * 31^1 * 41^1,0,"7,11,17,19,37,43,47,53",
1442925,2,"2,3,5,11,17,31,37,53",2^1 * 3^2 * 5^2 * 11^2 * 17^1 * 31^1 * 37^2 * 53^1,0,"7,13,19,23,29,41,43,47",
1459161,2,"2,3,11,17,19,43,47",2^1 * 3^3 * 11^1 * 17^3 * 19^2 * 43^1 * 47^1,0,"5,7,13,23,29,31,37,41,53",
1460150,2,"2,3,5,7,11,19,29,43,53",2^1 * 3^2 * 5^2 * 7^3 * 11^1 * 19^1 * 29^1 * 43^1 * 53^1,0,"13,17,23,31,37,41,47",
1462499,2,"2,3,5,13,29,37,47",2^2 * 3^2 * 5^5 * 13^1 * 29^2 * 37^1 * 47^1,0,"7,11,17,19,23,31,41,43,53",
1472499,2,"2,3,5,7,19,31,53",2^2 * 3^4 * 5^4 * 7^3 * 19^1 * 31^1 * 53^1,0,"11,13,17,23,29,37,41,43,47",
1510784,2,"2,3,5,11,19,29,31,37",2^7 * 3^3 * 5^1 * 11^1 * 19^2 * 29^1 * 31^1 * 37^1,0,"7,13,17,23,41,43,47,53",
1515482,2,"2,3,17,29,37,41,53",2^1 * 3^3 * 17^1 * 29^2 * 37^2 * 41^1 * 53^1,0,"5,7,11,13,19,23,31,43,47",
1518803,2,"2,3,7,11,13,19,41,43",2^2 * 3^3 * 7^3 * 11^1 * 13^2 * 19^1 * 41^1 * 43^1,0,"5,17,23,29,31,37,47,53",
1536639,2,"2,3,5,7,13,31,41",2^7 * 3^1 * 5^1 * 7^4 * 13^1 * 31^2 * 41^1,0,"11,17,19,23,29,37,43,47,53",
1594175,2,"2,3,5,11,17,19,23,31",2^6 * 3^1 * 5^2 * 11^2 * 17^1 * 19^2 * 23^1 * 31^1,0,"7,13,29,37,41,43,47,53",
1600312,2,"2,7,11,13,17,19,31,41",2^3 * 7^1 * 11^1 * 13^1 * 17^1 * 19^2 * 31^1 * 41^2,0,"3,5,23,29,37,43,47,53",
1608574,2,"2,5,11,17,23,37,47",2^1 * 5^2 * 11^2 * 17^2 * 23^1 * 37^2 * 47^1,0,"3,7,13,19,29,31,41,43,53",
1625624,2,"2,3,5,7,11,13,17,29",2^3 * 3^2 * 5^4 * 7^2 * 11^1 * 13^1 * 17^2 * 29^1,0,"19,23,31,37,41,43,47,53",
1634660,2,"2,3,5,7,31,37,47",2^2 * 3^5 * 5^1 * 7^1 * 31^2 * 37^1 * 47^2,0,"11,13,17,19,23,29,41,43,53",
1643355,2,"2,3,5,7,11,13,17,37,47",2^2 * 3^3 * 5^1 * 7^1 * 11^1 * 13^3 * 17^1 * 37^1 * 47^1,0,"19,23,29,31,41,43,53",
1649200,2,"2,5,7,19,29,31,37,53",2^4 * 5^2 * 7^1 * 19^1 * 29^2 * 31^1 * 37^1 * 53^1,0,"3,11,13,17,23,41,43,47",
1652144,2,"2,3,5,11,13,17,19,31,47",2^4 * 3^1 * 5^1 * 11^1 * 13^3 * 17^1 * 19^1 * 31^1 * 47^1,0,"7,23,29,37,41,43,53",
1691018,2,"2,3,7,11,19,29,31,43,53",2^1 * 3^2 * 7^1 * 11^1 * 19^1 * 29^1 * 31^1 * 43^1 * 53^2,0,"5,13,17,23,37,41,47",
1708992,2,"2,3,11,13,17,19,23,37,43",2^6 * 3^3 * 11^1 * 13^1 * 17^1 * 19^1 * 23^1 * 37^1 * 43^1,0,"5,7,29,31,41,47,53",
1729749,2,"2,3,5,7,11,17,37,41",2^1 * 3^1 * 5^3 * 7^3 * 11^1 * 17^1 * 37^1 * 41^2,0,"13,19,23,29,31,43,47,53",
1739999,2,"2,3,5,29,31,37,41",2^5 * 3^1 * 5^4 * 29^1 * 31^1 * 37^2 * 41^1,0,"7,11,13,17,19,23,43,47,53",
1763124,2,"2,3,5,7,11,13,19,31,37",2^2 * 3^1 * 5^4 * 7^1 * 11^1 * 13^1 * 19^2 * 31^1 * 37^1,0,"17,23,29,41,43,47,53",
1770782,2,"2,3,7,13,31,37,43,53",2^1 * 3^1 * 7^1 * 13^4 * 31^1 * 37^1 * 43^1 * 53^1,0,"5,11,17,19,23,29,41,47",
1771560,2,"2,3,5,7,11,19,37",2^3 * 3^2 * 5^1 * 7^1 * 11^6 * 19^1 * 37^1,0,"13,17,23,29,31,41,43,47,53",
1774223,2,"2,3,11,31,37,43",2^4 * 3^4 * 11^3 * 31^1 * 37^2 * 43^1,0,"5,7,13,17,19,23,29,41,47,53",
1776888,2,"2,3,23,29,31,37,43",2^3 * 3^2 * 23^1 * 29^1 * 31^2 * 37^1 * 43^2,0,"5,7,11,13,17,19,41,47,53",
1815515,2,"2,3,5,13,17,29,31,37,47,53",2^2 * 3^2 * 5^1 * 13^1 * 17^1 * 29^1 * 31^1 * 37^1 * 47^1 * 53^1,0,"7,11,19,23,41,43",
1818242,2,"2,3,7,19,23,29,31,47",2^1 * 3^2 * 7^3 * 19^1 * 23^1 * 29^2 * 31^1 * 47^1,0,"5,11,13,17,37,41,43,53",
1820104,2,"2,5,7,11,13,17,19,23,37,43",2^3 * 5^1 * 7^2 * 11^1 * 13^1 * 17^1 * 19^1 * 23^1 * 37^1 * 43^1,0,"3,29,31,41,47,53",
1821875,2,"2,3,5,7,11,23,41,53",2^2 * 3^1 * 5^5 * 7^1 * 11^1 * 23^2 * 41^1 * 53^1,0,"13,17,19,29,31,37,43,47",
1852200,2,"2,3,5,7,13,17,29",2^3 * 3^3 * 5^2 * 7^3 * 13^1 * 17^3 * 29^1,0,"11,19,23,31,37,41,43,47,53",
1860495,2,"2,3,5,7,11,13,29,31,47",2^4 * 3^1 * 5^1 * 7^1 * 11^2 * 13^1 * 29^1 * 31^2 * 47^1,0,"17,19,23,37,41,43,53",
1893375,2,"2,3,5,11,17,43",2^10 * 3^4 * 5^3 * 11^1 * 17^1 * 43^2,0,"7,13,19,23,29,31,37,41,47,53",
1896128,2,"2,3,13,17,43,53",2^6 * 3^8 * 13^1 * 17^2 * 43^1 * 53^1,0,"5,7,11,19,23,29,31,37,41,47",
1916639,2,"2,3,5,11,29,43,53",2^5 * 3^2 * 5^1 * 11^3 * 29^2 * 43^1 * 53^1,0,"7,13,17,19,23,31,37,41,47",
1922960,2,"2,3,5,13,23,29,31,43",2^4 * 3^1 * 5^1 * 13^1 * 23^1 * 29^1 * 31^2 * 43^2,0,"7,11,17,19,37,41,47,53",
1946720,2,"2,3,5,7,17,19,23,41",2^5 * 3^1 * 5^1 * 7^2 * 17^1 * 19^1 * 23^3 * 41^1,0,"11,13,29,31,37,43,47,53",
1951641,2,"2,3,7,11,19,23,29,41,43",2^1 * 3^3 * 7^1 * 11^1 * 19^1 * 23^1 * 29^1 * 41^2 * 43^1,0,"5,13,17,31,37,47,53",
1973699,2,"2,3,5,7,13,17,23,41,43",2^2 * 3^3 * 5^2 * 7^1 * 13^1 * 17^1 * 23^2 * 41^1 * 43^1,0,"11,19,29,31,37,47,53",
1980874,2,"2,5,7,13,17,23,29,41,53",2^1 * 5^3 * 7^2 * 13^1 * 17^1 * 23^1 * 29^1 * 41^1 * 53^1,0,"3,11,19,31,37,43,47",
2001824,2,"2,3,5,7,11,31,41,47",2^5 * 3^2 * 5^2 * 7^1 * 11^3 * 31^1 * 41^1 * 47^1,0,"13,17,19,23,29,37,43,53",
2023424,2,"2,3,5,13,17,19,23",2^13 * 3^2 * 5^2 * 13^1 * 17^1 * 19^1 * 23^2,0,"7,11,29,31,37,41,43,47,53",
2055780,2,"2,3,5,7,13,19,29,41,47",2^2 * 3^7 * 5^1 * 7^1 * 13^1 * 19^1 * 29^1 * 41^1 * 47^1,0,"11,17,23,31,37,43,53",
2064615,2,"2,3,5,7,17,19,47,53",2^3 * 3^1 * 5^1 * 7^2 * 17^2 * 19^1 * 47^1 * 53^2,0,"11,13,23,29,31,37,41,43",
2067999,2,"2,3,5,11,17,23,41,43,47",2^5 * 3^1 * 5^3 * 11^1 * 17^1 * 23^1 * 41^1 * 43^1 * 47^1,0,"7,13,19,29,31,37,53",
2076255,2,"2,3,5,7,13,23,29,31,37,43",2^5 * 3^2 * 5^1 * 7^1 * 13^1 * 23^1 * 29^1 * 31^1 * 37^1 * 43^1,0,"11,17,19,41,47,53",
2085135,2,"2,3,5,13,17,19,37",2^4 * 3^1 * 5^1 * 13^1 * 17^2 * 19^4 * 37^1,0,"7,11,23,29,31,41,43,47,53",
2121749,2,"2,3,5,7,19,23,41,43,53",2^1 * 3^2 * 5^3 * 7^2 * 19^1 * 23^1 * 41^1 * 43^1 * 53^1,0,"11,13,17,29,31,37,47",
2122848,2,"2,3,7,13,31,47",2^5 * 3^6 * 7^1 * 13^1 * 31^2 * 47^2,0,"5,11,17,19,23,29,37,41,43,53",
2162094,2,"2,3,5,11,13,17,29,31,37,41,47",2^1 * 3^1 * 5^1 * 11^1 * 13^1 * 17^1 * 29^1 * 31^1 * 37^1 * 41^1 * 47^1,0,"7,19,23,43,53",
2185299,2,"2,3,5,13,17,23,41",2^2 * 3^5 * 5^2 * 13^1 * 17^1 * 23^2 * 41^2,0,"7,11,19,29,31,37,43,47,53",
2220777,2,"2,3,7,13,17,19,31,37,43",2^1 * 3^5 * 7^2 * 13^1 * 17^1 * 19^1 * 31^1 * 37^1 * 43^1,0,"5,11,23,29,41,47,53",
2267915,2,"2,3,5,7,13,19,23,29,37,41",2^2 * 3^1 * 5^1 * 7^3 * 13^1 * 19^1 * 23^1 * 29^1 * 37^1 * 41^1,0,"11,17,31,43,47,53",
2276351,2,"2,3,7,11,13,17,19,37,47",2^10 * 3^2 * 7^1 * 11^1 * 13^1 * 17^1 * 19^1 * 37^1 * 47^1,0,"5,23,29,31,41,43,53",
2285751,2,"2,3,7,13,17,29,43,47",2^3 * 3^1 * 7^5 * 13^1 * 17^1 * 29^1 * 43^1 * 47^1,0,"5,11,19,23,31,37,41,53",
2304323,2,"2,3,7,11,23,31,37,41",2^2 * 3^2 * 7^2 * 11^2 * 23^2 * 31^1 * 37^1 * 41^1,0,"5,13,17,19,29,43,47,53",
2307360,2,"2,3,5,7,11,19,23,31",2^5 * 3^1 * 5^1 * 7^4 * 11^1 * 19^1 * 23^1 * 31^2,0,"13,17,29,37,41,43,47,53",
2310399,2,"2,3,5,7,13,19,31",2^8 * 3^2 * 5^2 * 7^2 * 13^2 * 19^2 * 31^1,0,"11,17,23,29,37,41,43,47,53",
2345056,2,"2,7,11,13,19,23,29,31",2^5 * 7^1 * 11^1 * 13^1 * 19^2 * 23^2 * 29^1 * 31^1,0,"3,5,17,37,41,43,47,53",
2350079,2,"2,3,5,17,31,41,43",2^10 * 3^3 * 5^1 * 17^1 * 31^1 * 41^1 * 43^2,0,"7,11,13,19,23,29,37,47,53",
2351349,2,"2,3,5,7,11,13,29,31,37,41",2^1 * 3^4 * 5^2 * 7^1 * 11^1 * 13^1 * 29^1 * 31^1 * 37^1 * 41^1,0,"17,19,23,43,47,53",
2397680,2,"2,3,5,11,13,17,23,41,43",2^4 * 3^6 * 5^1 * 11^1 * 13^1 * 17^1 * 23^1 * 41^1 * 43^1,0,"7,19,29,31,37,47,53",
2404259,2,"2,3,5,11,13,17,19,23,37,43",2^2 * 3^2 * 5^1 * 11^1 * 13^1 * 17^1 * 19^2 * 23^1 * 37^1 * 43^1,0,"7,29,31,41,47,53",
2417875,2,"2,5,17,23,29,31,37",2^2 * 5^3 * 17^1 * 23^1 * 29^2 * 31^2 * 37^1,0,"3,7,11,13,19,41,43,47,53",
2468157,2,"2,3,7,11,19,31,43,47,53",2^1 * 3^1 * 7^1 * 11^2 * 19^2 * 31^1 * 43^1 * 47^1 * 53^1,0,"5,13,17,23,29,37,41",
2547534,2,"2,3,5,11,17,29,41,43",2^1 * 3^1 * 5^1 * 11^4 * 17^2 * 29^1 * 41^1 * 43^1,0,"7,13,19,23,31,37,47,53",
2553275,2,"2,3,5,11,23,29,41,47,53",2^2 * 3^1 * 5^2 * 11^1 * 23^1 * 29^2 * 41^1 * 47^1 * 53^1,0,"7,13,17,19,31,37,43",
2556800,2,"2,3,5,13,17,41,47",2^7 * 3^2 * 5^2 * 13^2 * 17^1 * 41^2 * 47^1,0,"7,11,19,23,29,31,37,43,53",
2560844,2,"2,3,5,7,11,13,29,37",2^2 * 3^1 * 5^1 * 7^1 * 11^3 * 13^1 * 29^3 * 37^1,0,"17,19,23,31,41,43,47,53",
2592512,2,"2,3,7,11,13,19,29,41,43",2^8 * 3^3 * 7^1 * 11^1 * 13^1 * 19^1 * 29^1 * 41^1 * 43^1,0,"5,17,23,31,37,47,53",
2598399,2,"2,3,5,7,17,29,37",2^9 * 3^5 * 5^2 * 7^1 * 17^2 * 29^1 * 37^1,0,"11,13,19,23,31,41,43,47,53",
2613247,2,"2,7,11,13,29,47",2^13 * 7^1 * 11^1 * 13^2 * 29^1 * 47^2,0,"3,5,17,19,23,31,37,41,43,53",
2697695,2,"2,3,5,7,11,13,17,19,29",2^5 * 3^2 * 5^1 * 7^3 * 11^2 * 13^1 * 17^1 * 19^1 * 29^1,0,"23,31,37,41,43,47,53",
2756159,2,"2,3,5,7,11,17,19,23,29,53",2^6 * 3^3 * 5^1 * 7^1 * 11^1 * 17^1 * 19^1 * 23^1 * 29^1 * 53^1,0,"13,31,37,41,43,47",
2758535,2,"2,3,5,11,13,31,37,43",2^3 * 3^6 * 5^1 * 11^1 * 13^1 * 31^1 * 37^2 * 43^1,0,"7,17,19,23,29,41,47,53",
2766749,2,"2,3,5,7,17,31,37,43,47",2^1 * 3^1 * 5^3 * 7^1 * 17^1 * 31^1 * 37^2 * 43^1 * 47^1,0,"11,13,19,23,29,41,53",
2772224,2,"2,3,5,7,13,17,37",2^8 * 3^4 * 5^2 * 7^2 * 13^1 * 17^1 * 37^2,0,"11,19,23,29,31,41,43,47,53",
2804229,2,"2,3,5,11,13,19,23,31,37,53",2^1 * 3^2 * 5^1 * 11^1 * 13^1 * 19^1 * 23^2 * 31^1 * 37^1 * 53^1,0,"7,17,29,41,43,47",
2812887,2,"2,3,7,11,13,17,37,41,43",2^3 * 3^4 * 7^1 * 11^2 * 13^1 * 17^1 * 37^1 * 41^1 * 43^1,0,"5,19,23,29,31,47,53",
2821455,2,"2,3,5,7,11,13,17,23,41,53",2^4 * 3^2 * 5^1 * 7^1 * 11^1 * 13^2 * 17^1 * 23^1 * 41^1 * 53^1,0,"19,29,31,37,43,47",
2825760,2,"2,3,5,7,29,41",2^5 * 3^1 * 5^1 * 7^1 * 29^2 * 41^4,0,"11,13,17,19,23,31,37,43,47,53",
2829123,2,"2,3,11,17,29,41",2^2 * 3^2 * 11^1 * 17^1 * 29^4 * 41^2,0,"5,7,13,19,23,31,37,43,47,53",
2893400,2,"2,3,5,7,17,23,37",2^3 * 3^10 * 5^2 * 7^2 * 17^1 * 23^1 * 37^1,0,"11,13,19,29,31,41,43,47,53",
2926924,2,"2,5,7,11,13,17,43,47,53",2^2 * 5^2 * 7^1 * 11^1 * 13^1 * 17^1 * 43^1 * 47^2 * 53^1,0,"3,19,23,29,31,37,41",
2962700,2,"2,3,5,7,13,31,37,41,43,53",2^2 * 3^2 * 5^2 * 7^1 * 13^1 * 31^1 * 37^1 * 41^1 * 43^1 * 53^1,0,"11,17,19,23,29,47",
2988776,2,"2,3,7,11,19,41,47,53",2^3 * 3^1 * 7^1 * 11^1 * 19^1 * 41^1 * 47^2 * 53^2,0,"5,13,17,23,29,31,37,43",
3031335,2,"2,3,5,7,11,19,31,37,41,53",2^3 * 3^2 * 5^1 * 7^2 * 11^1 * 19^1 * 31^1 * 37^1 * 41^1 * 53^1,0,"13,17,23,29,43,47",
3059000,2,"2,3,5,7,11,19,23,53",2^3 * 3^2 * 5^3 * 7^1 * 11^2 * 19^1 * 23^1 * 53^2,0,"13,17,29,31,37,41,43,47",
3063807,2,"2,3,11,17,19,23,41",2^14 * 3^2 * 11^1 * 17^1 * 19^2 * 23^1 * 41^1,0,"5,7,13,29,31,37,43,47,53",
3102449,2,"2,3,5,7,13,17,29,31,37,43",2^1 * 3^1 * 5^2 * 7^1 * 13^1 * 17^1 * 29^2 * 31^1 * 37^1 * 43^1,0,"11,19,23,41,47,53",
3107874,2,"2,3,5,7,11,23,31,47",2^1 * 3^1 * 5^3 * 7^2 * 11^1 * 23^2 * 31^2 * 47^1,0,"13,17,19,29,37,41,43,53",
3116399,2,"2,3,5,7,11,13,19,31,37,53",2^4 * 3^1 * 5^2 * 7^2 * 11^1 * 13^1 * 19^1 * 31^1 * 37^1 * 53^1,0,"17,23,29,41,43,47",
3156543,2,"2,3,13,17,23,31,37,43",2^6 * 3^3 * 13^1 * 17^1 * 23^2 * 31^1 * 37^1 * 43^1,0,"5,7,11,19,29,41,47,53",
3162159,2,"2,3,5,7,11,13,29,47",2^4 * 3^5 * 5^1 * 7^1 * 11^1 * 13^2 * 29^2 * 47^1,0,"17,19,23,31,37,41,43,53",
3206268,2,"2,3,11,13,17,19,23,29,31",2^2 * 3^2 * 11^1 * 13^2 * 17^1 * 19^1 * 23^2 * 29^1 * 31^1,0,"5,7,37,41,43,47,53",
3258024,2,"2,3,5,7,11,19,41,43",2^3 * 3^1 * 5^2 * 7^1 * 11^1 * 19^4 * 41^1 * 43^1,0,"13,17,23,29,31,37,47,53",
3301375,2,"2,5,7,11,13,31",2^13 * 5^3 * 7^4 * 11^1 * 13^1 * 31^1,0,"3,17,19,23,29,37,41,43,47,53",
3331250,2,"2,3,5,7,11,13,19,23,41",2^1 * 3^2 * 5^5 * 7^1 * 11^2 * 13^1 * 19^1 * 23^1 * 41^1,0,"17,29,31,37,43,47,53",
3342975,2,"2,3,5,7,13,29,41,53",2^7 * 3^1 * 5^2 * 7^2 * 13^1 * 29^2 * 41^1 * 53^1,0,"11,17,19,23,31,37,43,47",
3346109,2,"2,3,5,13,17,19,23,31",2^1 * 3^9 * 5^1 * 13^1 * 17^1 * 19^2 * 23^1 * 31^1,0,"7,11,29,37,41,43,47,53",
3418800,2,"2,3,5,7,11,37,43",2^4 * 3^1 * 5^2 * 7^1 * 11^1 * 37^1 * 43^4,0,"13,17,19,23,29,31,41,47,53",
3430583,2,"2,3,13,17,19,29,31,43,53",2^3 * 3^2 * 13^1 * 17^1 * 19^2 * 29^1 * 31^1 * 43^1 * 53^1,0,"5,7,11,23,37,41,47",
3453839,2,"2,3,5,13,17,19,37,41",2^4 * 3^4 * 5^1 * 13^1 * 17^3 * 19^1 * 37^1 * 41^1,0,"7,11,23,29,31,43,47,53",
3520495,2,"2,5,7,11,17,23,43",2^4 * 5^1 * 7^1 * 11^3 * 17^1 * 23^2 * 43^2,0,"3,13,19,29,31,37,41,47,53",
3556995,2,"2,3,5,13,17,23,29,37,41",2^2 * 3^1 * 5^1 * 13^1 * 17^1 * 23^2 * 29^1 * 37^1 * 41^2,0,"7,11,19,31,43,47,53",
3578454,2,"2,3,5,11,23,29,31,37,53",2^1 * 3^2 * 5^1 * 11^2 * 23^1 * 29^2 * 31^1 * 37^1 * 53^1,0,"7,13,17,19,41,43,47",
3681839,2,"2,3,5,7,19,23,29,31,47",2^4 * 3^1 * 5^1 * 7^1 * 19^2 * 23^2 * 29^1 * 31^1 * 47^1,0,"11,13,17,37,41,43,53",
3685175,2,"2,3,5,11,13,17,23,29,47",2^3 * 3^4 * 5^2 * 11^2 * 13^1 * 17^1 * 23^1 * 29^1 * 47^1,0,"7,19,31,37,41,43,53",
3699849,2,"2,3,5,7,11,23,29,31,43",2^1 * 3^1 * 5^2 * 7^1 * 11^1 * 23^1 * 29^1 * 31^2 * 43^2,0,"13,17,19,37,41,47,53",
3742375,2,"2,5,7,11,13,23,43,47",2^3 * 5^3 * 7^2 * 11^1 * 13^1 * 23^1 * 43^2 * 47^1,0,"3,17,19,29,31,37,41,53",
3757509,2,"2,3,5,7,17,23,31,47",2^1 * 3^5 * 5^1 * 7^1 * 17^1 * 23^1 * 31^2 * 47^2,0,"11,13,19,29,37,41,43,53",
3832191,2,"2,3,7,11,13,17,23,47",2^7 * 3^4 * 7^2 * 11^2 * 13^1 * 17^1 * 23^1 * 47^1,0,"5,19,29,31,37,41,43,53",
3864575,2,"2,3,5,11,13,17,23,37,47",2^11 * 3^1 * 5^2 * 11^1 * 13^1 * 17^1 * 23^1 * 37^1 * 47^1,0,"7,19,29,31,41,43,53",
3894467,2,"2,3,19,29,31,41,43,47",2^2 * 3^1 * 19^2 * 29^1 * 31^1 * 41^1 * 43^1 * 47^2,0,"5,7,11,13,17,23,37,53",
3897165,2,"2,3,5,7,13,17,19,23,29,31",2^1 * 3^1 * 5^1 * 7^3 * 13^1 * 17^2 * 19^1 * 23^1 * 29^1 * 31^1,0,"11,37,41,43,47,53",
3912138,2,"2,3,7,11,19,23,31,41,47",2^1 * 3^4 * 7^1 * 11^1 * 19^1 * 23^1 * 31^1 * 41^1 * 47^2,0,"5,13,17,29,37,43,53",
3930399,2,"2,3,5,11,17,29,37",2^5 * 3^2 * 5^2 * 11^1 * 17^3 * 29^1 * 37^2,0,"7,13,19,23,31,41,43,47,53",
3939649,2,"2,5,7,11,13,19,29,37,41,53",2^1 * 5^2 * 7^2 * 11^1 * 13^1 * 19^1 * 29^1 * 37^1 * 41^1 * 53^1,0,"3,17,23,31,43,47",
3995000,2,"2,3,5,17,31,37,43,47",2^3 * 3^4 * 5^4 * 17^1 * 31^1 * 37^1 * 43^1 * 47^1,0,"7,11,13,19,23,29,41,53",
4004000,2,"2,3,5,7,11,13,23,29",2^5 * 3^2 * 5^3 * 7^1 * 11^1 * 13^1 * 23^2 * 29^2,0,"17,19,31,37,41,43,47,53",
4020951,2,"2,3,11,13,19,23,41,53",2^3 * 3^1 * 11^3 * 13^1 * 19^1 * 23^1 * 41^2 * 53^1,0,"5,7,17,29,31,37,43,47",
4060224,2,"2,3,5,7,13,19,31,53",2^6 * 3^2 * 5^2 * 7^1 * 13^2 * 19^1 * 31^2 * 53^1,0,"11,17,23,29,37,41,43,47",
4090624,2,"2,5,7,11,17,19,29",2^8 * 5^5 * 7^1 * 11^1 * 17^1 * 19^1 * 29^2,0,"3,13,23,31,37,41,43,47,53",
4096575,2,"2,3,5,7,11,17,23",2^6 * 3^4 * 5^2 * 7^1 * 11^2 * 17^2 * 23^2,0,"13,19,29,31,37,41,43,47,53",
4243455,2,"2,3,5,7,17,37,43",2^14 * 3^3 * 5^1 * 7^1 * 17^1 * 37^1 * 43^2,0,"11,13,19,23,29,31,41,47,53",
4324375,2,"2,5,7,11,17,31,37,47,53",2^3 * 5^4 * 7^1 * 11^1 * 17^1 * 31^1 * 37^1 * 47^1 * 53^1,0,"3,13,19,23,29,41,43",
4375680,2,"2,3,5,17,19,23,31,43,53",2^7 * 3^1 * 5^1 * 17^1 * 19^2 * 23^1 * 31^1 * 43^1 * 53^1,0,"7,11,13,29,37,41,47",
4439448,2,"2,3,7,13,17,31,43",2^3 * 3^4 * 7^4 * 13^1 * 17^1 * 31^1 * 43^2,0,"5,11,19,23,29,37,41,47,53",
4443663,2,"2,3,7,17,19,31,37,43",2^4 * 3^1 * 7^2 * 17^2 * 19^1 * 31^2 * 37^1 * 43^1,0,"5,11,13,23,29,41,47,53",
4448925,2,"2,3,5,13,19,47,53",2^1 * 3^4 * 5^2 * 13^3 * 19^1 * 47^2 * 53^1,0,"7,11,17,23,29,31,37,41,43",
4492124,2,"2,3,5,7,11,13,41,43",2^2 * 3^3 * 5^3 * 7^2 * 11^3 * 13^1 * 41^1 * 43^1,0,"17,19,23,29,31,37,47,53",
4526522,2,"2,3,7,11,13,17,19,29,41,47",2^1 * 3^4 * 7^2 * 11^1 * 13^1 * 17^1 * 19^1 * 29^1 * 41^1 * 47^1,0,"5,23,31,37,43,53",
4588310,2,"2,3,5,7,13,19,31,41",2^1 * 3^1 * 5^1 * 7^6 * 13^1 * 19^2 * 31^1 * 41^1,0,"11,17,23,29,37,43,47,53",
4688719,2,"2,5,7,17,29,31,41,43,47",2^4 * 5^1 * 7^1 * 17^1 * 29^1 * 31^2 * 41^1 * 43^1 * 47^1,0,"3,11,13,19,23,37,53",
4712499,2,"2,3,5,11,13,29,41,43",2^2 * 3^5 * 5^5 * 11^1 * 13^1 * 29^1 * 41^1 * 43^1,0,"7,17,19,23,31,37,47,53",
4731375,2,"2,3,5,11,13,23,31,37,43",2^4 * 3^1 * 5^3 * 11^1 * 13^1 * 23^2 * 31^1 * 37^1 * 43^1,0,"7,17,19,29,41,47,53",
4765599,2,"2,3,5,7,19,23,29,31,37",2^5 * 3^2 * 5^2 * 7^1 * 19^1 * 23^1 * 29^1 * 31^2 * 37^1,0,"11,13,17,41,43,47,53",
4812129,2,"2,3,5,7,19,23,31,41,43",2^1 * 3^6 * 5^1 * 7^1 * 19^2 * 23^1 * 31^1 * 41^1 * 43^1,0,"11,13,17,29,37,47,53",
4860504,2,"2,3,5,11,13,17,19,37,43,47",2^3 * 3^2 * 5^1 * 11^1 * 13^1 * 17^1 * 19^2 * 37^1 * 43^1 * 47^1,0,"7,23,29,31,41,53",
4879680,2,"2,3,5,13,17,23,47",2^6 * 3^1 * 5^1 * 13^1 * 17^1 * 23^1 * 47^4,0,"7,11,19,29,31,37,41,43,53",
4987527,2,"2,3,7,13,17,23,31,41,43",2^3 * 3^1 * 7^1 * 13^2 * 17^1 * 23^1 * 31^1 * 41^2 * 43^1,0,"5,11,19,29,37,47,53",
5085024,2,"2,3,5,7,11,23,41,47",2^5 * 3^1 * 5^2 * 7^2 * 11^2 * 23^1 * 41^2 * 47^1,0,"13,17,19,29,31,37,43,53",
5134374,2,"2,3,5,7,17,31,47,53",2^1 * 3^3 * 5^5 * 7^1 * 17^2 * 31^1 * 47^1 * 53^1,0,"11,13,19,23,29,37,41,43",
5142500,2,"2,3,5,7,11,13,17,23",2^2 * 3^3 * 5^4 * 7^2 * 11^2 * 13^2 * 17^1 * 23^1,0,"19,29,31,37,41,43,47,53",
5267024,2,"2,3,5,7,17,31,37,41",2^4 * 3^6 * 5^2 * 7^1 * 17^2 * 31^1 * 37^1 * 41^1,0,"11,13,19,23,29,43,47,53",
5319600,2,"2,3,5,7,11,13,19,23,31,37,47",2^4 * 3^1 * 5^2 * 7^1 * 11^1 * 13^1 * 19^1 * 23^1 * 31^1 * 37^1 * 47^1,0,"17,29,41,43,53",
5344625,2,"2,3,5,7,11,13,23,53",2^1 * 3^1 * 5^3 * 7^5 * 11^1 * 13^2 * 23^1 * 53^1,0,"17,19,29,31,37,41,43,47",
5370596,2,"2,3,7,11,19,29,47,53",2^2 * 3^3 * 7^2 * 11^1 * 19^3 * 29^1 * 47^1 * 53^1,0,"5,13,17,23,31,37,41,43",
5420415,2,"2,3,5,7,11,13,17,19,47,53",2^7 * 3^1 * 5^1 * 7^1 * 11^1 * 13^1 * 17^1 * 19^2 * 47^1 * 53^1,0,"23,29,31,37,41,43",
5479404,2,"2,3,5,7,23,29,31,37,41,43,53",2^2 * 3^1 * 5^1 * 7^1 * 23^1 * 29^1 * 31^1 * 37^1 * 41^1 * 43^1 * 53^1,0,"11,13,17,19,47",
5538974,2,"2,3,5,7,13,17,19,23,37",2^1 * 3^1 * 5^2 * 7^1 * 13^2 * 17^2 * 19^1 * 23^1 * 37^2,0,"11,29,31,41,43,47,53",
5541711,2,"2,3,7,11,17,19,23,37,43",2^4 * 3^1 * 7^1 * 11^1 * 17^1 * 19^2 * 23^1 * 37^2 * 43^1,0,"5,13,29,31,41,47,53",
5551325,2,"2,3,5,11,13,19,23,29,31,53",2^1 * 3^2 * 5^2 * 11^1 * 13^1 * 19^1 * 23^2 * 29^1 * 31^1 * 53^1,0,"7,17,37,41,43,47",
5909760,2,"2,3,5,11,13,17,19",2^8 * 3^5 * 5^1 * 11^2 * 13^2 * 17^2 * 19^1,0,"7,23,29,31,37,41,43,47,53",
6159020,2,"2,3,5,7,11,19,29,37,41,47",2^2 * 3^1 * 5^1 * 7^1 * 11^2 * 19^2 * 29^1 * 37^1 * 41^1 * 47^1,0,"13,17,23,31,43,53",
6292362,2,"2,3,7,11,17,19,23,29,43",2^1 * 3^1 * 7^1 * 11^2 * 17^1 * 19^1 * 23^1 * 29^3 * 43^1,0,"5,13,31,37,41,47,53",
6362624,2,"2,3,5,17,19,43,47",2^9 * 3^1 * 5^3 * 17^2 * 19^2 * 43^1 * 47^1,0,"7,11,13,23,29,31,37,41,53",
6458880,2,"2,3,5,11,13,29,31,47",2^9 * 3^1 * 5^1 * 11^1 * 13^1 * 29^2 * 31^2 * 47^1,0,"7,17,19,23,37,41,43,53",
6615674,2,"2,3,5,11,13,23,37",2^1 * 3^7 * 5^2 * 11^2 * 13^2 * 23^2 * 37^1,0,"7,17,19,29,31,41,43,47,53",
6677055,2,"2,3,5,7,11,17,19,41,47",2^6 * 3^2 * 5^1 * 7^1 * 11^1 * 17^2 * 19^2 * 41^1 * 47^1,0,"13,23,29,31,37,43,53",
6702624,2,"2,3,5,17,29,37,43",2^5 * 3^2 * 5^3 * 17^1 * 29^1 * 37^2 * 43^2,0,"7,11,13,19,23,31,41,47,53",
6770555,2,"2,3,5,11,13,17,19,23,31,37",2^2 * 3^2 * 5^1 * 11^2 * 13^1 * 17^1 * 19^2 * 23^1 * 31^1 * 37^1,0,"7,29,41,43,47,53",
6813520,2,"2,5,7,11,13,23,29,31,53",2^4 * 5^1 * 7^1 * 11^1 * 13^1 * 23^3 * 29^1 * 31^1 * 53^1,0,"3,17,19,37,41,43,47",
6978125,2,"2,3,5,7,11,17,29,37,43",2^1 * 3^1 * 5^5 * 7^1 * 11^1 * 17^1 * 29^1 * 37^1 * 43^2,0,"13,19,23,31,41,47,53",
7047039,2,"2,3,5,7,11,13,23,41,47,53",2^7 * 3^1 * 5^1 * 7^1 * 11^2 * 13^1 * 23^1 * 41^1 * 47^1 * 53^1,0,"17,19,29,31,37,43",
7102224,2,"2,3,5,13,31,37,41,43",2^4 * 3^2 * 5^2 * 13^2 * 31^1 * 37^1 * 41^2 * 43^1,0,"7,11,17,19,23,29,47,53",
7104999,2,"2,3,5,7,11,23,29,37",2^3 * 3^1 * 5^4 * 7^2 * 11^2 * 23^2 * 29^1 * 37^1,0,"13,17,19,31,41,43,47,53",
7153024,2,"2,5,11,19,29,37,41,47",2^7 * 5^2 * 11^1 * 19^1 * 29^1 * 37^2 * 41^1 * 47^1,0,"3,7,13,17,23,31,43,53",
7240640,2,"2,3,5,11,17,37,41,43",2^6 * 3^1 * 5^1 * 11^3 * 17^1 * 37^2 * 41^1 * 43^1,0,"7,13,19,23,29,31,47,53",
7255625,2,"2,3,5,7,13,19,23,29,37,47",2^1 * 3^1 * 5^4 * 7^2 * 13^1 * 19^1 * 23^1 * 29^1 * 37^1 * 47^1,0,"11,17,31,41,43,53",
7313999,2,"2,3,5,7,11,23,43,47,53",2^4 * 3^1 * 5^3 * 7^1 * 11^1 * 23^1 * 43^1 * 47^2 * 53^1,0,"13,17,19,29,31,37,41",
7331624,2,"2,3,5,7,17,19,31,37,47",2^3 * 3^2 * 5^3 * 7^3 * 17^1 * 19^1 * 31^1 * 37^1 * 47^1,0,"11,13,23,29,41,43,53",
7474999,2,"2,5,7,13,19,23,31,37",2^3 * 5^5 * 7^3 * 13^1 * 19^1 * 23^1 * 31^1 * 37^1,0,"3,11,17,29,41,43,47,53",
7491168,2,"2,3,7,17,19,23,37",2^5 * 3^2 * 7^2 * 17^2 * 19^1 * 23^2 * 37^2,0,"5,11,13,29,31,41,43,47,53",
7590024,2,"2,3,5,13,17,19,29,53",2^3 * 3^4 * 5^2 * 13^1 * 17^1 * 19^2 * 29^2 * 53^1,0,"7,11,23,31,37,41,43,47",
7696766,2,"2,3,7,11,13,17,19,23,41,47,53",2^1 * 3^1 * 7^1 * 11^1 * 13^2 * 17^1 * 19^1 * 23^1 * 41^1 * 47^1 * 53^1,0,"5,29,31,37,43",
7727400,2,"2,3,5,11,17,31,43,53",2^3 * 3^6 * 5^2 * 11^1 * 17^1 * 31^2 * 43^1 * 53^1,0,"7,13,19,23,29,37,41,47",
7728819,2,"2,3,5,7,11,19,29,37,43",2^2 * 3^1 * 5^1 * 7^4 * 11^1 * 19^1 * 29^1 * 37^1 * 43^2,0,"13,17,23,31,41,47,53",
8035754,2,"2,3,5,7,13,29,41,43,53",2^1 * 3^1 * 5^1 * 7^2 * 13^1 * 29^2 * 41^1 * 43^2 * 53^1,0,"11,17,19,23,31,37,47",
8070699,2,"2,3,5,7,11,13,17,23,29,37,47",2^2 * 3^1 * 5^2 * 7^1 * 11^2 * 13^1 * 17^1 * 23^1 * 29^1 * 37^1 * 47^1,0,"19,31,41,43,53",
8268799,2,"2,5,7,11,17,19,23,29",2^10 * 5^2 * 7^2 * 11^1 * 17^1 * 19^1 * 23^2 * 29^1,0,"3,13,31,37,41,43,47,53",
8282574,2,"2,3,5,7,19,29,41,43,47,53",2^1 * 3^4 * 5^2 * 7^1 * 19^1 * 29^1 * 41^1 * 43^1 * 47^1 * 53^1,0,"11,13,17,23,31,37",
8319375,2,"2,3,5,13,17,23,29,37,47",2^4 * 3^3 * 5^4 * 13^1 * 17^1 * 23^1 * 29^1 * 37^1 * 47^1,0,"7,11,19,31,41,43,53",
8497224,2,"2,3,5,11,31,47,53",2^3 * 3^6 * 5^2 * 11^2 * 31^1 * 47^1 * 53^2,0,"7,13,17,19,23,29,37,41,43",
8555624,2,"2,3,5,7,11,13,17,19,43",2^3 * 3^4 * 5^4 * 7^1 * 11^1 * 13^2 * 17^1 * 19^1 * 43^1,0,"23,29,31,37,41,47,53",
8577359,2,"2,3,5,7,11,19,29,31,47",2^4 * 3^3 * 5^1 * 7^1 * 11^1 * 19^2 * 29^2 * 31^1 * 47^1,0,"13,17,23,37,41,43,53",
8797788,2,"2,3,7,11,13,17,29,47,53",2^2 * 3^3 * 7^1 * 11^2 * 13^1 * 17^1 * 29^1 * 47^1 * 53^2,0,"5,19,23,31,37,41,43",
8889776,2,"2,3,7,13,17,19,23,29,31,43",2^4 * 3^3 * 7^2 * 13^1 * 17^1 * 19^1 * 23^1 * 29^1 * 31^1 * 43^1,0,"5,11,37,41,47,53",
8912375,2,"2,3,5,11,31,37,41,47",2^3 * 3^3 * 5^3 * 11^3 * 31^1 * 37^1 * 41^1 * 47^1,0,"7,13,17,19,23,29,43,53",
8934464,2,"2,3,5,7,11,19,23,29,37,47",2^6 * 3^1 * 5^1 * 7^3 * 11^1 * 19^1 * 23^1 * 29^1 * 37^1 * 47^1,0,"13,17,31,41,43,53",
9005282,2,"2,3,7,11,13,23,29,31,37,53",2^1 * 3^3 * 7^1 * 11^1 * 13^1 * 23^1 * 29^1 * 31^1 * 37^2 * 53^1,0,"5,17,19,41,43,47",
9064484,2,"2,3,5,11,13,17,23,41,53",2^2 * 3^2 * 5^1 * 11^1 * 13^2 * 17^3 * 23^1 * 41^1 * 53^1,0,"7,19,29,31,37,43,47",
9170264,2,"2,3,5,13,29,31,37,41,47",2^3 * 3^1 * 5^1 * 13^1 * 29^3 * 31^1 * 37^1 * 41^1 * 47^1,0,"7,11,17,19,23,43,53",
9174815,2,"2,3,5,7,13,17,19,23,37,41",2^5 * 3^3 * 5^1 * 7^1 * 13^1 * 17^1 * 19^2 * 23^1 * 37^1 * 41^1,0,"11,29,31,43,47,53",
9217824,2,"2,3,5,7,11,17,23,29,41,43",2^5 * 3^1 * 5^2 * 7^1 * 11^1 * 17^1 * 23^2 * 29^1 * 41^1 * 43^1,0,"13,19,31,37,47,53",
9222499,2,"2,5,7,11,13,17,31,41",2^2 * 5^4 * 7^1 * 11^3 * 13^2 * 17^1 * 31^1 * 41^1,0,"3,19,23,29,37,43,47,53",
9345104,2,"2,3,5,7,11,17,29,31,43,47",2^4 * 3^3 * 5^1 * 7^1 * 11^1 * 17^2 * 29^1 * 31^1 * 43^1 * 47^1,0,"13,19,23,37,41,53",
9458085,2,"2,3,5,7,11,13,17,19,41",2^1 * 3^1 * 5^1 * 7^1 * 11^4 * 13^3 * 17^1 * 19^1 * 41^1,0,"23,29,31,37,43,47,53",
9611875,2,"2,5,7,13,29,41,43,47",2^2 * 5^4 * 7^1 * 13^3 * 29^1 * 41^1 * 43^1 * 47^1,0,"3,11,17,19,23,31,37,53",
9901089,2,"2,3,5,11,17,19,31,37,41,53",2^1 * 3^3 * 5^1 * 11^1 * 17^1 * 19^1 * 31^1 * 37^1 * 41^2 * 53^1,0,"7,13,23,29,43,47",
10000165,2,"2,5,7,11,17,31,43",2^1 * 5^1 * 7^6 * 11^2 * 17^1 * 31^2 * 43^1,0,"3,13,19,23,29,37,41,47,53",
10088144,2,"2,3,5,11,19,23,31,43",2^4 * 3^5 * 5^1 * 11^1 * 19^2 * 23^1 * 31^1 * 43^2,0,"7,13,17,29,37,41,47,53",
10491039,2,"2,3,5,7,13,17,19,29,41",2^5 * 3^9 * 5^1 * 7^1 * 13^1 * 17^1 * 19^1 * 29^1 * 41^1,0,"11,23,31,37,43,47,53",
10556000,2,"2,3,5,7,13,19,29",2^5 * 3^4 * 5^3 * 7^1 * 13^1 * 19^4 * 29^1,0,"11,17,23,31,37,41,43,47,53",
10575376,2,"2,7,17,23,37,41,43,47",2^4 * 7^3 * 17^2 * 23^1 * 37^1 * 41^1 * 43^1 * 47^1,0,"3,5,11,13,19,29,31,53",
10932999,2,"2,3,5,7,11,13,19,29,47,53",2^3 * 3^1 * 5^3 * 7^1 * 11^1 * 13^1 * 19^1 * 29^2 * 47^1 * 53^1,0,"17,23,31,37,41,43",
10962467,2,"2,3,11,17,19,23,31,47,53",2^2 * 3^2 * 11^1 * 17^1 * 19^1 * 23^3 * 31^1 * 47^1 * 53^1,0,"5,7,13,29,37,41,43",
11156249,2,"2,3,5,7,13,17,19,31,47",2^1 * 3^1 * 5^6 * 7^1 * 13^1 * 17^1 * 19^1 * 31^2 * 47^1,0,"11,23,29,37,41,43,53",
11394999,2,"2,3,5,7,11,29,43,53",2^3 * 3^6 * 5^4 * 7^2 * 11^1 * 29^1 * 43^1 * 53^1,0,"13,17,19,23,31,37,41,47",
11465649,2,"2,3,5,7,13,17,41,43,47,53",2^1 * 3^2 * 5^2 * 7^1 * 13^1 * 17^1 * 41^1 * 43^2 * 47^1 * 53^1,0,"11,19,23,29,31,37",
11690624,2,"2,3,5,11,19,23,29,43",2^7 * 3^1 * 5^5 * 11^1 * 19^2 * 23^1 * 29^1 * 43^1,0,"7,13,17,31,37,41,47,53",
11859210,2,"2,3,5,7,11,13,19",2^1 * 3^4 * 5^1 * 7^1 * 11^4 * 13^1 * 19^4,0,"17,23,29,31,37,41,43,47,53",
12323584,2,"2,5,7,13,23,31,43",2^8 * 5^1 * 7^1 * 13^1 * 23^2 * 31^1 * 43^3,0,"3,11,17,19,29,37,41,47,53",
12662972,2,"2,3,7,23,31,41,53",2^2 * 3^5 * 7^2 * 23^1 * 31^1 * 41^2 * 53^2,0,"5,11,13,17,19,29,37,43,47",
12890625,2,"2,3,5,7,11,19,23,43",2^1 * 3^1 * 5^8 * 7^3 * 11^1 * 19^1 * 23^1 * 43^1,0,"13,17,29,31,37,41,47,53",
12973499,2,"2,3,5,7,11,17,31,53",2^2 * 3^3 * 5^3 * 7^1 * 11^2 * 17^2 * 31^2 * 53^1,0,"13,19,23,29,37,41,43,47",
13147875,2,"2,3,5,7,13,29,31,37",2^2 * 3^2 * 5^3 * 7^4 * 13^1 * 29^1 * 31^1 * 37^2,0,"11,17,19,23,41,43,47,53",
13463855,2,"2,3,5,7,19,23,37,47,53",2^4 * 3^2 * 5^1 * 7^1 * 19^2 * 23^1 * 37^1 * 47^2 * 53^1,0,"11,13,17,29,31,41,43",
13466816,2,"2,3,7,11,13,29,37,47",2^6 * 3^6 * 7^2 * 11^2 * 13^1 * 29^1 * 37^1 * 47^1,0,"5,17,19,23,31,41,43,53",
13644267,2,"2,3,7,11,13,17,23,29,37,41,53",2^2 * 3^1 * 7^1 * 11^1 * 13^1 * 17^2 * 23^1 * 29^1 * 37^1 * 41^1 * 53^1,0,"5,19,31,43,47",
13745536,2,"2,7,13,17,23,29,37,41",2^7 * 7^1 * 13^1 * 17^1 * 23^2 * 29^1 * 37^1 * 41^2,0,"3,5,11,19,31,43,47,53",
13994694,2,"2,3,5,7,11,13,23,37,41,43",2^1 * 3^4 * 5^1 * 7^2 * 11^1 * 13^1 * 23^2 * 37^1 * 41^1 * 43^1,0,"17,19,29,31,47,53",
14011875,2,"2,3,5,17,23,31,47,53",2^2 * 3^2 * 5^4 * 17^3 * 23^1 * 31^1 * 47^1 * 53^1,0,"7,11,13,19,29,37,41,43",
14019719,2,"2,3,5,7,11,13,19,23,31,43,53",2^3 * 3^1 * 5^1 * 7^1 * 11^1 * 13^1 * 19^1 * 23^1 * 31^1 * 43^1 * 53^2,0,"17,29,37,41,47",
14080572,2,"2,3,11,13,17,29,31,37",2^2 * 3^2 * 11^1 * 13^4 * 17^1 * 29^1 * 31^2 * 37^1,0,"5,7,19,23,41,43,47,53",
14169231,2,"2,3,7,11,19,31,41,43,47,53",2^4 * 3^2 * 7^2 * 11^1 * 19^1 * 31^1 * 41^1 * 43^1 * 47^1 * 53^1,0,"5,13,17,23,29,37",
14235528,2,"2,3,7,11,17,23,37,41",2^3 * 3^1 * 7^6 * 11^2 * 17^1 * 23^1 * 37^1 * 41^1,0,"5,13,19,29,31,43,47,53",
14330524,2,"2,5,11,13,17,29,31,41,43",2^2 * 5^2 * 11^1 * 13^2 * 17^1 * 29^1 * 31^1 * 41^2 * 43^1,0,"3,7,19,23,37,47,53",
14365120,2,"2,5,7,11,19,29,31,53",2^6 * 5^1 * 7^1 * 11^2 * 19^1 * 29^3 * 31^1 * 53^1,0,"3,13,17,23,37,41,43,47",
14574559,2,"2,5,7,11,13,17,29,37,47",2^5 * 5^1 * 7^2 * 11^1 * 13^2 * 17^2 * 29^1 * 37^1 * 47^1,0,"3,19,23,31,41,43,53",
14753024,2,"2,3,5,7,11,13,17,19,29,31",2^8 * 3^2 * 5^2 * 7^1 * 11^1 * 13^2 * 17^1 * 19^1 * 29^1 * 31^1,0,"23,37,41,43,47,53",
14786199,2,"2,3,5,11,13,19,37,41,47",2^3 * 3^3 * 5^2 * 11^2 * 13^1 * 19^2 * 37^1 * 41^1 * 47^1,0,"7,17,23,29,31,43,53",
15039999,2,"2,3,5,13,23,47",2^9 * 3^7 * 5^4 * 13^1 * 23^2 * 47^1,0,"7,11,17,19,29,31,37,41,43,53",
15054335,2,"2,3,5,11,29,47",2^9 * 3^5 * 5^1 * 11^2 * 29^1 * 47^3,0,"7,13,17,19,23,31,37,41,43,53",
15709275,2,"2,3,5,11,17,19,23,37,43",2^2 * 3^3 * 5^2 * 11^1 * 17^1 * 19^2 * 23^1 * 37^2 * 43^1,0,"7,13,29,31,41,47,53",
16092999,2,"2,3,5,7,11,13,17,19,29,31",2^3 * 3^4 * 5^3 * 7^1 * 11^2 * 13^1 * 17^1 * 19^1 * 29^1 * 31^1,0,"23,37,41,43,47,53",
16190090,2,"2,3,5,7,19,23,29,31,37,47",2^1 * 3^3 * 5^1 * 7^2 * 19^1 * 23^1 * 29^2 * 31^1 * 37^1 * 47^1,0,"11,13,17,41,43,53",
17065840,2,"2,5,11,13,17,31,41,43,47,53",2^4 * 5^1 * 11^2 * 13^1 * 17^1 * 31^1 * 41^1 * 43^1 * 47^1 * 53^1,0,"3,7,19,23,29,37",
17229024,2,"2,3,5,11,17,23,31,43,47",2^5 * 3^4 * 5^2 * 11^1 * 17^2 * 23^1 * 31^1 * 43^1 * 47^1,0,"7,13,19,29,37,41,53",
17657288,2,"2,3,11,13,17,19,29,37,47",2^3 * 3^2 * 11^2 * 13^3 * 17^1 * 19^1 * 29^1 * 37^1 * 47^1,0,"5,7,23,31,41,43,53",
17903522,2,"2,3,7,11,13,23,31,37,43,47",2^1 * 3^1 * 7^2 * 11^2 * 13^2 * 23^1 * 31^1 * 37^1 * 43^1 * 47^1,0,"5,17,19,29,41,53",
18002880,2,"2,3,5,7,13,17,19,29,47,53",2^6 * 3^2 * 5^1 * 7^1 * 13^1 * 17^1 * 19^1 * 29^1 * 47^1 * 53^2,0,"11,23,31,37,41,43",
18085704,2,"2,3,5,7,11,13,17,23,29",2^3 * 3^1 * 5^1 * 7^3 * 11^1 * 13^3 * 17^1 * 23^1 * 29^2,0,"19,31,37,41,43,47,53",
18113535,2,"2,3,5,7,11,19,23,37,43",2^10 * 3^2 * 5^1 * 7^2 * 11^1 * 19^2 * 23^1 * 37^1 * 43^1,0,"13,17,29,31,41,47,53",
18264064,2,"2,5,7,13,41,53",2^12 * 5^1 * 7^3 * 13^1 * 41^3 * 53^1,0,"3,11,17,19,23,29,31,37,43,47",
18366425,2,"2,3,5,7,11,13,17,19,29,47",2^1 * 3^7 * 5^2 * 7^2 * 11^1 * 13^1 * 17^1 * 19^1 * 29^1 * 47^1,0,"23,31,37,41,43,53",
18703790,2,"2,3,5,7,17,19,41,47",2^1 * 3^4 * 5^1 * 7^4 * 17^3 * 19^1 * 41^1 * 47^1,0,"11,13,23,29,31,37,43,53",
19826575,2,"2,5,7,11,19,23,29,41",2^4 * 5^2 * 7^2 * 11^3 * 19^1 * 23^1 * 29^2 * 41^1,0,"3,13,17,31,37,43,47,53",
19936224,2,"2,3,5,7,11,19,29,31,47",2^5 * 3^2 * 5^2 * 7^1 * 11^1 * 19^2 * 29^1 * 31^1 * 47^2,0,"13,17,23,37,41,43,53",
20422205,2,"2,3,5,7,23,29,43,47",2^1 * 3^7 * 5^1 * 7^1 * 23^1 * 29^1 * 43^2 * 47^2,0,"11,13,17,19,31,37,41,53",
21386000,2,"2,3,5,7,13,17,19,31,37",2^4 * 3^1 * 5^3 * 7^2 * 13^1 * 17^2 * 19^2 * 31^1 * 37^1,0,"11,23,29,41,43,47,53",
21844800,2,"2,3,5,11,29,31,37,41,47",2^6 * 3^2 * 5^2 * 11^1 * 29^1 * 31^1 * 37^1 * 41^1 * 47^2,0,"7,13,17,19,23,43,53",
22095593,2,"2,3,13,19,23,29,43,47,53",2^1 * 3^2 * 13^1 * 19^1 * 23^1 * 29^2 * 43^1 * 47^1 * 53^2,0,"5,7,11,17,31,37,41",
22653435,2,"2,3,5,7,13,17,23,31,37,47",2^2 * 3^1 * 5^1 * 7^4 * 13^2 * 17^1 * 23^1 * 31^1 * 37^1 * 47^1,0,"11,19,29,41,43,53",
22708191,2,"2,3,11,13,17,19,47",2^5 * 3^1 * 11^5 * 13^3 * 17^1 * 19^1 * 47^1,0,"5,7,23,29,31,37,41,43,53",
23508415,2,"2,5,7,17,19,23,29,31,41,53",2^6 * 5^1 * 7^1 * 17^2 * 19^1 * 23^1 * 29^1 * 31^1 * 41^1 * 53^1,0,"3,11,13,37,43,47",
24019800,2,"2,3,5,7,13,19,29,43",2^3 * 3^1 * 5^2 * 7^2 * 13^4 * 19^1 * 29^2 * 43^1,0,"11,17,23,31,37,41,47,53",
24022250,2,"2,3,5,7,11,19,37,43,53",2^1 * 3^5 * 5^3 * 7^2 * 11^2 * 19^1 * 37^1 * 43^1 * 53^1,0,"13,17,23,29,31,41,47",
24295040,2,"2,3,5,7,11,17,29,31,53",2^7 * 3^2 * 5^1 * 7^1 * 11^1 * 17^1 * 29^1 * 31^2 * 53^2,0,"13,19,23,37,41,43,47",
24334344,2,"2,3,5,7,17,19,23,37,43,47",2^3 * 3^4 * 5^1 * 7^1 * 17^1 * 19^1 * 23^1 * 37^1 * 43^1 * 47^2,0,"11,13,29,31,41,53",
24601599,2,"2,3,5,11,19,29,31,41",2^10 * 3^2 * 5^2 * 11^2 * 19^1 * 29^1 * 31^2 * 41^1,0,"7,13,17,23,37,43,47,53",
24822720,2,"2,3,5,7,11,13,17,19,47",2^6 * 3^3 * 5^1 * 7^1 * 11^1 * 13^2 * 17^1 * 19^3 * 47^1,0,"23,29,31,37,41,43,53",
25124384,2,"2,3,5,11,13,17,19,31,43,53",2^5 * 3^1 * 5^1 * 11^1 * 13^2 * 17^1 * 19^1 * 31^2 * 43^1 * 53^1,0,"7,23,29,37,41,47",
25836888,2,"2,3,7,11,13,17,23,31,41",2^3 * 3^1 * 7^1 * 11^2 * 13^2 * 17^2 * 23^2 * 31^1 * 41^1,0,"5,19,29,37,43,47,53",
25872147,2,"2,3,7,17,19,23,29,41",2^2 * 3^2 * 7^3 * 17^2 * 19^3 * 23^1 * 29^1 * 41^1,0,"5,11,13,31,37,43,47,53",
26044928,2,"2,3,7,13,29,31,37,43",2^9 * 3^3 * 7^1 * 13^2 * 29^2 * 31^1 * 37^1 * 43^1,0,"5,11,17,19,23,41,47,53",
26862380,2,"2,3,5,7,13,17,29,41,47",2^2 * 3^3 * 5^1 * 7^1 * 13^2 * 17^1 * 29^2 * 41^2 * 47^1,0,"11,19,23,31,37,43,53",
27005264,2,"2,3,5,7,11,13,17,29,37,41",2^4 * 3^3 * 5^1 * 7^1 * 11^2 * 13^1 * 17^1 * 29^1 * 37^1 * 41^2,0,"19,23,31,43,47,53",
27181791,2,"2,3,7,11,13,23,31,37,47,53",2^5 * 3^3 * 7^1 * 11^1 * 13^2 * 23^1 * 31^1 * 37^1 * 47^1 * 53^1,0,"5,17,19,29,41,43",
27448064,2,"2,3,5,7,17,19,29,41,53",2^8 * 3^5 * 5^1 * 7^1 * 17^2 * 19^1 * 29^1 * 41^1 * 53^1,0,"11,13,23,31,37,43,47",
27550319,2,"2,3,5,7,17,23,29,31,41,47",2^4 * 3^1 * 5^1 * 7^1 * 17^1 * 23^2 * 29^2 * 31^1 * 41^1 * 47^1,0,"11,13,19,37,43,53",
27839999,2,"2,3,5,11,17,29,53",2^9 * 3^1 * 5^4 * 11^1 * 17^1 * 29^1 * 53^3,0,"7,13,19,23,31,37,41,43,47",
27984099,2,"2,3,5,11,13,23,37,41,43",2^2 * 3^1 * 5^2 * 11^1 * 13^1 * 23^4 * 37^1 * 41^1 * 43^1,0,"7,17,19,29,31,47,53",
27994680,2,"2,3,5,7,11,13,23,37",2^3 * 3^3 * 5^1 * 7^2 * 11^2 * 13^2 * 23^2 * 37^2,0,"17,19,29,31,41,43,47,53",
28800941,2,"2,3,13,17,19,41,47,53",2^1 * 3^1 * 13^1 * 17^1 * 19^4 * 41^1 * 47^2 * 53^1,0,"5,7,11,23,29,31,37,43",
29834388,2,"2,3,13,17,19,29,41,43,53",2^2 * 3^2 * 13^1 * 17^1 * 19^1 * 29^1 * 41^2 * 43^1 * 53^2,0,"5,7,11,23,31,37,47",
30138075,2,"2,3,5,11,17,29,31,41",2^2 * 3^5 * 5^2 * 11^2 * 17^2 * 29^2 * 31^1 * 41^1,0,"7,13,19,23,37,43,47,53",
30139775,2,"2,3,5,17,19,23,43,53",2^7 * 3^6 * 5^2 * 17^1 * 19^1 * 23^2 * 43^1 * 53^1,0,"7,11,13,29,31,37,41,47",
30323600,2,"2,3,5,7,11,19,41,43,47",2^4 * 3^2 * 5^2 * 7^3 * 11^1 * 19^1 * 41^1 * 43^2 * 47^1,0,"13,17,23,29,31,37,53",
30533139,2,"2,3,5,7,11,13,17,31,37,43",2^2 * 3^3 * 5^1 * 7^1 * 11^3 * 13^1 * 17^2 * 31^1 * 37^1 * 43^1,0,"19,23,29,41,47,53",
30827290,2,"2,5,11,13,17,19,23,29,37,53",2^1 * 5^1 * 11^3 * 13^2 * 17^1 * 19^1 * 23^1 * 29^1 * 37^1 * 53^1,0,"3,7,31,41,43,47",
30944913,2,"2,3,7,11,13,17,23,29,31,37,41",2^1 * 3^1 * 7^1 * 11^1 * 13^2 * 17^1 * 23^2 * 29^1 * 31^1 * 37^1 * 41^1,0,"5,19,43,47,53",
31904495,2,"2,3,5,7,13,17,19,23,29,43",2^4 * 3^3 * 5^1 * 7^1 * 13^2 * 17^1 * 19^1 * 23^1 * 29^1 * 43^2,0,"11,31,37,41,47,53",
32032935,2,"2,3,5,11,13,19,29,37,43,53",2^3 * 3^3 * 5^1 * 11^2 * 13^2 * 19^1 * 29^1 * 37^1 * 43^1 * 53^1,0,"7,17,23,31,41,47",
32517264,2,"2,3,5,11,13,19,29,31,37,41",2^4 * 3^1 * 5^1 * 11^1 * 13^1 * 19^1 * 29^2 * 31^1 * 37^1 * 41^2,0,"7,17,23,43,47,53",
33669999,2,"2,3,5,7,11,13,23,31,37,53",2^4 * 3^4 * 5^4 * 7^1 * 11^1 * 13^1 * 23^1 * 31^1 * 37^1 * 53^1,0,"17,19,29,41,43,47",
34000560,2,"2,3,5,7,11,17,53",2^4 * 3^6 * 5^1 * 7^6 * 11^1 * 17^2 * 53^1,0,"13,19,23,29,31,37,41,43,47",
34028049,2,"2,3,5,7,11,17,19,29,31,37,43",2^1 * 3^1 * 5^2 * 7^2 * 11^1 * 17^1 * 19^1 * 29^1 * 31^2 * 37^1 * 43^1,0,"13,23,41,47,53",
34686000,2,"2,3,5,7,17,19,23,29,41,47",2^4 * 3^2 * 5^3 * 7^1 * 17^1 * 19^1 * 23^2 * 29^1 * 41^1 * 47^1,0,"11,13,31,37,43,53",
35412479,2,"2,3,5,17,23,29,41,47,53",2^9 * 3^2 * 5^1 * 17^1 * 23^1 * 29^1 * 41^1 * 47^2 * 53^1,0,"7,11,13,19,31,37,43",
36315135,2,"2,3,5,11,13,31,41",2^13 * 3^11 * 5^1 * 11^1 * 13^1 * 31^1 * 41^1,0,"7,17,19,23,29,37,43,47,53",
36695672,2,"2,3,7,13,17,23,29,47",2^3 * 3^8 * 7^1 * 13^1 * 17^1 * 23^3 * 29^1 * 47^1,0,"5,11,19,31,37,41,43,53",
37429924,2,"2,5,7,13,19,23,41,53",2^2 * 5^2 * 7^2 * 13^1 * 19^2 * 23^2 * 41^1 * 53^2,0,"3,11,17,29,31,37,43,47",
37810200,2,"2,3,5,11,13,29,41,43,53",2^3 * 3^1 * 5^2 * 11^2 * 13^2 * 29^1 * 41^1 * 43^2 * 53^1,0,"7,17,19,23,31,37,47",
38526839,2,"2,3,5,11,13,23,41,43,47",2^3 * 3^4 * 5^1 * 11^1 * 13^1 * 23^1 * 41^3 * 43^1 * 47^1,0,"7,17,19,29,31,37,53",
39345344,2,"2,3,5,13,17,29,43,47,53",2^6 * 3^5 * 5^1 * 13^1 * 17^1 * 29^2 * 43^1 * 47^1 * 53^1,0,"7,11,19,23,31,37,41",
39540864,2,"2,3,5,7,11,13,23,37,43,47",2^7 * 3^1 * 5^1 * 7^1 * 11^2 * 13^1 * 23^1 * 37^1 * 43^2 * 47^1,0,"17,19,29,31,41,53",
40750801,2,"2,7,13,17,19,23,31,37,41",2^1 * 7^3 * 13^2 * 17^1 * 19^1 * 23^1 * 31^1 * 37^1 * 41^2,0,"3,5,11,29,43,47,53",
41808150,2,"2,3,5,7,11,17,19,31,37,41",2^1 * 3^6 * 5^2 * 7^1 * 11^1 * 17^1 * 19^1 * 31^1 * 37^1 * 41^2,0,"13,23,29,43,47,53",
42788095,2,"2,5,7,13,19,23,37,43,47",2^8 * 5^1 * 7^1 * 13^2 * 19^1 * 23^1 * 37^2 * 43^1 * 47^1,0,"3,11,17,29,31,41,53",
43075584,2,"2,3,5,7,19,29,31,37,41",2^11 * 3^3 * 5^1 * 7^1 * 19^1 * 29^1 * 31^1 * 37^2 * 41^1,0,"11,13,17,23,43,47,53",
43283240,2,"2,3,5,7,11,13,17,23,43,47",2^3 * 3^4 * 5^1 * 7^1 * 11^1 * 13^1 * 17^2 * 23^1 * 43^2 * 47^1,0,"19,29,31,37,41,53",
43663360,2,"2,5,7,13,17,23,41,43,53",2^14 * 5^1 * 7^2 * 13^1 * 17^1 * 23^1 * 41^1 * 43^1 * 53^1,0,"3,11,19,29,31,37,47",
44321375,2,"2,3,5,7,11,19,37,47",2^5 * 3^1 * 5^3 * 7^1 * 11^1 * 19^1 * 37^3 * 47^2,0,"13,17,23,29,31,41,43,53",
45395559,2,"2,3,5,7,11,17,19,23,37,53",2^3 * 3^8 * 5^1 * 7^2 * 11^1 * 17^1 * 19^1 * 23^1 * 37^1 * 53^1,0,"13,29,31,41,43,47",
45759999,2,"2,3,5,11,13,19,29,31,47",2^9 * 3^1 * 5^4 * 11^1 * 13^1 * 19^2 * 29^1 * 31^1 * 47^1,0,"7,17,23,37,41,43,53",
47018048,2,"2,3,7,11,13,23,29,43,47,53",2^6 * 3^1 * 7^2 * 11^1 * 13^1 * 23^2 * 29^1 * 43^1 * 47^1 * 53^1,0,"5,17,19,31,37,41",
47053824,2,"2,3,5,7,13,17,37,43,53",2^10 * 3^1 * 5^2 * 7^1 * 13^2 * 17^2 * 37^1 * 43^1 * 53^1,0,"11,19,23,29,31,41,47",
48140736,2,"2,3,7,17,19,31,37,43,47",2^6 * 3^1 * 7^3 * 17^1 * 19^1 * 31^1 * 37^1 * 43^1 * 47^2,0,"5,11,13,23,29,41,53",
49667579,2,"2,3,5,13,23,31,37,43,47",2^2 * 3^4 * 5^1 * 13^4 * 23^1 * 31^1 * 37^1 * 43^1 * 47^1,0,"7,11,17,19,29,41,53",
50270870,2,"2,3,5,7,13,17,23,31,43,47,53",2^1 * 3^1 * 5^1 * 7^1 * 13^1 * 17^1 * 23^2 * 31^2 * 43^1 * 47^1 * 53^1,0,"11,19,29,37,41",
50398335,2,"2,3,5,13,17,19,23,47,53",2^7 * 3^3 * 5^1 * 13^2 * 17^1 * 19^1 * 23^1 * 47^2 * 53^1,0,"7,11,29,31,37,41,43",
50481024,2,"2,3,5,7,11,17,19,29,37",2^7 * 3^1 * 5^2 * 7^4 * 11^1 * 17^1 * 19^1 * 29^2 * 37^1,0,"13,23,31,41,43,47,53",
51009945,2,"2,3,5,7,13,17,19,41,47",2^1 * 3^1 * 5^1 * 7^1 * 13^4 * 17^2 * 19^1 * 41^2 * 47^1,0,"11,23,29,31,37,43,53",
52450496,2,"2,3,7,11,37,43,47,53",2^6 * 3^4 * 7^1 * 11^1 * 37^2 * 43^1 * 47^2 * 53^1,0,"5,13,17,19,23,29,31,41",
53206725,2,"2,3,5,11,13,19,31,41,47",2^1 * 3^1 * 5^2 * 11^3 * 13^1 * 19^1 * 31^3 * 41^1 * 47^1,0,"7,17,23,29,37,43,53",
56319249,2,"2,3,5,7,13,17,19,23,31,43",2^1 * 3^1 * 5^3 * 7^1 * 13^2 * 17^1 * 19^3 * 23^1 * 31^1 * 43^1,0,"11,29,37,41,47,53",
56744792,2,"2,3,7,13,17,19,29,47",2^3 * 3^4 * 7^2 * 13^2 * 17^1 * 19^1 * 29^2 * 47^2,0,"5,11,23,31,37,41,43,53",
57274623,2,"2,3,7,11,23,29,43,47",2^8 * 3^2 * 7^1 * 11^2 * 23^1 * 29^2 * 43^2 * 47^1,0,"5,13,17,19,31,37,41,53",
57328244,2,"2,3,5,13,19,29,37,43,53",2^2 * 3^2 * 5^1 * 13^1 * 19^2 * 29^1 * 37^2 * 43^2 * 53^1,0,"7,11,17,23,31,41,47",
59181759,2,"2,3,5,7,11,13,17,23,31,37,43",2^6 * 3^4 * 5^1 * 7^2 * 11^1 * 13^1 * 17^1 * 23^1 * 31^1 * 37^1 * 43^1,0,"19,29,41,47,53",
61501517,2,"2,3,7,11,13,19,23,29,41,53",2^1 * 3^4 * 7^2 * 11^3 * 13^1 * 19^1 * 23^1 * 29^1 * 41^1 * 53^1,0,"5,17,31,37,43,47",
63513450,2,"2,3,5,7,11,13,29,31,43,47,53",2^1 * 3^3 * 5^2 * 7^1 * 11^1 * 13^1 * 29^1 * 31^2 * 43^1 * 47^1 * 53^1,0,"17,19,23,37,41",
65875355,2,"2,3,5,7,13,19,29,37,41,43",2^2 * 3^6 * 5^1 * 7^2 * 13^2 * 19^1 * 29^1 * 37^1 * 41^1 * 43^1,0,"11,17,23,31,47,53",
69512013,2,"2,3,11,13,17,19,29,31,47",2^1 * 3^4 * 11^1 * 13^1 * 17^2 * 19^1 * 29^2 * 31^2 * 47^1,0,"5,7,23,37,41,43,53",
71843750,2,"2,3,5,7,11,17,19,37",2^1 * 3^2 * 5^6 * 7^3 * 11^2 * 17^1 * 19^1 * 37^2,0,"13,23,29,31,41,43,47,53",
71868264,2,"2,3,5,7,13,17,29,43,47,53",2^3 * 3^1 * 5^1 * 7^1 * 13^3 * 17^1 * 29^1 * 43^1 * 47^1 * 53^2,0,"11,19,23,31,37,41",
76271624,2,"2,3,5,11,13,19,29,31",2^3 * 3^9 * 5^3 * 11^3 * 13^1 * 19^1 * 29^1 * 31^1,0,"7,17,23,37,41,43,47,53",
78008579,2,"2,3,5,11,13,17,29,37,43,47,53",2^2 * 3^2 * 5^1 * 11^3 * 13^1 * 17^1 * 29^1 * 37^1 * 43^1 * 47^1 * 53^1,0,"7,19,23,31,41",
78125796,2,"2,3,7,19,29,31,37,43,47",2^2 * 3^4 * 7^3 * 19^1 * 29^1 * 31^1 * 37^1 * 43^2 * 47^1,0,"5,11,13,17,23,41,53",
79384832,2,"2,3,11,17,29,37,47",2^8 * 3^3 * 11^3 * 17^2 * 29^1 * 37^1 * 47^2,0,"5,7,13,19,23,31,41,43,53",
80061344,2,"2,3,5,7,11,13,19,23,29,31",2^5 * 3^3 * 5^1 * 7^4 * 11^2 * 13^1 * 19^1 * 23^1 * 29^1 * 31^1,0,"17,37,41,43,47,53",
80314367,2,"2,3,7,19,23,41,43",2^15 * 3^1 * 7^1 * 19^1 * 23^4 * 41^1 * 43^1,0,"5,11,13,17,29,31,37,47,53",
81538749,2,"2,3,5,17,23,29,37,41,43,47",2^1 * 3^2 * 5^4 * 17^2 * 23^1 * 29^1 * 37^1 * 41^1 * 43^1 * 47^1,0,"7,11,13,19,31,53",
83480319,2,"2,3,5,7,11,13,17,19,47",2^8 * 3^2 * 5^1 * 7^2 * 11^3 * 13^1 * 17^1 * 19^1 * 47^2,0,"23,29,31,37,41,43,53",
85459374,2,"2,3,5,7,11,13,17,23,29,31,41",2^1 * 3^4 * 5^5 * 7^1 * 11^1 * 13^1 * 17^1 * 23^1 * 29^1 * 31^1 * 41^1,0,"19,37,43,47,53",
96059600,2,"2,3,5,7,11,13,29",2^4 * 3^8 * 5^2 * 7^2 * 11^4 * 13^2 * 29^1,0,"17,19,23,31,37,41,43,47,53",
101273249,2,"2,3,5,7,11,13,17,19,29,31,47",2^1 * 3^1 * 5^3 * 7^2 * 11^2 * 13^2 * 17^1 * 19^1 * 29^1 * 31^1 * 47^1,0,"23,37,41,43,53",
102263634,2,"2,3,5,11,23,37,41,47",2^1 * 3^5 * 5^1 * 11^2 * 23^3 * 37^1 * 41^2 * 47^1,0,"7,13,17,19,29,31,43,53",
106846614,2,"2,3,5,7,17,19,23,29,31,41,43",2^1 * 3^6 * 5^1 * 7^1 * 17^1 * 19^2 * 23^1 * 29^1 * 31^1 * 41^1 * 43^1,0,"11,13,37,47,53",
111257600,2,"2,3,5,7,13,23,29,41,47,53",2^11 * 3^1 * 5^2 * 7^1 * 13^2 * 23^1 * 29^1 * 41^1 * 47^1 * 53^1,0,"11,17,19,31,37,43",
111598760,2,"2,3,5,7,13,17,19,23,31,41,43,53",2^3 * 3^1 * 5^1 * 7^1 * 13^1 * 17^1 * 19^1 * 23^1 * 31^1 * 41^1 * 43^1 * 53^2,0,"11,29,37,47",
118352640,2,"2,3,5,7,11,17,23,37,43",2^8 * 3^1 * 5^1 * 7^2 * 11^2 * 17^1 * 23^2 * 37^1 * 43^2,0,"13,19,29,31,41,47,53",
118374399,2,"2,3,5,11,13,17,23,31,43",2^14 * 3^3 * 5^2 * 11^1 * 13^1 * 17^2 * 23^1 * 31^1 * 43^1,0,"7,19,29,37,41,47,53",
118671875,2,"2,3,5,7,31,37,41,53",2^2 * 3^2 * 5^7 * 7^2 * 31^1 * 37^1 * 41^2 * 53^1,0,"11,13,17,19,23,29,43,47",
119094299,2,"2,3,5,13,17,19,23,29,41",2^2 * 3^5 * 5^2 * 13^2 * 17^2 * 19^1 * 23^2 * 29^1 * 41^1,0,"7,11,31,37,43,47,53",
124091232,2,"2,3,7,23,29,31,47,53",2^5 * 3^1 * 7^1 * 23^3 * 29^3 * 31^1 * 47^1 * 53^1,0,"5,11,13,17,19,37,41,43",
127177050,2,"2,3,5,7,11,13,17,19,23,53",2^1 * 3^1 * 5^2 * 7^2 * 11^3 * 13^1 * 17^2 * 19^2 * 23^1 * 53^1,0,"29,31,37,41,43,47",
127439136,2,"2,3,7,11,19,23,29,37,47,53",2^5 * 3^3 * 7^1 * 11^2 * 19^2 * 23^1 * 29^1 * 37^1 * 47^1 * 53^1,0,"5,13,17,31,41,43",
130850720,2,"2,3,5,7,11,13,19,31,41,43",2^5 * 3^4 * 5^1 * 7^1 * 11^1 * 13^1 * 19^1 * 31^2 * 41^2 * 43^1,0,"17,23,29,37,47,53",
132663167,2,"2,3,7,11,13,19,29,31,37,41",2^7 * 3^2 * 7^1 * 11^1 * 13^1 * 19^2 * 29^1 * 31^2 * 37^1 * 41^1,0,"5,17,23,43,47,53",
133919999,2,"2,3,5,17,19,29,31",2^8 * 3^3 * 5^4 * 17^2 * 19^1 * 29^3 * 31^1,0,"7,11,13,23,37,41,43,47,53",
135889244,2,"2,3,5,17,23,29,31,43,53",2^2 * 3^7 * 5^1 * 17^2 * 23^1 * 29^1 * 31^2 * 43^1 * 53^1,0,"7,11,13,19,37,41,47",
135978920,2,"2,3,5,7,11,13,17,23,53",2^3 * 3^2 * 5^1 * 7^3 * 11^1 * 13^4 * 17^1 * 23^2 * 53^1,0,"19,29,31,37,41,43,47",
136835244,2,"2,3,5,7,13,17,19,41,43",2^2 * 3^5 * 5^1 * 7^2 * 13^2 * 17^1 * 19^2 * 41^1 * 43^2,0,"11,23,29,31,37,47,53",
141433149,2,"2,3,5,11,13,17,19,41,43,53",2^1 * 3^1 * 5^2 * 11^2 * 13^1 * 17^1 * 19^1 * 41^1 * 43^1 * 53^3,0,"7,23,29,31,37,47",
142416000,2,"2,3,5,7,13,19,23,41,43",2^7 * 3^2 * 5^3 * 7^3 * 13^1 * 19^1 * 23^1 * 41^2 * 43^1,0,"11,17,29,31,37,47,53",
152989375,2,"2,5,7,11,17,23,37,53",2^6 * 5^4 * 7^1 * 11^2 * 17^2 * 23^1 * 37^1 * 53^2,0,"3,13,19,29,31,41,43,47",
154466675,2,"2,3,5,7,11,13,17,19,31,37,47",2^2 * 3^4 * 5^2 * 7^1 * 11^1 * 13^3 * 17^1 * 19^1 * 31^1 * 37^1 * 47^1,0,"23,29,41,43,53",
160784351,2,"2,3,7,13,17,23,29,31,37,53",2^5 * 3^5 * 7^1 * 13^1 * 17^1 * 23^1 * 29^1 * 31^1 * 37^1 * 53^2,0,"5,11,19,41,43,47",
168702975,2,"2,3,5,7,13,19,23,29,43,47,53",2^10 * 3^2 * 5^2 * 7^1 * 13^1 * 19^1 * 23^1 * 29^1 * 43^1 * 47^1 * 53^1,0,"11,17,31,37,41",
177182720,2,"2,3,5,11,13,17,29",2^11 * 3^6 * 5^1 * 11^3 * 13^1 * 17^2 * 29^2,0,"7,19,23,31,37,41,43,47,53",
181037024,2,"2,3,5,7,13,23,29,31",2^5 * 3^4 * 5^2 * 7^1 * 13^2 * 23^2 * 29^2 * 31^2,0,"11,17,19,37,41,43,47,53",
182827367,2,"2,3,17,19,23,29,31,47",2^3 * 3^6 * 17^1 * 19^2 * 23^1 * 29^1 * 31^3 * 47^1,0,"5,7,11,13,37,41,43,53",
182857499,2,"2,3,5,7,11,29,31,41,43",2^2 * 3^5 * 5^4 * 7^1 * 11^2 * 29^1 * 31^1 * 41^2 * 43^1,0,"13,17,19,23,37,47,53",
192469375,2,"2,5,7,11,17,29,37,41,43",2^7 * 5^4 * 7^1 * 11^2 * 17^2 * 29^1 * 37^1 * 41^1 * 43^1,0,"3,13,19,23,31,47,53",
209644479,2,"2,3,5,11,19,29,37,41,43",2^6 * 3^2 * 5^1 * 11^4 * 19^1 * 29^2 * 37^1 * 41^1 * 43^1,0,"7,13,17,23,31,47,53",
226987110,2,"2,3,5,7,13,17,19,41,43,47",2^1 * 3^4 * 5^1 * 7^3 * 13^2 * 17^1 * 19^1 * 41^2 * 43^1 * 47^1,0,"11,23,29,31,37,53",
227613749,2,"2,3,5,7,11,13,19,23,29,31,43",2^1 * 3^1 * 5^4 * 7^1 * 11^1 * 13^1 * 19^2 * 23^1 * 29^1 * 31^1 * 43^2,0,"17,37,41,47,53",
229856319,2,"2,3,5,7,11,17,19,23,29,31,47",2^6 * 3^3 * 5^1 * 7^1 * 11^2 * 17^1 * 19^1 * 23^2 * 29^1 * 31^1 * 47^1,0,"13,37,41,43,53",
247645255,2,"2,5,11,13,17,23,37,43,47,53",2^3 * 5^1 * 11^2 * 13^1 * 17^2 * 23^1 * 37^2 * 43^1 * 47^1 * 53^1,0,"3,7,19,29,31,41",
261436560,2,"2,3,5,7,11,19,23,37,43,47",2^4 * 3^1 * 5^1 * 7^2 * 11^1 * 19^2 * 23^2 * 37^2 * 43^1 * 47^1,0,"13,17,29,31,41,53",
265298495,2,"2,3,5,7,11,29,31,41,53",2^6 * 3^1 * 5^1 * 7^6 * 11^1 * 29^2 * 31^1 * 41^1 * 53^1,0,"13,17,19,23,37,43,47",
286013440,2,"2,5,7,17,19,23,31,37,53",2^11 * 5^1 * 7^2 * 17^1 * 19^3 * 23^1 * 31^1 * 37^1 * 53^1,0,"3,11,13,29,41,43,47",
290642030,2,"2,3,5,7,17,19,23,29,37,41,43,47",2^1 * 3^2 * 5^1 * 7^2 * 17^1 * 19^1 * 23^1 * 29^2 * 37^1 * 41^1 * 43^1 * 47^1,0,"11,13,31,53",
293635440,2,"2,3,5,7,11,17,29,31,37,41",2^4 * 3^2 * 5^1 * 7^3 * 11^1 * 17^1 * 29^1 * 31^1 * 37^3 * 41^1,0,"13,19,23,43,47,53",
301327047,2,"2,3,7,11,23,53",2^3 * 3^16 * 7^1 * 11^1 * 23^1 * 53^3,0,"5,13,17,19,29,31,37,41,43,47",
308915775,2,"2,3,5,7,13,19,31,37",2^6 * 3^4 * 5^2 * 7^1 * 13^6 * 19^1 * 31^1 * 37^1,0,"11,17,23,29,41,43,47,53",
308950928,2,"2,3,7,11,13,17,31,47",2^4 * 3^8 * 7^2 * 11^1 * 13^3 * 17^1 * 31^2 * 47^1,0,"5,19,23,29,37,41,43,53",
327877451,2,"2,3,7,11,19,29,31,41,43,47,53",2^2 * 3^2 * 7^1 * 11^2 * 19^1 * 29^1 * 31^1 * 41^1 * 43^1 * 47^2 * 53^1,0,"5,13,17,23,37",
339578525,2,"2,3,5,7,11,13,19,31,37,43,47,53",2^1 * 3^1 * 5^2 * 7^2 * 11^1 * 13^1 * 19^1 * 31^1 * 37^1 * 43^1 * 47^2 * 53^1,0,"17,23,29,41",
370256249,2,"2,3,5,7,11,13,19,31",2^1 * 3^1 * 5^5 * 7^2 * 11^7 * 13^1 * 19^1 * 31^1,0,"17,23,29,37,41,43,47,53",
382241600,2,"2,3,5,7,13,17,19,23,47",2^6 * 3^2 * 5^2 * 7^6 * 13^1 * 17^1 * 19^2 * 23^1 * 47^1,0,"11,29,31,37,41,43,53",
415704575,2,"2,3,5,7,11,13,23,31,41",2^9 * 3^1 * 5^2 * 7^1 * 11^3 * 13^1 * 23^1 * 31^2 * 41^2,0,"17,19,29,37,43,47,53",
450620415,2,"2,3,5,7,19,23,29,53",2^10 * 3^7 * 5^1 * 7^2 * 19^2 * 23^1 * 29^2 * 53^1,0,"11,13,17,31,37,41,43,47",
457318224,2,"2,3,5,7,11,13,17,37,47",2^4 * 3^5 * 5^2 * 7^2 * 11^1 * 13^2 * 17^2 * 37^1 * 47^2,0,"19,23,29,31,41,43,53",
475611135,2,"2,3,5,7,11,13,19,23,29,37,53",2^14 * 3^1 * 5^1 * 7^1 * 11^1 * 13^1 * 19^1 * 23^1 * 29^1 * 37^2 * 53^1,0,"17,31,41,43,47",
487530861,2,"2,3,7,13,17,19,23,29,31,43",2^1 * 3^1 * 7^1 * 13^2 * 17^2 * 19^4 * 23^1 * 29^1 * 31^1 * 43^1,0,"5,11,37,41,47,53",
490145733,2,"2,3,7,11,13,17,29,37,41,43",2^1 * 3^2 * 7^1 * 11^1 * 13^1 * 17^2 * 29^4 * 37^1 * 41^1 * 43^1,0,"5,19,23,31,47,53",
509489370,2,"2,3,5,13,17,19,29,31,37,41,43,53",2^1 * 3^2 * 5^1 * 13^2 * 17^2 * 19^1 * 29^1 * 31^1 * 37^1 * 41^1 * 43^1 * 53^1,0,"7,11,23,47",
515732399,2,"2,3,5,7,13,17,31,41,53",2^4 * 3^3 * 5^2 * 7^4 * 13^2 * 17^1 * 31^1 * 41^1 * 53^2,0,"11,19,23,29,37,43,47",
529046000,2,"2,3,5,7,11,17,23,31,41,53",2^4 * 3^2 * 5^3 * 7^1 * 11^2 * 17^2 * 23^1 * 31^1 * 41^2 * 53^1,0,"13,19,29,37,43,47",
544899095,2,"2,3,5,7,13,17,23,29,43,53",2^3 * 3^3 * 5^1 * 7^1 * 13^2 * 17^2 * 23^3 * 29^1 * 43^1 * 53^1,0,"11,19,31,37,41,47",
546343875,2,"2,3,5,7,11,13,17,29,31,53",2^2 * 3^2 * 5^3 * 7^2 * 11^1 * 13^2 * 17^1 * 29^2 * 31^2 * 53^1,0,"19,23,37,41,43,47",
591130374,2,"2,3,5,11,17,19,29,41,43,47",2^1 * 3^1 * 5^3 * 11^4 * 17^1 * 19^1 * 29^1 * 41^2 * 43^1 * 47^1,0,"7,13,23,31,37,53",
611969280,2,"2,3,5,7,11,13,17,23,29,41,47",2^8 * 3^1 * 5^1 * 7^4 * 11^1 * 13^2 * 17^1 * 23^1 * 29^1 * 41^1 * 47^1,0,"19,31,37,43,53",
658831250,2,"2,3,5,7,11,13,19,23,29,31,37,43",2^1 * 3^1 * 5^5 * 7^1 * 11^1 * 13^1 * 19^1 * 23^1 * 29^1 * 31^1 * 37^2 * 43^1,0,"17,41,47,53",
753777024,2,"2,3,5,7,11,13,17,19,37,53",2^7 * 3^1 * 5^2 * 7^1 * 11^1 * 13^1 * 17^4 * 19^2 * 37^1 * 53^1,0,"23,29,31,41,43,47",
758508651,2,"2,3,11,17,19,23,31,41,53",2^2 * 3^3 * 11^1 * 17^1 * 19^2 * 23^1 * 31^3 * 41^1 * 53^2,0,"5,7,13,29,37,43,47",
876219200,2,"2,3,5,11,13,19,23,37,41",2^6 * 3^4 * 5^2 * 11^2 * 13^2 * 19^2 * 23^2 * 37^1 * 41^1,0,"7,17,29,31,43,47,53",
909512064,2,"2,3,5,7,11,19,29,53",2^7 * 3^9 * 5^1 * 7^1 * 11^1 * 19^2 * 29^2 * 53^2,0,"13,17,23,31,37,41,43,47",
911062844,2,"2,3,5,7,11,17,19,23,31,41,43,53",2^2 * 3^2 * 5^1 * 7^1 * 11^3 * 17^1 * 19^1 * 23^2 * 31^1 * 41^1 * 43^1 * 53^1,0,"13,29,37,47",
913038048,2,"2,3,7,11,13,37,43,53",2^5 * 3^3 * 7^1 * 11^3 * 13^4 * 37^1 * 43^2 * 53^1,0,"5,17,19,23,29,31,41,47",
920577797,2,"2,3,7,19,29,31,37,41,43",2^1 * 3^5 * 7^2 * 19^2 * 29^1 * 31^1 * 37^1 * 41^3 * 43^1,0,"5,11,13,17,23,47,53",
926288154,2,"2,3,5,11,13,23,37,41,43,53",2^1 * 3^2 * 5^1 * 11^3 * 13^3 * 23^1 * 37^1 * 41^2 * 43^1 * 53^1,0,"7,17,19,29,31,47",
929166875,2,"2,3,5,7,11,13,17,31,43,47",2^2 * 3^5 * 5^4 * 7^1 * 11^1 * 13^1 * 17^1 * 31^2 * 43^2 * 47^1,0,"19,23,29,37,41,53",
1018249595,2,"2,3,5,7,11,13,17,19,29,41,47",2^2 * 3^3 * 5^1 * 7^2 * 11^1 * 13^1 * 17^2 * 19^2 * 29^1 * 41^1 * 47^2,0,"23,31,37,43,53",
1075774400,2,"2,3,5,13,23,29,31,41",2^6 * 3^2 * 5^2 * 13^2 * 23^2 * 29^4 * 31^1 * 41^1,0,"7,11,17,19,37,43,47,53",
1136114784,2,"2,3,5,7,13,19,23,31,37,47,53",2^5 * 3^2 * 5^1 * 7^4 * 13^1 * 19^1 * 23^2 * 31^1 * 37^1 * 47^1 * 53^1,0,"11,17,29,41,43",
1236843399,2,"2,3,5,11,13,19,23,37,43,47",2^3 * 3^1 * 5^2 * 11^1 * 13^2 * 19^2 * 23^1 * 37^1 * 43^1 * 47^3,0,"7,17,29,31,41,53",
1333564323,2,"2,3,7,13,19,31,37,47,53",2^2 * 3^1 * 7^1 * 13^1 * 19^2 * 31^4 * 37^1 * 47^1 * 53^2,0,"5,11,17,23,29,41,43",
1378808885,2,"2,3,5,7,13,17,29,31,37,41,53",2^1 * 3^1 * 5^1 * 7^1 * 13^1 * 17^3 * 29^1 * 31^1 * 37^2 * 41^1 * 53^2,0,"11,19,23,43,47",
1611308699,2,"2,3,5,7,11,13,19,23,31",2^2 * 3^6 * 5^2 * 7^4 * 11^1 * 13^2 * 19^2 * 23^1 * 31^2,0,"17,29,37,41,43,47,53",
1777331555,2,"2,3,5,7,11,13,17,23,29,31,37,43,47",2^2 * 3^2 * 5^1 * 7^1 * 11^1 * 13^1 * 17^1 * 23^2 * 29^2 * 31^1 * 37^1 * 43^1 * 47^1,0,"19,41,53",
1851976191,2,"2,3,11,13,17,23,29,41,53",2^9 * 3^1 * 11^1 * 13^2 * 17^1 * 23^1 * 29^2 * 41^3 * 53^1,0,"5,7,19,31,37,43,47",
1872390624,2,"2,3,5,7,13,17,19,23,37,41,43,53",2^5 * 3^1 * 5^6 * 7^1 * 13^1 * 17^1 * 19^1 * 23^1 * 37^1 * 41^1 * 43^1 * 53^1,0,"11,29,31,47",
1949696000,2,"2,3,5,7,11,17,19,41,53",2^17 * 3^4 * 5^3 * 7^1 * 11^1 * 17^1 * 19^1 * 41^1 * 53^2,0,"13,23,29,31,37,43,47",
3042467967,2,"2,3,7,11,17,19,23,31,37,43,47,53",2^7 * 3^1 * 7^4 * 11^1 * 17^1 * 19^1 * 23^1 * 31^1 * 37^1 * 43^1 * 47^1 * 53^1,0,"5,13,29,41",
3199900599,2,"2,3,5,7,13,17,19,23,29,31,37,43,53",2^3 * 3^3 * 5^2 * 7^1 * 13^1 * 17^1 * 19^1 * 23^1 * 29^1 * 31^1 * 37^2 * 43^1 * 53^1,0,"11,41,47",
3425443424,2,"2,3,5,13,17,19,31,37,43,47,53",2^5 * 3^7 * 5^2 * 13^2 * 17^1 * 19^1 * 31^1 * 37^1 * 43^1 * 47^1 * 53^1,0,"7,11,23,29,41",
3463199999,2,"2,3,5,7,13,17,23,31,37",2^8 * 3^2 * 5^5 * 7^5 * 13^1 * 17^2 * 23^1 * 31^1 * 37^1,0,"11,19,29,41,43,47,53",
3931164600,2,"2,3,5,7,11,13,19,23,29,47,53",2^3 * 3^1 * 5^2 * 7^2 * 11^1 * 13^4 * 19^1 * 23^1 * 29^1 * 47^1 * 53^2,0,"17,31,37,41,43",
4971829247,2,"2,3,7,11,17,23,41,43,47,53",2^11 * 3^4 * 7^3 * 11^1 * 17^1 * 23^2 * 41^1 * 43^1 * 47^1 * 53^1,0,"5,13,19,29,31,37",
7956981053,2,"2,3,7,11,17,23,29,37,43,53",2^1 * 3^6 * 7^1 * 11^2 * 17^1 * 23^1 * 29^2 * 37^1 * 43^3 * 53^1,0,"5,13,19,31,41,47",
9515377949,2,"2,3,5,7,11,13,29,37,41,47,53",2^1 * 3^1 * 5^2 * 7^1 * 11^1 * 13^1 * 29^1 * 37^1 * 41^1 * 47^4 * 53^2,0,"17,19,23,31,43",
11214979424,2,"2,3,5,11,13,17,19,37,43",2^5 * 3^2 * 5^2 * 11^1 * 13^2 * 17^1 * 19^3 * 37^4 * 43^1,0,"7,23,29,31,41,47,53",
11311869659,2,"2,3,5,7,13,19,23,29,37,41,53",2^2 * 3^1 * 5^1 * 7^1 * 13^4 * 19^3 * 23^1 * 29^2 * 37^1 * 41^1 * 53^1,0,"11,17,31,43,47",
18184252800,2,"2,3,5,7,11,13,23,29,31,41,43",2^7 * 3^1 * 5^2 * 7^2 * 11^2 * 13^2 * 23^2 * 29^1 * 31^1 * 41^2 * 43^1,0,"17,19,37,47,53",
18487252224,2,"2,3,5,7,13,17,19,23,29,31,47",2^8 * 3^2 * 5^2 * 7^1 * 13^2 * 17^1 * 19^2 * 23^1 * 29^3 * 31^1 * 47^1,0,"11,37,41,43,53",
37060485120,2,"2,3,5,11,23,31,37,43,47",2^13 * 3^3 * 5^1 * 11^4 * 23^1 * 31^1 * 37^2 * 43^2 * 47^1,0,"7,13,17,19,29,41,53",
42088572000,2,"2,3,5,7,17,19,29,31,37,43,53",2^5 * 3^5 * 5^3 * 7^4 * 17^1 * 19^1 * 29^1 * 31^2 * 37^1 * 43^1 * 53^1,0,"11,13,23,41,47",
45105689160,2,"2,3,5,7,13,17,19,23,31,37,41",2^3 * 3^5 * 5^1 * 7^1 * 13^2 * 17^2 * 19^1 * 23^1 * 31^4 * 37^1 * 41^1,0,"11,29,43,47,53",
61234471935,2,"2,3,5,7,11,13,19,23,29,37,47,53",2^10 * 3^4 * 5^1 * 7^1 * 11^2 * 13^1 * 19^2 * 23^1 * 29^1 * 37^2 * 47^1 * 53^1,0,"17,31,41,43",
61839752975,2,"2,3,5,7,11,13,17,23,29,37,47,53",2^4 * 3^2 * 5^2 * 7^3 * 11^1 * 13^1 * 17^2 * 23^2 * 29^1 * 37^1 * 47^1 * 53^2,0,"19,31,41,43",
63927525375,2,"2,3,5,7,11,13,23,41",2^13 * 3^3 * 5^3 * 7^7 * 11^4 * 13^1 * 23^1 * 41^1,0,"17,19,29,31,37,43,47,53",
93876912128,2,"2,3,7,11,13,19,29,31,43,53",2^23 * 3^1 * 7^1 * 11^2 * 13^1 * 19^2 * 29^1 * 31^1 * 43^2 * 53^1,0,"5,17,23,37,41,47",
192459125000,2,"2,3,5,11,13,17,31,37,41,47",2^3 * 3^1 * 5^6 * 11^2 * 13^1 * 17^1 * 31^3 * 37^2 * 41^1 * 47^2,0,"7,19,23,29,43,53",
235514148804,2,"2,3,5,11,13,19,29,37,43,53",2^2 * 3^6 * 5^1 * 11^2 * 13^4 * 19^2 * 29^2 * 37^1 * 43^2 * 53^1,0,"7,17,23,31,41,47",
284582707199,2,"2,3,5,7,11,17,19,29,31,41,43,47",2^15 * 3^2 * 5^2 * 7^3 * 11^3 * 17^1 * 19^1 * 29^1 * 31^1 * 41^1 * 43^1 * 47^1,0,"13,23,37,53",
421138799639,2,"2,3,5,13,17,19,23,31,37,41,43",2^3 * 3^5 * 5^1 * 13^4 * 17^1 * 19^1 * 23^2 * 31^1 * 37^1 * 41^1 * 43^3,0,"7,11,29,47,53",
534326370336,2,"2,3,11,17,19,23,29,31,41,43,53",2^5 * 3^11 * 11^2 * 17^1 * 19^1 * 23^2 * 29^2 * 31^1 * 41^1 * 43^1 * 53^1,0,"5,7,13,37,47",
629221188700,2,"2,5,7,13,17,23,29,31,37,41,43,53",2^2 * 5^2 * 7^5 * 13^2 * 17^1 * 23^1 * 29^1 * 31^2 * 37^2 * 41^1 * 43^1 * 53^1,0,"3,11,19,47",
1109496723125,2,"2,3,5,7,11,17,19,23,29,31,41,43,47",2^1 * 3^1 * 5^4 * 7^1 * 11^2 * 17^1 * 19^2 * 23^1 * 29^2 * 31^2 * 41^2 * 43^1 * 47^1,0,"13,37,53",
1453579866024,2,"2,3,5,7,11,13,19,29,37,41,47,53",2^3 * 3^1 * 5^2 * 7^6 * 11^2 * 13^2 * 19^2 * 29^1 * 37^2 * 41^1 * 47^1 * 53^1,0,"17,23,31,43",
